"","convergence","mu","x_C","x_W","x_CO2","C","AA","NT","ADP","ATP","CI1","CI2","LIP","rRNA","mRNA","tRNA","DNA","TC","p","tau tC","tau tW","tau tCO2","tau FERM","tau ATPS","tau ADPS","tau EAA","tau ENT","tau LIPS","tau Maint","tau rRNAp","tau mRNAp","tau tRNAp","tau DNAp","tau tRNAc","tau r","v tC","v tW","v tCO2","v FERM","v ATPS","v ADPS","v EAA","v ENT","v LIPS","v Maint","v rRNAp","v mRNAp","v tRNAp","v DNAp","v tRNAc","v r","p tC","p tW","p tCO2","p FERM","p ATPS","p ADPS","p EAA","p ENT","p LIPS","p Maint","p rRNAp","p mRNAp","p tRNAp","p DNAp","p tRNAc","p r","f tC","f tW","f tCO2","f FERM","f ATPS","f ADPS","f EAA","f ENT","f LIPS","f Maint","f rRNAp","f mRNAp","f tRNAp","f DNAp","f tRNAc","f r"
"1",-1,0.212949913121259,0.1,0.001,0.001,3.40000000000006,11.9,11.9,1.70000000000178,6.79999999999895,3.40000000000008,7.82000000000001,34,54.74,4.08,3.05999999999528,4.08,6.12000000000265,187,0.0256573083778972,0.00715632160176884,0.00694411416174753,0.00118639343046399,0.13587157630944,0.0885385081867916,0.159454305412936,0.013404867344232,0.0921107266436609,0.0186819172113299,0.263733728785632,0.395600593178448,1.97800296589224,0.278351046300873,0.000211316914309069,0.00874601733851844,88.0110111711872,0,15.6080407099593,256.711681234828,863.665451528377,1.81007426153082,52.2094009313259,58.9218248739309,40.22387247846,579.802987453513,11.6568782442577,0.868835645534735,1.94116174489194,0.868835645534735,3983.53522112364,3982.16337536754,2.2581256542697,0,0.10838401653116,0.304561052140365,117.347586303165,0.160261274823247,8.32501376153006,0.78983924611511,3.7050501224129,10.8318314104883,3.07431196535819,0.343711896748121,3.83962368867282,0.241841310998088,0.841788370969342,34.8280699257776,1.21557182820721,0,0.215571828207207,3.5455959831413,11.9285914103603,0.0250000000000017,0.721094736842105,0.813803971005357,0.555555555555556,8.008,0.161,0.012,0.0268105263157876,0.012,55.0189473684211,55
"2",-1,0.212643285111364,0.0930232558139535,0.001,0.001,3.40000000000006,11.9,11.9,1.70000000000178,6.79999999999895,3.40000000000008,7.82000000000001,34,54.74,4.08,3.05999999999528,4.08,6.12000000000265,187,0.028281590413944,0.00715632160176884,0.00694411416174753,0.00118639343046399,0.13587157630944,0.0885385081867916,0.159454305412936,0.013404867344232,0.0921107266436609,0.0187486383442275,0.263733728785632,0.395600593178448,1.97800296589224,0.278351046300873,0.000211316914309069,0.00874601733851844,87.8842835251945,0,15.5855665873307,256.34204036116,862.421853845076,1.80746792344672,52.1342242643308,58.8369829426258,40.1659538543688,578.968125238413,11.6400934269961,0.867584603254366,1.93836665306028,0.867584603254366,3977.7993020087,3976.42943158251,2.48550731048248,0,0.108227953657942,0.304122512636215,117.17861672564,0.16003051353745,8.31302651831109,0.788701951280738,3.69971519586166,10.8548639929304,3.0698852429148,0.343216983679915,3.83409498873984,0.241493082070381,0.840576274241246,34.7779207540157,1.21557182820721,0,0.215571828207207,3.5455959831413,11.9285914103603,0.0250000000000017,0.721094736842105,0.813803971005357,0.555555555555556,8.008,0.161,0.012,0.0268105263157876,0.012,55.0189473684211,55
"3",-1,0.212290149674307,0.0865332612222823,0.001,0.001,3.40000000000006,11.9,11.9,1.70000000000178,6.79999999999895,3.40000000000008,7.82000000000001,34,54.74,4.08,3.05999999999528,4.08,6.12000000000265,187,0.0313485751642069,0.00715632160176884,0.00694411416174753,0.00118639343046399,0.13587157630944,0.0885385081867916,0.159454305412936,0.013404867344232,0.0921107266436609,0.0188203635620924,0.263733728785632,0.395600593178448,1.97800296589224,0.278351046300873,0.000211316914309069,0.00874601733851844,87.7383346189927,0,15.5596837297284,255.916334661533,860.989635009075,1.80446627223173,52.0476452686122,58.7392727154926,40.0992504940357,578.006636321228,11.6207627931715,0.866143810671171,1.93514761910466,0.866143810671171,3971.19339440007,3969.82579890953,2.75047177758583,0,0.10804822013992,0.303617458190867,116.984018894773,0.159764751816778,8.29922112468543,0.787392158647842,3.6935711008718,10.8782950368676,3.06478710277646,0.342647005279356,3.82772773002833,0.241092035947346,0.839180334229178,34.7201652681606,1.21557182820721,0,0.215571828207207,3.5455959831413,11.9285914103603,0.0250000000000017,0.721094736842105,0.813803971005357,0.555555555555556,8.008,0.161,0.012,0.0268105263157876,0.012,55.0189473684211,55
"4",-1,0.211879616226093,0.0804960569509603,0.001,0.001,3.40000000000006,11.9,11.9,1.70000000000178,6.79999999999895,3.40000000000008,7.82000000000001,34,54.74,4.08,3.05999999999528,4.08,6.12000000000265,187,0.0349702561243032,0.00715632160176884,0.00694411416174753,0.00118639343046399,0.13587157630944,0.0885385081867916,0.159454305412936,0.013404867344232,0.0921107266436609,0.0188974681712972,0.263733728785632,0.395600593178448,1.97800296589224,0.278351046300873,0.000211316914309069,0.00874601733851844,87.5686634349696,0,15.529593918098,255.421435508256,859.324625849305,1.80097673792191,51.9469938756186,58.625680840361,40.0217052871508,576.888868691107,11.5982901922163,0.864468834202458,1.93140536904694,0.864468834202458,3963.51377421878,3962.14882342793,3.06229858878379,0,0.107839273052853,0.303030313086677,116.757791475665,0.15945579365472,8.2831718267268,0.785869474630321,3.68642835551791,10.9017390344658,3.05886031993103,0.341984383594773,3.82032554831503,0.24062580449475,0.837557500589403,34.6530223074911,1.21557182820721,0,0.215571828207207,3.5455959831413,11.9285914103603,0.0250000000000017,0.721094736842105,0.813803971005357,0.555555555555556,8.008,0.161,0.012,0.0268105263157876,0.012,55.0189473684211,55
"5",-1,0.211396982290214,0.0748800529776375,0.001,0.001,3.40000000000006,11.9,11.9,1.70000000000178,6.79999999999895,3.40000000000008,7.82000000000001,34,54.74,4.08,3.05999999999528,4.08,6.12000000000265,187,0.0392996254725662,0.00715632160176884,0.00694411416174753,0.00118639343046399,0.13587157630944,0.0885385081867916,0.159454305412936,0.013404867344232,0.0921107266436609,0.0189803556261923,0.263733728785632,0.395600593178448,1.97800296589224,0.278351046300873,0.000211316914309069,0.00874601733851844,87.3691935216006,0,15.4942195429279,254.839619027167,857.367197221868,1.79687434946694,51.8286654466842,58.4921392397506,39.9305410992626,575.574791621211,11.5718708105663,0.862499687744073,1.92700588130175,0.862499687744073,3954.48541043923,3953.123568827,3.43357658323907,0,0.107593629353271,0.302340049835777,116.491832562542,0.159092574300914,8.26430384928046,0.784079367189201,3.67803115592765,10.9246142344421,3.05189263789626,0.341205388087781,3.81162334850666,0.240077690517739,0.835649654614248,34.5740872742668,1.21557182820721,0,0.215571828207207,3.5455959831413,11.9285914103603,0.0250000000000017,0.721094736842105,0.813803971005357,0.555555555555556,8.008,0.161,0.012,0.0268105263157876,0.012,55.0189473684211,55
"6",4,0.702177144348984,0.0696558632350116,0.001,0.001,1.66823438056117,5.69621219150581,9.42552209620907,4.16997820579788,20.19794279072,7.97379592261316,0.0021765610431009,27.8413008156244,45.6348374924471,14.1188182372585,1.20265604113996,10.5812652036466,8.21364094245538,183.273619647334,0.0213281737563616,0.0071017969493096,5.98998138991884,0.00186297878916006,0.0389501650002948,0.114217115043177,0.158268396285788,0.0194905187273927,0.0335833546574494,0.0151971993087373,0.16675243760113,0.250128656401695,1.25064328200848,0.179618951155581,0.00030036157701006,0.00473174402857903,992.082746611742,753.342057248221,0.000459913867623438,4323.92515097952,0.0994122642684638,17.1105971790565,172.58488470032,238.526215642095,108.60847278709,1909.92858592744,32.0437398732764,9.91391147142054,6.55119872689619,7.42992258429585,12875.1256677853,12869.0546878467,21.1593132004236,5.35008232395203,0.00275487550802999,8.05538084219055,0.00387212409630958,1.95432304645777,27.3147329246873,4.64899967294637,3.64743686041277,29.0255653857942,5.34337173372538,2.47975335603178,8.19321267689521,1.33455490175838,3.86719304977868,60.8930726726754,4.15549046945454,3.15548854148091,1.92641964614986e-06,18.1114224764984,0.000416403488645861,0.0716703558721113,0.722898211861315,0.999103571956076,0.454923215941575,8.00002828722345,0.134220110271903,0.0415259359919369,0.0274406988389789,0.0311213682460195,53.9294350075516,53.9040057786276
"7",-1,0.695018181281095,0.0647961518465225,0.001,0.001,1.66823438056117,5.69621219150581,9.42552209620907,4.16997820579788,20.19794279072,7.97379592261316,0.0021765610431009,27.8413008156244,45.6348374924471,14.1188182372585,1.20265604113996,10.5812652036466,8.21364094245538,183.273619647334,0.0230840698262373,0.0071017969493096,5.98998138991884,0.00186297878916006,0.0389501650002948,0.114217115043177,0.158268396285788,0.0194905187273927,0.0335833546574494,0.0152735355734837,0.16675243760113,0.250128656401695,1.25064328200848,0.179618951155581,0.00030036157701006,0.00473174402857903,981.968085659813,745.661448432154,0.000455224870809423,4279.84108941002,0.0983987184216348,16.9361481326012,170.82531615613,236.094350147401,107.501168096528,1890.45613753034,31.7170417570589,9.81283537309777,6.48440676405078,7.3541716974914,12743.8588643983,12737.8497804093,22.6678198565076,5.29553619969324,0.00272678850437665,7.97325317054654,0.00383264631834022,1.93439797964961,27.0362488330434,4.60160135297953,3.6102498542758,28.8739490666803,5.2888940264864,2.45447132736398,8.10967975727044,1.32094860692146,3.82776554570429,60.2722446353884,4.15549046945454,3.15548854148091,1.92641964614986e-06,18.1114224764984,0.000416403488645861,0.0716703558721113,0.722898211861315,0.999103571956076,0.454923215941575,8.00002828722345,0.134220110271903,0.0415259359919369,0.0274406988389789,0.0311213682460195,53.9294350075516,53.9040057786276
"8",-1,0.688038869601555,0.0602754900897883,0.001,0.001,1.54164765930165,5.8105687983827,9.29901721835511,4.22337229341177,20.0785265994926,8.16667066017606,0.00121970339788648,28.3879645393306,45.3078547730164,14.0312110778669,1.1940040436545,10.4791336562768,8.1885324652734,183.290274172874,0.0229428170491125,0.00698993320247681,10.8114801333046,0.00197839986226575,0.0383384288318485,0.115291035003548,0.163158042072667,0.0201270895381174,0.0335486608554576,0.0153674076010558,0.168130871613954,0.252196307420931,1.26098153710466,0.181327104208552,0.000298600548473832,0.00476232694586088,971.866653435498,737.932731169756,0.000708210667391954,4237.78730140144,0.0773707007261472,16.7206510434451,168.944343630305,232.193460043277,108.511239066278,1871.46593890912,31.1735651820976,9.65401860915638,6.39624424916476,7.21005127526828,12617.0138615296,12611.0833050864,22.2973588259039,5.15810049879788,0.00765680556070253,8.38403781340414,0.00296627110345965,1.92774116473194,27.5646283259724,4.67337856045633,3.64040675844004,28.759579894709,5.24123868538048,2.43470784500219,8.06554590500859,1.30737771893957,3.76744725915468,60.0581018403091,4.15446199324341,3.15445897271804,3.02740534464145e-06,18.1153723269407,0.000330738413980084,0.0714761732144243,0.72219048992418,0.992563024381513,0.463855629727624,8.00000091305071,0.133258396391225,0.0412682678760792,0.0273421806774857,0.0308209813419905,53.934255662193,53.9089041684925
"9",-1,0.680316991579242,0.056070223339338,0.001,0.001,1.54164765930165,5.8105687983827,9.29901721835511,4.22337229341177,20.0785265994926,8.16667066017606,0.00121970339788648,28.3879645393306,45.3078547730164,14.0312110778669,1.1940040436545,10.4791336562768,8.1885324652734,183.290274172874,0.0249134574548697,0.00698993320247681,10.8114801333046,0.00197839986226575,0.0383384288318485,0.115291035003548,0.163158042072667,0.0201270895381174,0.0335486608554576,0.0154556915471812,0.168130871613954,0.252196307420931,1.26098153710466,0.181327104208552,0.000298600548473832,0.00476232694586088,960.959368857044,729.650893049092,0.000700262400761512,4190.22650495272,0.0765023673515311,16.5329947444835,167.048276893801,229.587546838008,107.293414624753,1850.46242829127,30.8237034540877,9.54567130870777,6.32445903458586,7.129132683395,12475.4127887574,12469.5487911024,23.9408203518784,5.10021100354071,0.0075708730339333,8.28994354026074,0.00293298056617461,1.90610607579972,27.2552697896054,4.62092911204533,3.59955037926984,28.6001765113178,5.18241612810581,2.40738305591003,7.97502607478751,1.29270498499856,3.72516510116042,59.3840682105941,4.15446199324341,3.15445897271804,3.02740534464145e-06,18.1153723269407,0.000330738413980084,0.0714761732144243,0.72219048992418,0.992563024381513,0.463855629727624,8.00000091305071,0.133258396391225,0.0412682678760792,0.0273421806774857,0.0308209813419905,53.934255662193,53.9089041684925
"10",4,0.673147728205837,0.0521583472924074,0.001,0.001,1.39508884265812,5.5902145594782,8.99605899779507,4.27645098191578,19.7454279728603,7.89113807701006,0.000965111755614912,28.6725186160009,44.5808744228949,13.8715247442986,1.189733360698,10.2131219809019,8.14976521242144,185.427116304289,0.024451349116932,0.00696929783694009,13.7798929807498,0.00207565315034778,0.0384647859860305,0.117306654101451,0.171108077597575,0.0218431445307625,0.0347150191029887,0.0155846977431566,0.171748913170311,0.257623369755466,1.28811684877733,0.185793595808506,0.000305933323862689,0.00483080199010602,953.652560739049,724.782322250168,1.14475264882432e-05,4161.9265836167,0.0330555156122584,16.170273245643,165.979181850121,223.584144943525,107.226893157226,1830.96182088672,30.0095143392014,9.33758536837568,6.22911492141259,6.87493985933319,12487.7589413657,12481.9842087992,23.3180916988867,5.05122387071051,0.000157745689902291,8.63871602480015,0.00127147333368341,1.89688065035258,28.4003787275925,4.88378079278836,3.72238364430721,28.5349865577791,5.15410147252669,2.40558020798028,8.02382788324183,1.27731979743274,3.82042160052801,60.2979941563391,4.16678294412104,3.16678289650062,5.00175431675247e-08,18.1846569885563,0.00014442907651351,0.0706525851611055,0.725210891769937,0.976903581116152,0.468505206143806,8.00000000072897,0.131120218890867,0.0407986021891136,0.0272167987378939,0.0300385940614761,54.5626186195663,54.5373871483204
"11",-1,0.665064188290533,0.0485193928301464,0.001,0.001,1.39508884265812,5.5902145594782,8.99605899779507,4.27645098191578,19.7454279728603,7.89113807701006,0.000965111755614912,28.6725186160009,44.5808744228949,13.8715247442986,1.189733360698,10.2131219809019,8.14976521242144,185.427116304289,0.0266183527781456,0.00696929783694009,13.7798929807498,0.00207565315034778,0.0384647859860305,0.117306654101451,0.171108077597575,0.0218431445307625,0.0347150191029887,0.0156869446052603,0.171748913170311,0.257623369755466,1.28811684877733,0.185793595808506,0.000305933323862689,0.00483080199010602,942.200559614998,716.0787248282,1.13100580939788e-05,4111.94780740824,0.0326585662225831,15.9760914282715,163.986009645305,220.899219652464,105.939251775533,1808.97459231509,29.6491430613448,9.22545434441902,6.15431217456464,6.7923816801407,12337.7988454975,12332.0934591967,25.0798268835982,4.99056590802399,0.000155851390141092,8.53497742051254,0.00125620476036226,1.87410183106939,28.0593308633056,4.82513358160142,3.67768314914394,28.3772842219701,5.09220809721702,2.37669263573443,7.92747320469216,1.26198101645716,3.77454380995228,59.5739016248607,4.16678294412104,3.16678289650062,5.00175431675247e-08,18.1846569885563,0.00014442907651351,0.0706525851611055,0.725210891769937,0.976903581116152,0.468505206143806,8.00000000072897,0.131120218890867,0.0407986021891136,0.0272167987378939,0.0300385940614761,54.5626186195663,54.5373871483204
"12",-1,0.656126203346144,0.0451343189117641,0.001,0.001,1.39508884265812,5.5902145594782,8.99605899779507,4.27645098191578,19.7454279728603,7.89113807701006,0.000965111755614912,28.6725186160009,44.5808744228949,13.8715247442986,1.189733360698,10.2131219809019,8.14976521242144,185.427116304289,0.029088230454749,0.00696929783694009,13.7798929807498,0.00207565315034778,0.0384647859860305,0.117306654101451,0.171108077597575,0.0218431445307625,0.0347150191029887,0.0157968599820218,0.171748913170311,0.257623369755466,1.28811684877733,0.185793595808506,0.000305933323862689,0.00483080199010602,929.538060919826,706.455141158835,1.11580590377313e-05,4056.68618267816,0.0322196585527037,15.7613842358377,161.782155474375,217.930492822418,104.515504332713,1784.66327326413,29.2506798769452,9.10147086509875,6.07160263986436,6.70109694964019,12171.9876918231,12166.3589818157,27.0386173324964,4.92349628717348,0.000153756859412826,8.42027345504821,0.00123932227077273,1.84891524871347,27.6822336128123,4.76028725238036,3.62825772946863,28.1920758428102,5.02377247835802,2.34475159399794,7.82093365949019,1.24502089813506,3.72381665257518,58.7732711816997,4.16678294412104,3.16678289650062,5.00175431675247e-08,18.1846569885563,0.00014442907651351,0.0706525851611055,0.725210891769937,0.976903581116152,0.468505206143806,8.00000000072897,0.131120218890867,0.0407986021891136,0.0272167987378939,0.0300385940614761,54.5626186195663,54.5373871483204
"13",-1,0.646213803728115,0.0419854129411759,0.001,0.001,1.39508884265812,5.5902145594782,8.99605899779507,4.27645098191578,19.7454279728603,7.89113807701006,0.000965111755614912,28.6725186160009,44.5808744228949,13.8715247442986,1.189733360698,10.2131219809019,8.14976521242144,185.427116304289,0.0319212813486021,0.00696929783694009,13.7798929807498,0.00207565315034778,0.0384647859860305,0.117306654101451,0.171108077597575,0.0218431445307625,0.0347150191029887,0.0159150190120404,0.171748913170311,0.257623369755466,1.28811684877733,0.185793595808506,0.000305933323862689,0.00483080199010602,915.495102914164,695.782399183793,1.09894891199632e-05,3995.39996310246,0.0317329013869297,15.5232697720621,159.338038217741,214.638116869753,102.936540651729,1757.70154630064,28.8087764343443,8.96397076852189,5.97987615282378,6.59986040321782,11988.0998886356,11982.556214133,29.2237767533905,4.8491147696126,0.000151433983986208,8.293064520313,0.00122059926056406,1.82098283767479,27.2640254076066,4.68837140859671,3.57344397512033,27.9738535268675,4.9478760423651,2.3093283557761,7.70277922605407,1.22621179614802,3.66755924572822,57.8853564057912,4.16678294412104,3.16678289650062,5.00175431675247e-08,18.1846569885563,0.00014442907651351,0.0706525851611055,0.725210891769937,0.976903581116152,0.468505206143806,8.00000000072897,0.131120218890867,0.0407986021891136,0.0272167987378939,0.0300385940614761,54.5626186195663,54.5373871483204
"14",-1,0.635183364321302,0.0390561980848148,0.001,0.001,1.39508884265812,5.5902145594782,8.99605899779507,4.27645098191578,19.7454279728603,7.89113807701006,0.000965111755614912,28.6725186160009,44.5808744228949,13.8715247442986,1.189733360698,10.2131219809019,8.14976521242144,185.427116304289,0.0351947201035484,0.00696929783694009,13.7798929807498,0.00207565315034778,0.0384647859860305,0.117306654101451,0.171108077597575,0.0218431445307625,0.0347150191029887,0.0160420399693104,0.171748913170311,0.257623369755466,1.28811684877733,0.185793595808506,0.000305933323862689,0.00483080199010602,899.868211006763,683.905856853303,1.08019058570396e-05,3927.20114570683,0.0311912418867278,15.2582978918136,156.618243986139,210.974387112101,101.179482433759,1727.69875111137,28.3170298003198,8.81096175534979,5.87780364805301,6.48720518005308,11783.4710047251,11778.0219570556,31.6706098164639,4.76634360883838,0.000148849106698141,8.15150743013577,0.0011997644438115,1.78989987297187,26.7986466451762,4.60834402997866,3.51244766551845,27.7158124202563,4.86341909241623,2.26990965819975,7.57129791286194,1.20528117714963,3.60495645111517,56.8972919096565,4.16678294412104,3.16678289650062,5.00175431675247e-08,18.1846569885563,0.00014442907651351,0.0706525851611055,0.725210891769937,0.976903581116152,0.468505206143806,8.00000000072897,0.131120218890867,0.0407986021891136,0.0272167987378939,0.0300385940614761,54.5626186195663,54.5373871483204
"15",4,0.63002358889712,0.0363313470556417,0.001,0.001,1.08798231470273,5.14982807869598,8.44568049022485,4.58730507455418,19.8443047611307,7.65652076053147,0.000884224627974914,30.2582906487954,44.0757703102384,13.9567208687871,1.17117949874256,10.3992604862888,7.95243394914863,185.413839803877,0.0285865695934148,0.00674533050556812,14.605646820753,0.00241045762571262,0.0377200612877986,0.123473042092235,0.193108787656919,0.0269050423032914,0.0367476946915846,0.0161679552232288,0.173816360462271,0.260724540693407,1.30362270346703,0.189139085935064,0.000321517950609178,0.00487443599894149,894.70767786414,680.48705509415,0.0126017446239868,3909.1211086192,0.657941349874737,15.3924905112122,154.873564492462,208.151014200623,105.907982602479,1721.55154443657,27.7687749942615,8.79306337098857,5.69535251996825,6.55177941344766,11686.7831952615,11681.5092784434,25.5766232990258,4.59011009137078,0.184056631303273,9.42277078610533,0.024817588041052,1.90055762879523,29.907446279245,5.60031184254077,3.89187421007756,27.8339682849308,4.82666740399825,2.29256740868901,7.42459084927878,1.23919756950766,3.75751058215424,56.9407693488138,4.17681689473751,3.17675806152969,5.88294715144134e-05,18.2491818210763,0.00307150660924639,0.0718576759873078,0.723005442698973,0.97172371969063,0.494416513869205,8.03682113595987,0.129634618559525,0.0410491790258444,0.0265879518142477,0.0305860602537905,54.5581028338003,54.533482295258
"16",4,0.622728978506685,0.0337966019122248,0.001,0.001,1.06384037444952,5.53157156283344,8.45252506002851,4.65884100941327,19.1057487939338,7.9315005317853,0.000283074558194286,30.6086082858653,43.193664432483,13.4831056158072,1.1651892331561,9.81482014070194,8.0435078812684,186.94679411467,0.0303876717528649,0.00666719221445931,54.7417855144343,0.00241873326374163,0.0367228864456345,0.124136165777983,0.195106510934631,0.0265455991404105,0.0370346096883178,0.0163974683269439,0.17827021773327,0.267405326599905,1.33702663299952,0.193970809396096,0.000312323083821882,0.00497876208866483,883.696170673207,671.967800051941,0.000517859897475144,3863.56734796987,0.0347069313970351,14.7988987328686,153.489865615707,201.049605040141,105.893707618712,1693.82282153818,26.8979465300007,8.39632058722936,5.68179701642858,6.11197292044616,11646.9911665144,11641.7186134128,26.8534691636811,4.48013848487365,0.0283485754341112,9.34493886124076,0.00127453870056975,1.83707854643496,29.946872144106,5.33698222273343,3.92173213010784,27.7744060676271,4.79510278448107,2.24522084886557,7.59671393426224,1.18554433438596,3.63762419837199,57.9613472793632,4.17373604576049,3.17373359955898,2.44587516895005e-06,18.2477992330334,0.000163922369946662,0.0698958523627849,0.724939414743844,0.949566164695148,0.500140658265774,8,0.127040189507303,0.0396561929876682,0.0268353782659221,0.0288671180608881,55.0092537113773,54.9843512101969
"17",4,0.613593343330429,0.0314386994532324,0.001,0.001,1.0068563887006,5.44629335563624,8.35934562722218,4.74896270183035,19.1446815071135,7.84491555703891,6.12559606852741e-05,30.6301877391863,43.2142361272782,13.6628311438316,1.16737820066604,9.81574326278268,8.03240712430437,186.926100394939,0.0315205613805652,0.00667231969075713,-2188.20151783447,0.00249440777717219,0.0365760868947555,0.125650806895059,0.201074736855113,0.0278878099306937,0.0375311396103649,0.0165513937273851,0.178900968335828,0.268351452503743,1.34175726251871,0.194860197916805,0.000314484154302362,0.00496519155416675,870.83658146405,662.214844494557,2.12440814291613e-17,3807.22241213267,0.0018793124857908,14.6609810345135,151.243066158426,198.519554374293,104.413773898478,1668.97389385877,26.5159676248073,8.38342224090273,5.59304670344467,6.02287472588396,11474.8491229075,11469.661089705,27.4492579184792,4.41850914643271,-4.64863312282897e-14,9.49676519424802,6.87378967826832e-05,1.84216409685977,30.4111597289658,5.53627559991631,3.91876792542886,27.6238440379835,4.7437322844395,2.24970353529843,7.50451103395323,1.17361856111387,3.60865822216477,56.9490643717584,4.17423704310017,3.17423704196344,1.01830623030507e-19,18.2494042651807,9.0082295125454e-06,0.0702754241439517,0.724963124779585,0.95157655900922,0.500493263712195,8,0.127100694491995,0.0401847974818576,0.0268095107971436,0.0288698331258314,55.0031329555527,54.9782648220409
"18",-1,0.603724894104238,0.0292453018169604,0.001,0.001,1.0068563887006,5.44629335563624,8.35934562722218,4.74896270183035,19.1446815071135,7.84491555703891,6.12559606852741e-05,30.6301877391863,43.2142361272782,13.6628311438316,1.16737820066604,9.81574326278268,8.03240712430437,186.926100394939,0.0347027867269401,0.00667231969075713,-2188.20151783447,0.00249440777717219,0.0365760868947555,0.125650806895059,0.201074736855113,0.0278878099306937,0.0375311396103649,0.0167217283644853,0.178900968335828,0.268351452503743,1.34175726251871,0.194860197916805,0.000314484154302362,0.00496519155416675,856.830877715958,651.564413487183,2.09024119159249e-17,3745.99068353695,0.00184908741889957,14.4251878198088,148.810617150591,195.326755488772,102.73448249574,1642.13171196353,26.0895101297366,8.2485912854738,5.50309348277725,5.92600856187786,11290.2986104574,11285.1940166253,29.7344192104338,4.34744606590716,-4.57386894808282e-14,9.34402829422916,6.76323821096699e-05,1.81253648917175,29.922055684802,5.44723543144995,3.85574220534621,27.4592804261613,4.66743862561728,2.21352145256661,7.38381564683577,1.1547432012242,3.55062001033083,56.0331500184811,4.17423704310017,3.17423704196344,1.01830623030507e-19,18.2494042651807,9.0082295125454e-06,0.0702754241439517,0.724963124779585,0.95157655900922,0.500493263712195,8,0.127100694491995,0.0401847974818576,0.0268095107971436,0.0288698331258314,55.0031329555527,54.9782648220409
"19",-1,0.592741396761445,0.0272049319227538,0.001,0.001,1.0068563887006,5.44629335563624,8.35934562722218,4.74896270183035,19.1446815071135,7.84491555703891,6.12559606852741e-05,30.6301877391863,43.2142361272782,13.6628311438316,1.16737820066604,9.81574326278268,8.03240712430437,186.926100394939,0.0383943554916162,0.00667231969075713,-2188.20151783447,0.00249440777717219,0.0365760868947555,0.125650806895059,0.201074736855113,0.0278878099306937,0.0375311396103649,0.016904838099368,0.178900968335828,0.268351452503743,1.34175726251871,0.194860197916805,0.000314484154302362,0.00496519155416675,841.24265241579,639.710577287811,2.0522136747585e-17,3677.84030723053,0.0018154471848287,14.1627520421302,146.103322762014,191.773198362275,100.865445908837,1612.25659919113,25.6148666820618,8.09852561591049,5.40297633797257,5.81819737183355,11084.8955104721,11079.8837839266,32.2989694515619,4.26835348122307,-4.49065707802719e-14,9.17403346555322,6.6401953985134e-05,1.7795612219483,29.3776871780295,5.34813450572836,3.78559513226626,27.2549367839637,4.582524453214,2.17325111216835,7.24948274069145,1.13373509139452,3.48602399014087,55.0137453851017,4.17423704310017,3.17423704196344,1.01830623030507e-19,18.2494042651807,9.0082295125454e-06,0.0702754241439517,0.724963124779585,0.95157655900922,0.500493263712195,8,0.127100694491995,0.0401847974818576,0.0268095107971436,0.0288698331258314,55.0031329555527,54.9782648220409
"20",-1,0.580466564437146,0.0253069134165152,0.001,0.001,1.0068563887006,5.44629335563624,8.35934562722218,4.74896270183035,19.1446815071135,7.84491555703891,6.12559606852741e-05,30.6301877391863,43.2142361272782,13.6628311438316,1.16737820066604,9.81574326278268,8.03240712430437,186.926100394939,0.0427159030886,0.00667231969075713,-2188.20151783447,0.00249440777717219,0.0365760868947555,0.125650806895059,0.201074736855113,0.0278878099306937,0.0375311396103649,0.0171016810643669,0.178900968335828,0.268351452503743,1.34175726251871,0.194860197916805,0.000314484154302362,0.00496519155416675,823.821712088573,626.4630799556,2.00971524477043e-17,3601.67745892356,0.0017778518525149,13.869461565849,143.077730490704,187.801847842381,98.7766658057237,1578.86905526904,25.0844191795768,7.93081665454475,5.29108837306388,5.69771076914452,10855.3430707963,10850.4351299883,35.19028841586,4.17996194392011,-4.39766194902172e-14,8.98405226440473,6.50268638435872e-05,1.74270903694893,28.769317008245,5.23738223726139,3.70720083460098,27.0013150256094,4.48762688136811,2.12824616878796,7.09935625118679,1.11025704814821,3.41383338528139,53.8744888664523,4.17423704310017,3.17423704196344,1.01830623030507e-19,18.2494042651807,9.0082295125454e-06,0.0702754241439517,0.724963124779585,0.95157655900922,0.500493263712195,8,0.127100694491995,0.0401847974818576,0.0268095107971436,0.0288698331258314,55.0031329555527,54.9782648220409
"21",-1,0.566683528731829,0.0235413148060607,0.001,0.001,1.0068563887006,5.44629335563624,8.35934562722218,4.74896270183035,19.1446815071135,7.84491555703891,6.12559606852741e-05,30.6301877391863,43.2142361272782,13.6628311438316,1.16737820066604,9.81574326278268,8.03240712430437,186.926100394939,0.0478291096380234,0.00667231969075713,-2188.20151783447,0.00249440777717219,0.0365760868947555,0.125650806895059,0.201074736855113,0.0278878099306937,0.0375311396103649,0.0173132872517407,0.178900968335828,0.268351452503743,1.34175726251871,0.194860197916805,0.000314484154302362,0.00496519155416675,804.260268298021,611.587868310182,1.96199505092421e-17,3516.15651412373,0.00173563719785045,13.540134614587,139.680384995186,183.342539188064,96.4312381875583,1541.37919815057,24.4887958200565,7.7425013650536,5.16545278191378,5.56242002927936,10597.5856213499,10592.7942183884,38.4670525499322,4.08070977635421,-4.29324054841607e-14,8.7707281545849,6.34828169663479e-05,1.70132883979057,28.0861966567279,5.1130218850875,3.6191742632176,26.6863408214387,4.38106928558649,2.07771148732434,6.93078378433031,1.08389426780178,3.33277275177709,52.5952523881686,4.17423704310017,3.17423704196344,1.01830623030507e-19,18.2494042651807,9.0082295125454e-06,0.0702754241439517,0.724963124779585,0.95157655900922,0.500493263712195,8,0.127100694491995,0.0401847974818576,0.0268095107971436,0.0288698331258314,55.0031329555527,54.9782648220409
"22",-1,0.551121947191761,0.0218988974940099,0.001,0.001,1.0068563887006,5.44629335563624,8.35934562722218,4.74896270183035,19.1446815071135,7.84491555703891,6.12559606852741e-05,30.6301877391863,43.2142361272782,13.6628311438316,1.16737820066604,9.81574326278268,8.03240712430437,186.926100394939,0.0539557983024342,0.00667231969075713,-2188.20151783447,0.00249440777717219,0.0365760868947555,0.125650806895059,0.201074736855113,0.0278878099306937,0.0375311396103649,0.0175407639031676,0.178900968335828,0.268351452503743,1.34175726251871,0.194860197916805,0.000314484154302362,0.00496519155416675,782.174640059337,594.793177801136,1.90811710244299e-17,3419.60005266344,0.00168797521649947,13.1683117219401,135.844650250054,178.307806875087,93.7831594981643,1499.05169636159,23.8163139608701,7.52988610414069,5.0236053298853,5.4096715401192,10306.5674702779,10301.9076430621,42.2028571163206,3.96865023217053,-4.17534473977166e-14,8.52987696618212,6.17395281948782e-05,1.65460899330744,27.3149273022045,4.97261422729127,3.51978885222672,26.2945118845215,4.26076162978977,2.0206558732339,6.74045893540131,1.05412966697253,3.24125215465058,51.1509448211381,4.17423704310017,3.17423704196344,1.01830623030507e-19,18.2494042651807,9.0082295125454e-06,0.0702754241439517,0.724963124779585,0.95157655900922,0.500493263712195,8,0.127100694491995,0.0401847974818576,0.0268095107971436,0.0288698331258314,55.0031329555527,54.9782648220409
"23",-1,0.533439793542866,0.0203710674362883,0.001,0.001,1.0068563887006,5.44629335563624,8.35934562722218,4.74896270183035,19.1446815071135,7.84491555703891,6.12559606852741e-05,30.6301877391863,43.2142361272782,13.6628311438316,1.16737820066604,9.81574326278268,8.03240712430437,186.926100394939,0.0614087937390761,0.00667231969075713,-2188.20151783447,0.00249440777717219,0.0365760868947555,0.125650806895059,0.201074736855113,0.0278878099306937,0.0375311396103649,0.0177853013034515,0.178900968335828,0.268351452503743,1.34175726251871,0.194860197916805,0.000314484154302362,0.00496519155416675,757.079409799915,575.709879789172,1.846897221875e-17,3309.88587078941,0.00163381835106205,12.7458206338056,131.486221066928,172.586993080557,90.7742279098376,1450.95623843659,23.052193197848,7.28829782457655,4.86242836756858,5.23610805956857,9975.89236192708,9971.38204024493,46.4913333205044,3.84132036708071,-4.04138330419113e-14,8.25620505764947,5.97586819786918e-05,1.60152264717736,26.4385573011058,4.81307325954053,3.4068602207072,25.8056938787174,4.12405968535959,1.95582530750498,6.52419857566216,1.02030905280131,3.13726007285203,49.5098218895942,4.17423704310017,3.17423704196344,1.01830623030507e-19,18.2494042651807,9.0082295125454e-06,0.0702754241439517,0.724963124779585,0.95157655900922,0.500493263712195,8,0.127100694491995,0.0401847974818576,0.0268095107971436,0.0288698331258314,55.0031329555527,54.9782648220409
"24",-1,0.51319707910208,0.0189498301732914,0.001,0.001,1.0068563887006,5.44629335563624,8.35934562722218,4.74896270183035,19.1446815071135,7.84491555703891,6.12559606852741e-05,30.6301877391863,43.2142361272782,13.6628311438316,1.16737820066604,9.81574326278268,8.03240712430437,186.926100394939,0.070643955162901,0.00667231969075713,-2188.20151783447,0.00249440777717219,0.0365760868947555,0.125650806895059,0.201074736855113,0.0278878099306937,0.0375311396103649,0.0180481790087567,0.178900968335828,0.268351452503743,1.34175726251871,0.194860197916805,0.000314484154302362,0.00496519155416675,728.350127719563,553.86312062651,1.77681206228165e-17,3184.28392784288,0.00157181900506462,12.2621484171342,126.496645751824,166.037745612684,87.3295715561043,1395.89605515766,22.1774197561468,7.0117250352793,4.67791129530492,5.037410771676,9597.33203924603,9592.9928730625,51.453533765514,3.69555180574046,-3.88802285159129e-14,7.9429025943357,5.74909885120716e-05,1.54074884287988,25.4352797576024,4.6304290909674,3.2775783421855,25.1933818811027,3.96756186956479,1.88160659777406,6.27662145389369,0.98159085995703,3.01820884992125,47.6310471925118,4.17423704310017,3.17423704196344,1.01830623030507e-19,18.2494042651807,9.0082295125454e-06,0.0702754241439517,0.724963124779585,0.95157655900922,0.500493263712195,8,0.127100694491995,0.0401847974818576,0.0268095107971436,0.0288698331258314,55.0031329555527,54.9782648220409
"25",-1,0.489816997179814,0.0176277489984106,0.001,0.001,1.0068563887006,5.44629335563624,8.35934562722218,4.74896270183035,19.1446815071135,7.84491555703891,6.12559606852741e-05,30.6301877391863,43.2142361272782,13.6628311438316,1.16737820066604,9.81574326278268,8.03240712430437,186.926100394939,0.0823525241446815,0.00667231969075713,-2188.20151783447,0.00249440777717219,0.0365760868947555,0.125650806895059,0.201074736855113,0.0278878099306937,0.0375311396103649,0.0183307725419597,0.178900968335828,0.268351452503743,1.34175726251871,0.194860197916805,0.000314484154302362,0.00496519155416675,695.168166349144,528.630387118699,1.69586457978759e-17,3039.21525514704,0.00150021053611213,11.7035130581076,120.733748687515,158.473446725003,83.3510365636789,1332.30223232909,21.1670673752829,6.69228692384642,4.46479638533566,4.8079178900642,9160.0996027221,9155.95811899815,57.2488532038819,3.52719094110466,-3.71089344753292e-14,7.58104216893914,5.48718309292652e-05,1.47055585925807,24.2765067468733,4.4194773613288,3.12825938994006,24.4221291779698,3.78680885026782,1.79588491658599,5.99067297569142,0.936871831625658,2.88070617688746,45.4610859227542,4.17423704310017,3.17423704196344,1.01830623030507e-19,18.2494042651807,9.0082295125454e-06,0.0702754241439517,0.724963124779585,0.95157655900922,0.500493263712195,8,0.127100694491995,0.0401847974818576,0.0268095107971436,0.0288698331258314,55.0031329555527,54.9782648220409
"26",-1,0.462526854935879,0.0163979060450332,0.001,0.001,1.0068563887006,5.44629335563624,8.35934562722218,4.74896270183035,19.1446815071135,7.84491555703891,6.12559606852741e-05,30.6301877391863,43.2142361272782,13.6628311438316,1.16737820066604,9.81574326278268,8.03240712430437,186.926100394939,0.097635631807483,0.00667231969075713,-2188.20151783447,0.00249440777717219,0.0365760868947555,0.125650806895059,0.201074736855113,0.0278878099306937,0.0375311396103649,0.018634560590153,0.178900968335828,0.268351452503743,1.34175726251871,0.194860197916805,0.000314484154302362,0.00496519155416675,656.436888642668,499.177757785708,1.6013795254197e-17,2869.88545013732,0.00141662634209259,11.0514521089196,114.007070776588,149.644102443542,78.7071355616743,1258.07304542559,19.9877447244064,6.3194263184764,4.21604036186658,4.54004486019292,8649.74487316761,8645.83413210996,64.0916303643653,3.33067358246157,-3.50414110815242e-14,7.15866458641587,5.18146481857781e-05,1.38862387484784,22.9239417560247,4.17324628619475,2.95396849309712,23.4436383918215,3.57582688604566,1.69582723155352,5.65690277460651,0.884674040008364,2.7202077013693,42.928222611479,4.17423704310017,3.17423704196344,1.01830623030507e-19,18.2494042651807,9.0082295125454e-06,0.0702754241439517,0.724963124779585,0.95157655900922,0.500493263712195,8,0.127100694491995,0.0401847974818576,0.0268095107971436,0.0288698331258314,55.0031329555527,54.9782648220409
"27",-1,0.430265357799522,0.0152538660884029,0.001,0.001,1.0068563887006,5.44629335563624,8.35934562722218,4.74896270183035,19.1446815071135,7.84491555703891,6.12559606852741e-05,30.6301877391863,43.2142361272782,13.6628311438316,1.16737820066604,9.81574326278268,8.03240712430437,186.926100394939,0.118361088853781,0.00667231969075713,-2188.20151783447,0.00249440777717219,0.0365760868947555,0.125650806895059,0.201074736855113,0.0278878099306937,0.0375311396103649,0.0189611327419608,0.178900968335828,0.268351452503743,1.34175726251871,0.194860197916805,0.000314484154302362,0.00496519155416675,610.650062262434,464.359840444304,1.48968244140776e-17,2669.70939496726,0.00131781589208089,10.2806073746956,106.055016213414,139.206345736152,73.2172704837085,1170.3217732147,18.5935887693364,5.87864293065514,3.92196927689146,4.22337428702944,8046.42051161329,8042.78254684978,72.2772062780109,3.09835730699337,-3.25972537937982e-14,6.65934387759602,4.82005485800404e-05,1.29176661200179,21.3249844772769,3.88216011103623,2.74792760041391,22.1906264927309,3.32641103567246,1.57754236919216,5.26233076064438,0.822967549447301,2.53047174975588,39.9339559736183,4.17423704310017,3.17423704196344,1.01830623030507e-19,18.2494042651807,9.0082295125454e-06,0.0702754241439517,0.724963124779585,0.95157655900922,0.500493263712195,8,0.127100694491995,0.0401847974818576,0.0268095107971436,0.0288698331258314,55.0031329555527,54.9782648220409
"28",4,0.497894410642053,0.014189642872933,0.001,0.001,0.579420563326997,5.44666820933693,6.83704442045721,5.37139455367716,17.4995711904035,7.91320514369882,0.000910949076176038,35.3305252788892,39.2740074081999,12.6193195386662,1.08289192918818,8.61627560804281,7.68659655004839,191.742167954121,0.0490655853916335,0.00607871015200203,12.7937123493883,0.00367504025287624,0.0341441061030773,0.146196395441017,0.281227456669761,0.0442628620294908,0.0437209262147917,0.019558150245673,0.203781754821509,0.305672632232263,1.52836316116132,0.226303236256257,0.000331086083484043,0.00544497028359063,710.373294990094,541.08908873017,0.000106991579597707,3120.20711544325,0.0280274016502649,11.3873260099635,122.841924275456,147.439637747457,97.7270614522594,1354.27426728159,19.5543087720573,6.28308866440794,4.32599389316894,4.28999546579597,9550.76391135796,9546.73537087467,34.8548815652725,3.28912373680161,0.00136881949317974,11.4668867465648,0.000956970575740208,1.6647860163684,34.5465219364058,6.5261003432938,4.27271764294265,26.487099593342,3.98481135589146,1.92056825059827,6.61168970172823,0.970839857434296,3.16212501769225,51.9816903997162,4.19633797026327,3.19633734030673,6.3202379809416e-07,18.4317790181045,0.000165564289342361,0.0672675463061187,0.725655419217988,0.87095975392789,0.577296164687732,8.00000868560727,0.115511786494706,0.0371156457019594,0.0255546380488374,0.0253419870824788,56.4185527931628,56.3947552806239
"29",-1,0.48559444957571,0.0131996677887749,0.001,0.001,0.579420563326997,5.44666820933693,6.83704442045721,5.37139455367716,17.4995711904035,7.91320514369882,0.000910949076176038,35.3305252788892,39.2740074081999,12.6193195386662,1.08289192918818,8.61627560804281,7.68659655004839,191.742167954121,0.0551738751917849,0.00607871015200203,12.7937123493883,0.00367504025287624,0.0341441061030773,0.146196395441017,0.281227456669761,0.0442628620294908,0.0437209262147917,0.0199403515399176,0.203781754821509,0.305672632232263,1.52836316116132,0.226303236256257,0.000331086083484043,0.00544497028359063,692.82426514724,527.722048284343,0.000104348464440456,3043.12565957917,0.0273350139838831,11.1060140217616,119.807242918109,143.797295585811,95.3128165334607,1320.81833685804,19.0712400100172,6.12787152539861,4.21912473512678,4.18401561128016,9314.82227041436,9310.89325081349,38.2257995350739,3.20786937234134,0.00133500423815157,11.183609293514,0.000933329617794804,1.62365921769895,33.6930862164759,6.36487985472867,4.16716461898341,26.3375819573187,3.88637075586347,1.87312261914973,6.44835481751226,0.946856273379402,3.08400802386144,50.697537064364,4.19633797026327,3.19633734030673,6.3202379809416e-07,18.4317790181045,0.000165564289342361,0.0672675463061187,0.725655419217988,0.87095975392789,0.577296164687732,8.00000868560727,0.115511786494706,0.0371156457019594,0.0255546380488374,0.0253419870824788,56.4185527931628,56.3947552806239
"30",-1,0.4717203176533,0.012278760733744,0.001,0.001,0.579420563326997,5.44666820933693,6.83704442045721,5.37139455367716,17.4995711904035,7.91320514369882,0.000910949076176038,35.3305252788892,39.2740074081999,12.6193195386662,1.08289192918818,8.61627560804281,7.68659655004839,191.742167954121,0.0625304270993772,0.00607871015200203,12.7937123493883,0.00367504025287624,0.0341441061030773,0.146196395441017,0.281227456669761,0.0442628620294908,0.0437209262147917,0.0203512179312307,0.203781754821509,0.305672632232263,1.52836316116132,0.226303236256257,0.000331086083484043,0.00544497028359063,673.029279306487,512.644270268843,0.000101367078712484,2956.17918213413,0.0265540133146112,10.7886992258353,116.384177652518,139.688800007275,92.5895922634199,1283.0806570573,18.5263472501141,5.95278942134811,4.09857827249031,4.06447226681434,9048.68439934428,9044.86763748505,42.0848082854207,3.11621593004889,0.00129686124674532,10.8640774890577,0.000906663048076613,1.57726893831442,32.7304262778194,6.18302608178717,4.04810273160663,26.1122540751197,3.77533155306089,1.81960481154785,6.26411604481039,0.919803227653889,2.99589347846206,49.2490355051168,4.19633797026327,3.19633734030673,6.3202379809416e-07,18.4317790181045,0.000165564289342361,0.0672675463061187,0.725655419217988,0.87095975392789,0.577296164687732,8.00000868560727,0.115511786494706,0.0371156457019594,0.0255546380488374,0.0253419870824788,56.4185527931628,56.3947552806239
"31",-1,0.455960960050396,0.011422103008134,0.001,0.001,0.579420563326997,5.44666820933693,6.83704442045721,5.37139455367716,17.4995711904035,7.91320514369882,0.000910949076176038,35.3305252788892,39.2740074081999,12.6193195386662,1.08289192918818,8.61627560804281,7.68659655004839,191.742167954121,0.0715351807677957,0.00607871015200203,12.7937123493883,0.00367504025287624,0.0341441061030773,0.146196395441017,0.281227456669761,0.0442628620294908,0.0437209262147917,0.0207928993018921,0.203781754821509,0.305672632232263,1.52836316116132,0.226303236256257,0.000331086083484043,0.00544497028359063,650.544538469839,495.517714392604,9.79805804362617e-05,2857.41836322076,0.0256668897883255,10.4282674979506,112.495984148218,135.022039492514,89.4963345847062,1240.21515783834,17.9074141228692,5.75391705203295,3.96165188148601,3.92868529830201,8746.38354871631,8742.69429825054,46.5368211569421,3.01210856097516,0.00125353536192764,10.501127504144,0.000876373008268576,1.52457511889509,31.6369595075652,5.9764619049976,3.91286264087225,25.7876688896128,3.64920427427376,1.75881497094102,6.05484279300865,0.889074197238123,2.89580587379375,47.6037106524915,4.19633797026327,3.19633734030673,6.3202379809416e-07,18.4317790181045,0.000165564289342361,0.0672675463061187,0.725655419217988,0.87095975392789,0.577296164687732,8.00000868560727,0.115511786494706,0.0371156457019594,0.0255546380488374,0.0253419870824788,56.4185527931628,56.3947552806239
"32",-1,0.43791090488444,0.0106252121005898,0.001,0.001,0.579420563326997,5.44666820933693,6.83704442045721,5.37139455367716,17.4995711904035,7.91320514369882,0.000910949076176038,35.3305252788892,39.2740074081999,12.6193195386662,1.08289192918818,8.61627560804281,7.68659655004839,191.742167954121,0.0827787950533069,0.00607871015200203,12.7937123493883,0.00367504025287624,0.0341441061030773,0.146196395441017,0.281227456669761,0.0442628620294908,0.0437209262147917,0.0212677067753531,0.203781754821509,0.305672632232263,1.52836316116132,0.226303236256257,0.000331086083484043,0.00544497028359063,624.791533638034,475.901732183279,9.41018385328508e-05,2744.30218967237,0.0246508186392372,10.0154453045713,108.042623229776,129.676943146567,85.9534571940053,1191.1189544832,17.198516122563,5.5261376382032,3.80482258846664,3.77316104825175,8400.14183201431,8396.59862732935,51.7194903140642,2.89286869077785,0.00120391185373788,10.0854210131024,0.000841680167145831,1.46422200226498,30.3845521428391,5.73987264290262,3.75796475988536,25.332368658514,3.5047437957819,1.68918903794736,5.81515067896687,0.853878556135423,2.7811700598721,45.7192300090462,4.19633797026327,3.19633734030673,6.3202379809416e-07,18.4317790181045,0.000165564289342361,0.0672675463061187,0.725655419217988,0.87095975392789,0.577296164687732,8.00000868560727,0.115511786494706,0.0371156457019594,0.0255546380488374,0.0253419870824788,56.4185527931628,56.3947552806239
"33",-1,0.437950861447277,0.00988391823310676,0.001,0.001,0.443386081700222,5.55920935239812,6.15696999479645,5.86692597539884,16.912202275282,8.04912276595518,-3.30926435979149e-17,38.2310626471014,37.8386271805545,12.2273183794962,1.04506804056768,8.23454876987607,7.51264806193106,191.922911908808,0.0614190372465978,0.00577747657111833,-154.215655329766,0.00449706263670258,0.0326762650317799,0.162128593874236,0.3397665186185,0.0570129307896655,0.0478396256454368,0.0218888146481798,0.216823469462881,0.325235204194321,1.62617602097161,0.243298113307135,0.000335418214614142,0.00565796661671308,624.693042788016,475.789749267978,1.44929517712745e-17,2748.99443623344,0,9.97613884040356,107.481381818243,125.50469051361,93.0184823352382,1191.22634313659,16.5714593697062,5.35496461749046,3.71322576342247,3.60632772739684,8408.74379776213,8405.28046019321,38.3680452626877,2.74886412917401,-2.2350400550698e-15,12.3624001676887,0,1.61741736248878,36.51857491669,7.15539023403082,4.44996937302447,26.0745326289459,3.59308131460286,1.74162301082287,6.0383586969316,0.87741273204286,2.82044583179311,47.5567962478839,4.19529367453812,3.19529367032086,9.73313046997498e-20,18.4616094301281,0,0.0669974360314135,0.721820046626811,0.842860410109105,0.624690566129108,8,0.111290079942807,0.0359627011161652,0.0249371635193712,0.0242192610878708,56.4711742396243,56.4479152672963
"34",4,0.425414187495625,0.00919434254242489,0.001,0.001,0.424942928242678,5.4823837257788,5.88828431508591,5.79986895978197,16.7181918776349,8.02103448367373,0.000289494275093587,40.1270619317453,36.9066784682068,12.0014536950606,1.02242115357569,8.15448592057535,7.44159040686469,192.011312740756,0.0641413157920037,0.00561290791935398,44.8138938144497,0.00471492579234236,0.0327947121191683,0.165563636183587,0.350479307926198,0.0593395306664282,0.0491656305403614,0.0224795372048425,0.221787706164814,0.33268155924722,1.6634077962361,0.24998098992026,0.000342275399421997,0.00578495033274419,606.793594990168,462.15167172776,0.00109947081987664,2673.21261929504,0.0611312895850109,9.57950255512666,104.013492378859,119.542204737612,94.836785823778,1157.12659050999,15.7006246337145,5.10558867245056,3.56738683107903,3.46903400234607,8171.76603694363,8168.43365995772,38.9205395968296,2.59401477818342,0.0492715685740379,12.6039991271292,0.00200478304341394,1.58601727585674,36.4545768239293,7.09357832395995,4.66271037344725,26.0116702420818,3.48220552286629,1.6985352004258,5.93401906700686,0.867192553973514,2.79699448427799,47.2539830191712,4.19517518819723,3.19516758651281,7.60138660291577e-06,18.4817297773619,0.000422642017659551,0.0662295906982843,0.719115735677139,0.826476243978395,0.655670946597146,8.00000000360816,0.108549054318255,0.0352983932207664,0.0246637618524744,0.0239837821193393,56.496954491575,56.4739155119872
"35",-1,0.412093763294663,0.00855287678365106,0.001,0.001,0.424942928242678,5.4823837257788,5.88828431508591,5.79986895978197,16.7181918776349,8.02103448367373,0.000289494275093587,40.1270619317453,36.9066784682068,12.0014536950606,1.02242115357569,8.15448592057535,7.44159040686469,192.011312740756,0.0732372059559165,0.00561290791935398,44.8138938144497,0.00471492579234236,0.0327947121191683,0.165563636183587,0.350479307926198,0.0593395306664282,0.0491656305403614,0.0230734235667237,0.221787706164814,0.33268155924722,1.6634077962361,0.24998098992026,0.000342275399421997,0.00578495033274419,587.793880534761,447.680935928285,0.00106504456389409,2589.50989589035,0.0592171674584831,9.2795524325892,100.756657318265,115.799139922596,91.8672886745051,1120.89503666703,15.2090120206694,4.94572421820415,3.45568602918843,3.36041279074324,7915.89448098096,7912.66644624868,43.0483814883517,2.51279187061567,0.0477287939940065,12.2093469976592,0.00194200995931354,1.53635644289572,35.3131235258625,6.87146661458291,4.51671317371544,25.8628859548566,3.37317188909735,1.6453512445189,5.74821508229622,0.840039315970699,2.70941594526014,45.77438239112,4.19517518819723,3.19516758651281,7.60138660291577e-06,18.4817297773619,0.000422642017659551,0.0662295906982843,0.719115735677139,0.826476243978395,0.655670946597146,8.00000000360816,0.108549054318255,0.0352983932207664,0.0246637618524744,0.0239837821193393,56.496954491575,56.4739155119872
"36",-1,0.396899949230235,0.00795616444990797,0.001,0.001,0.424942928242678,5.4823837257788,5.88828431508591,5.79986895978197,16.7181918776349,8.02103448367373,0.000289494275093587,40.1270619317453,36.9066784682068,12.0014536950606,1.02242115357569,8.15448592057535,7.44159040686469,192.011312740756,0.0845248644831491,0.00561290791935398,44.8138938144497,0.00471492579234236,0.0327947121191683,0.165563636183587,0.350479307926198,0.0593395306664282,0.0491656305403614,0.0237118514057459,0.221787706164814,0.33268155924722,1.6634077962361,0.24998098992026,0.000342275399421997,0.00578495033274419,566.122038530523,431.175029975469,0.00102577658530406,2494.03518750943,0.0570338424195576,8.93741720313401,97.0417796535125,111.529648953507,88.48016024149,1079.56786239315,14.6482588102879,4.76337636225856,3.32827558120505,3.23651504787502,7624.03704558546,7620.9280278437,47.8513885877166,2.420145740377,0.0459690429711651,11.7591908325976,0.0018704084431994,1.47971129024061,34.0111357728897,6.6181170242926,4.35018286858507,25.598552735485,3.24880372084227,1.58468747547753,5.53627954979873,0.809067235559616,2.60952032498587,44.0866901304939,4.19517518819723,3.19516758651281,7.60138660291577e-06,18.4817297773619,0.000422642017659551,0.0662295906982843,0.719115735677139,0.826476243978395,0.655670946597146,8.00000000360816,0.108549054318255,0.0352983932207664,0.0246637618524744,0.0239837821193393,56.496954491575,56.4739155119872
"37",-1,0.379397908473679,0.00740108320921671,0.001,0.001,0.424942928242678,5.4823837257788,5.88828431508591,5.79986895978197,16.7181918776349,8.02103448367373,0.000289494275093587,40.1270619317453,36.9066784682068,12.0014536950606,1.02242115357569,8.15448592057535,7.44159040686469,192.011312740756,0.0988623629616716,0.00561290791935398,44.8138938144497,0.00471492579234236,0.0327947121191683,0.165563636183587,0.350479307926198,0.0593395306664282,0.0491656305403614,0.0243981613326949,0.221787706164814,0.33268155924722,1.6634077962361,0.24998098992026,0.000342275399421997,0.00578495033274419,541.157835308118,412.16156584559,0.000980543060739669,2384.05607165232,0.054518829161264,8.54330518459894,92.7625420625818,106.611541845319,84.5784631672108,1031.96231151384,14.0023166195482,4.55332643054969,3.18150908505337,3.09379490294435,7287.8409655403,7284.86904571284,53.5001423337837,2.31342491698805,0.043941952604483,11.2406474626239,0.00178792930741777,1.41446067138829,32.5113515435685,6.3262788567255,4.15835347175065,25.1779829655754,3.10554168404304,1.51480773667685,5.29214701587377,0.773389912448283,2.4944486774043,42.1426056099943,4.19517518819723,3.19516758651281,7.60138660291577e-06,18.4817297773619,0.000422642017659551,0.0662295906982843,0.719115735677139,0.826476243978395,0.655670946597146,8.00000000360816,0.108549054318255,0.0352983932207664,0.0246637618524744,0.0239837821193393,56.496954491575,56.4739155119872
"38",4,0.375651182931946,0.00688472856671322,0.001,0.001,0.335627803463406,5.61720087260144,5.29885927662119,6.28673766804942,16.1906443876188,8.10534910802649,0.00149682453094021,41.6787646429489,35.6364127402071,11.7007633363903,0.982752622247176,7.73624172127173,7.28405160087505,193.145097490279,0.0781696222134451,0.0054813556284511,6.83063341025127,0.00568964484069009,0.0316280441815565,0.185362280821697,0.421456948867783,0.0755618666885705,0.0532966192720587,0.0252605527557108,0.237972633931161,0.356958950896741,1.78479475448371,0.271083583596968,0.000346897086581267,0.00599861194245051,536.379383592877,408.657723615113,0.000257745166047285,2366.28426809482,0.0410014535868265,8.443655158425,91.7936975060137,102.392827781499,86.9815402292552,1021.77121757489,13.3868606013099,4.39540558852175,3.07663202126822,2.9061283540432,7258.39871139443,7255.51843497295,41.9285737785358,2.23999831344771,0.00176056274253335,13.4633170775718,0.00129679578555219,1.56513517863754,38.6870916761768,7.73699320269139,4.63582203329587,25.8105057458175,3.18570647736299,1.5689793676444,5.49115669303613,0.787803688606789,2.51791736622795,43.5230395326986,4.19960456405055,3.19960254574432,2.01802643577318e-06,18.5269205269731,0.000321022576338689,0.066109947222553,0.718702550450618,0.801688879234799,0.681025566061257,8,0.104812978647668,0.0344140098129125,0.0240886176345457,0.0227536521213874,56.8299328581344,56.807381614788
"39",-1,0.363045667845235,0.00640439866670997,0.001,0.001,0.315281106234709,5.59325669894671,5.11729952839173,6.22496308982774,16.063554748224,8.01481129956009,0.000213289107644156,42.0087093190663,35.4994205510802,11.5857769633425,0.976669235809027,7.67218566926088,7.25883519444892,193.669023300879,0.0820846469358897,0.00546272216681443,66.2748110279791,0.00611294276205701,0.0318098101178398,0.188669904858001,0.44430548020576,0.0799971395451412,0.0539883862059315,0.0260898295355071,0.242630050977377,0.363945076466065,1.81972538233033,0.277363270667274,0.000349302875066585,0.00603826217877808,518.73940676552,395.303214028877,0.000665671376824213,2289.23541435012,0.03715525316765,8.09174984379591,88.7646065702483,98.1770010215596,84.7282218336487,987.484216626957,12.8879108420858,4.2061661351626,2.96212432517809,2.78535377012946,7033.84397859489,7031.06999052021,42.5805410560806,2.15943162988854,0.0441172447057593,13.9939650567961,0.00118190154814321,1.52666967316371,39.4386011474696,7.85387925084517,4.57433996289686,25.763294880801,3.12699446460715,1.53081345569073,5.39025282014465,0.772554831648528,2.45694192449298,42.4554440000998,4.20251299678378,3.20250760393394,5.39286696982176e-06,18.5460010479843,0.000301009393732876,0.0655544642295638,0.719117167311112,0.795370695569417,0.686416818938992,8.00000000071226,0.104410060444353,0.034075814598066,0.0239973401139297,0.0225652519684144,56.9839506154117,56.9614774414351
"40",-1,0.351062455809395,0.00595758015507905,0.001,0.001,0.296157853815987,5.25360096194941,4.71079501032337,6.11625361001822,15.4100074363457,7.62739742551242,7.61936619972134e-15,40.2977029602214,33.695024369557,11.2349050923794,0.953253427931031,7.1431421105262,7.10530260471884,200.156457142774,0.0888622443749038,0.00563070529069359,-149.384895171391,0.0062808318777356,0.0323202135288353,0.197661452740201,0.469491661878545,0.0894319822260374,0.0560306893655902,0.0271275678748135,0.261335877462963,0.392003816194444,1.96001908097222,0.301254973968165,0.000368566826046377,0.00634985348750777,505.883985031091,386.522750053765,1.15001909897431e-15,2234.9504899233,1.91244625437979e-13,7.55706206733058,87.2852889891347,90.7022314275212,78.5945031371824,954.889879801555,11.8290580037341,3.9441533725162,2.80279957655561,2.50768901151684,7029.36742851941,7026.74173906501,44.953986303183,2.17639569370117,-1.71795482545375e-13,14.037348282271,6.18106713039761e-15,1.49373986667643,40.9797153850579,8.111680348888,4.40370419112238,25.9038400272891,3.09135725296613,1.54612317368254,5.49354065018985,0.755453787884756,2.59079164224318,44.6187805376183,4.23826031237213,3.23826031235427,9.63477882256586e-18,18.7242574223345,1.60223397049908e-15,0.0633125324893052,0.731269989015063,0.759896891535773,0.658459198696427,8,0.0991030128516382,0.0330438385069983,0.0234816569813314,0.0210092415015477,58.8915440593443,58.8695462184628
"41",-1,0.337774347941877,0.00554193502798051,0.001,0.001,0.296157853815987,5.25360096194941,4.71079501032337,6.11625361001822,15.4100074363457,7.62739742551242,7.61936619972134e-15,40.2977029602214,33.695024369557,11.2349050923794,0.953253427931031,7.1431421105262,7.10530260471884,200.156457142774,0.102675074261591,0.00563070529069359,-149.384895171391,0.0062808318777356,0.0323202135288353,0.197661452740201,0.469491661878545,0.0894319822260374,0.0560306893655902,0.0280559514968433,0.261335877462963,0.392003816194444,1.96001908097222,0.301254973968165,0.000368566826046377,0.00634985348750777,486.735708562607,371.892430260318,1.10648958568117e-15,2150.35510611846,1.84005801776121e-13,7.27101878856214,83.9814428610689,87.2690501941286,75.6196130052456,918.746226401905,11.3813148853128,3.79486274176733,2.69671046765777,2.41277016863915,6763.29798393801,6760.77167977566,49.9756250224339,2.09401667463567,-1.65292830765218e-13,13.5060188989603,5.94710680394878e-15,1.43720013664849,39.4285871758013,7.80464414584447,4.23701904624306,25.7762995658397,2.97434591223549,1.4876006767069,5.28560397246675,0.726859014344551,2.4927272715459,42.9299096290672,4.23826031237213,3.23826031235427,9.63477882256586e-18,18.7242574223345,1.60223397049908e-15,0.0633125324893052,0.731269989015063,0.759896891535773,0.658459198696427,8,0.0991030128516382,0.0330438385069983,0.0234816569813314,0.0210092415015477,58.8915440593443,58.8695462184628
"42",-1,0.32253312504066,0.0051552883981214,0.001,0.001,0.296157853815987,5.25360096194941,4.71079501032337,6.11625361001822,15.4100074363457,7.62739742551242,7.61936619972134e-15,40.2977029602214,33.695024369557,11.2349050923794,0.953253427931031,7.1431421105262,7.10530260471884,200.156457142774,0.120223455268685,0.00563070529069359,-149.384895171391,0.0062808318777356,0.0323202135288353,0.197661452740201,0.469491661878545,0.0894319822260374,0.0560306893655902,0.0290539638905255,0.261335877462963,0.392003816194444,1.96001908097222,0.301254973968165,0.000368566826046377,0.00634985348750777,464.772976716964,355.111714201181,1.05656200972403e-15,2053.32570856705,1.75703000047466e-13,6.94293224572473,80.1919902338622,83.3312525061435,72.2074670428913,877.290100110595,10.8677615082344,3.62362904898036,2.57502815048936,2.30389994751755,6458.12107293621,6455.70876193257,55.8766131764256,1.99952940793986,-1.57834405064699e-13,12.896593565742,5.67875847919108e-15,1.37235007396674,37.649470764244,7.45247909300286,4.04583415575634,25.4887548901287,2.84013598981265,1.42047641567334,5.04710430899975,0.694061318714655,2.38024918607532,40.992804796292,4.23826031237213,3.23826031235427,9.63477882256586e-18,18.7242574223345,1.60223397049908e-15,0.0633125324893052,0.731269989015063,0.759896891535773,0.658459198696427,8,0.0991030128516382,0.0330438385069983,0.0234816569813314,0.0210092415015477,58.8915440593443,58.8695462184628
"43",-1,0.304842411540001,0.00479561711453154,0.001,0.001,0.296157853815987,5.25360096194941,4.71079501032337,6.11625361001822,15.4100074363457,7.62739742551242,7.61936619972134e-15,40.2977029602214,33.695024369557,11.2349050923794,0.953253427931031,7.1431421105262,7.10530260471884,200.156457142774,0.143190220704476,0.00563070529069359,-149.384895171391,0.0062808318777356,0.0323202135288353,0.197661452740201,0.469491661878545,0.0894319822260374,0.0560306893655902,0.0301268272137338,0.261335877462963,0.392003816194444,1.96001908097222,0.301254973968165,0.000368566826046377,0.00634985348750777,439.280508081652,335.6340881562,9.98610331714673e-16,1940.70224755287,1.66065814922205e-13,6.56211732881311,75.7935163589818,78.7605923187553,68.2469386106473,829.171359388803,10.2716724857149,3.42487556178398,2.43378967998901,2.17753266694574,6103.89770552401,6101.6177080706,62.9006729033863,1.88985663591824,-1.49177299720265e-13,12.1892245416232,5.36728259812571e-15,1.29707764426485,35.584423954997,7.0437158923631,3.82392301744568,24.9803022748832,2.68435654206646,1.34256429021041,4.77027421185174,0.655992546895567,2.24969420383675,38.7443784830312,4.23826031237213,3.23826031235427,9.63477882256586e-18,18.7242574223345,1.60223397049908e-15,0.0633125324893052,0.731269989015063,0.759896891535773,0.658459198696427,8,0.0991030128516382,0.0330438385069983,0.0234816569813314,0.0210092415015477,58.8915440593443,58.8695462184628
"44",-1,0.28400358572593,0.00446103917630841,0.001,0.001,0.296157853815987,5.25360096194941,4.71079501032337,6.11625361001822,15.4100074363457,7.62739742551242,7.61936619972134e-15,40.2977029602214,33.695024369557,11.2349050923794,0.953253427931031,7.1431421105262,7.10530260471884,200.156457142774,0.174446371117631,0.00563070529069359,-149.384895171391,0.0062808318777356,0.0323202135288353,0.197661452740201,0.469491661878545,0.0894319822260374,0.0560306893655902,0.0312801552861826,0.261335877462963,0.392003816194444,1.96001908097222,0.301254973968165,0.000368566826046377,0.00634985348750777,409.251582824219,312.690363675678,9.30345989316884e-16,1808.03712431944,1.54713665549835e-13,6.11353532443971,70.6123216647732,73.3765702725701,63.5816229845626,772.489753174528,9.56950774207676,3.19075333152626,2.2674174257047,2.02867797273933,5686.63929180872,5684.5151534746,71.3924534978317,1.76066728509754,-1.38979638087227e-13,11.3559772065549,5.00037870639947e-15,1.20841027360729,33.1518962474967,6.56221212842407,3.5625221668081,24.1635994362841,2.50085570266425,1.25078748249343,4.44418141891013,0.611149329867374,2.09590659465256,36.0958383720815,4.23826031237213,3.23826031235427,9.63477882256586e-18,18.7242574223345,1.60223397049908e-15,0.0633125324893052,0.731269989015063,0.759896891535773,0.658459198696427,8,0.0991030128516382,0.0330438385069983,0.0234816569813314,0.0210092415015477,58.8915440593443,58.8695462184628
"45",4,0.326708699126558,0.00414980388493805,0.001,0.001,0.254183509871404,7.00562988568789,4.56339330746502,8.58683627678515,15.9402098816627,15.2697621397614,0.551897360730398,28.6629350313365,32.3194954766469,10.8905228453802,0.856352962258171,6.7446378799659,6.95305341288659,201.401093060926,0.191334431658175,0.00659189403682982,0.0286168766436588,0.0105276062894636,0.0251229368906992,0.255878085693282,0.482712149497147,0.0968604658166081,0.0351477039139898,0.0323437182863633,0.273490474427573,0.410235711641359,2.0511785582068,0.316279497452388,0.000335611151663896,0.00654107762070128,137.866221767649,1.87084171437548e-18,26.7852630742464,412.31460027885,1348.2786371511,8.0131993438435,82.2883059417153,84.8868549531256,52.0246123179834,888.647661624238,10.559060323602,3.55802855162222,2.52748917634812,2.20353186784337,6582.34009380281,6579.9489116602,26.3785551867731,1.23323903408442e-20,0.766510569263659,4.34068577913328,33.8727191122251,2.05040210838134,39.7215650396042,8.22218031246659,1.82854566999259,28.7421696234098,2.88780241741127,1.45963037491502,5.18433160462502,0.696931951781822,2.2091067395246,43.0399565714182,1.24113281536723,1.6842146062308e-20,0.24113280645145,3.71183872379959,12.1378016991505,0.072138371054258,0.740795791135593,0.764189080724952,0.468348611623146,8,0.0950573396371968,0.0320309495452358,0.0227535774682935,0.0198371702351938,59.2571420873091,59.2356156061546
"46",4,0.316991270364243,0.00386028268366331,0.001,0.001,0.239130594463979,6.95914143899611,4.38371812389083,8.55519473503696,15.7642492061374,14.9676846362195,0.540953723818928,29.1393043696192,31.8912677454792,10.7827131236268,0.846477451280663,6.64648560835932,6.89953811136093,202.384141637453,0.202449131062105,0.00652705710181058,0.028749093352032,0.0113120373553153,0.0252128099016802,0.263910295367564,0.509586408252665,0.103493580844688,0.0359265027025105,0.0337288357863863,0.280959776398095,0.421439664597142,2.10719832298571,0.326235822425058,0.000339519679201717,0.00663493951927784,133.818091726983,0.000128476241157507,26.0409311665834,400.88438484938,1310.62043873525,7.70905142946486,79.9656184840545,81.3329533183089,51.3161394980886,862.216255390742,10.1092534761657,3.41802593103166,2.43239727819057,2.10687791645148,6417.70281945051,6415.4006159233,27.0913563905168,8.38571762261033e-07,0.748653161081946,4.53481913657879,33.0444239750886,2.03449803975381,40.7493923069923,8.41743857958565,1.84360942436049,29.0815504904272,2.84029359621517,1.44049170195832,5.12554346543817,0.68733904982274,2.17893640247179,42.565795078589,1.24161975272748,1.19205584774584e-06,0.241618559184154,3.71957157933847,12.1604799774163,0.0715277762975716,0.741954172022103,0.754640871682013,0.476132424340184,8,0.0937978463102331,0.0317138621283142,0.022568790722585,0.0195484870834098,59.5461083395336,59.5247475404272
"47",-1,0.306104409239127,0.00359096063596587,0.001,0.001,0.239130594463979,6.95914143899611,4.38371812389083,8.55519473503696,15.7642492061374,14.9676846362195,0.540953723818928,29.1393043696192,31.8912677454792,10.7827131236268,0.846477451280663,6.64648560835932,6.89953811136093,202.384141637453,0.24704043691206,0.00652705710181058,0.028749093352032,0.0113120373553153,0.0252128099016802,0.263910295367564,0.509586408252665,0.103493580844688,0.0359265027025105,0.0351563651182907,0.280959776398095,0.421439664597142,2.10719832298571,0.326235822425058,0.000339519679201717,0.00663493951927784,129.222195508814,0.000124063807358458,25.1465721488933,387.116268711457,1265.60802344743,7.44428902063725,77.2192507931728,78.5396253927338,49.5537197205635,832.603993130426,9.76205767311676,3.30063603070277,2.34885815946865,2.03451855066319,6197.29094735908,6195.06781153003,31.923107637233,8.09771554896681e-07,0.722941150192142,4.37907369251428,31.9095345052213,1.96462451423789,39.3498806596547,8.12834707009442,1.78029184546027,29.2713299814401,2.74274554102419,1.39101894173662,4.94950997456364,0.663732832614642,2.10410223436706,41.1039002473267,1.24161975272748,1.19205584774584e-06,0.241618559184154,3.71957157933847,12.1604799774163,0.0715277762975716,0.741954172022103,0.754640871682013,0.476132424340184,8,0.0937978463102331,0.0317138621283142,0.022568790722585,0.0195484870834098,59.5461083395336,59.5247475404272
"48",-1,0.292278217986304,0.0033404284985729,0.001,0.001,0.239130594463979,6.95914143899611,4.38371812389083,8.55519473503696,15.7642492061374,14.9676846362195,0.540953723818928,29.1393043696192,31.8912677454792,10.7827131236268,0.846477451280663,6.64648560835932,6.89953811136093,202.384141637453,0.311240336938766,0.00652705710181058,0.028749093352032,0.0113120373553153,0.0252128099016802,0.263910295367564,0.509586408252665,0.103493580844688,0.0359265027025105,0.0366909591500881,0.280959776398095,0.421439664597142,2.10719832298571,0.326235822425058,0.000339519679201717,0.00663493951927784,123.385458972886,0.000118460066032564,24.0107462496594,369.630915979727,1208.44276200351,7.10804373754426,73.7313946968822,74.992130326249,47.3154664139602,794.996752922747,9.32112290597277,3.15155217683118,2.24276441773101,1.94262296948288,5917.37034738942,5915.24762664824,38.4025318240653,7.731956152788e-07,0.690287185383409,4.18127872924209,30.4682376354559,1.87588592226087,37.5725165990438,7.76120410263505,1.69987923199169,29.1691933859412,2.61886060744127,1.32818909236413,4.72594941989481,0.633753202111054,2.00906368206341,39.2473102443629,1.24161975272748,1.19205584774584e-06,0.241618559184154,3.71957157933847,12.1604799774163,0.0715277762975716,0.741954172022103,0.754640871682013,0.476132424340184,8,0.0937978463102331,0.0317138621283142,0.022568790722585,0.0195484870834098,59.5461083395336,59.5247475404272
"49",-1,0.273802546092985,0.00310737534750967,0.001,0.001,0.239130594463979,6.95914143899611,4.38371812389083,8.55519473503696,15.7642492061374,14.9676846362195,0.540953723818928,29.1393043696192,31.8912677454792,10.7827131236268,0.846477451280663,6.64648560835932,6.89953811136093,202.384141637453,0.411292625544767,0.00652705710181058,0.028749093352032,0.0113120373553153,0.0252128099016802,0.263910295367564,0.509586408252665,0.103493580844688,0.0359265027025105,0.0383406477342703,0.280959776398095,0.421439664597142,2.10719832298571,0.326235822425058,0.000339519679201717,0.00663493951927784,115.585940855883,0.000110971894907267,22.4929640738996,346.265577391313,1132.05392903998,6.65872567065916,69.070640070548,70.2516812978041,44.3245318210011,744.74292537292,8.73191030684532,2.95233430703927,2.1009934031084,1.81982468213917,5543.31786491964,5541.32932691779,47.5396450906781,7.24319894755852e-07,0.646652323924441,3.91696914631036,28.5422605113353,1.75730625851524,35.1974593892632,7.27059805786956,1.59242541225471,28.5539261543131,2.45331556733948,1.24423078013727,4.42720977563405,0.593692001847089,1.88206550321066,36.7663849405001,1.24161975272748,1.19205584774584e-06,0.241618559184154,3.71957157933847,12.1604799774163,0.0715277762975716,0.741954172022103,0.754640871682013,0.476132424340184,8,0.0937978463102331,0.0317138621283142,0.022568790722585,0.0195484870834098,59.5461083395336,59.5247475404272
"50",-1,0.247209219026832,0.00289058171861365,0.001,0.001,0.239130594463979,6.95914143899611,4.38371812389083,8.55519473503696,15.7642492061374,14.9676846362195,0.540953723818928,29.1393043696192,31.8912677454792,10.7827131236268,0.846477451280663,6.64648560835932,6.89953811136093,202.384141637453,0.588222171487443,0.00652705710181058,0.028749093352032,0.0113120373553153,0.0252128099016802,0.263910295367564,0.509586408252665,0.103493580844688,0.0359265027025105,0.040114062962266,0.280959776398095,0.421439664597142,2.10719832298571,0.326235822425058,0.000339519679201717,0.00663493951927784,104.359548796016,0.00010019364635359,20.308314008223,312.634210982505,1022.1021377909,6.01199074386453,62.3620898825565,63.428421381641,40.0194704233263,672.409075752983,7.88381539313552,2.66558609028216,1.89693246382948,1.64307251651558,5004.9179591591,5003.12255976104,61.3866004082424,6.53969650988496e-07,0.583845615244783,3.53652987318363,25.7700669002229,1.58662625296035,31.7788733943819,6.56443445611181,1.43775961231667,26.9730600011543,2.21503501001921,1.12338370784332,3.99721290659864,0.536029113729471,1.69926813992461,33.1954155915491,1.24161975272748,1.19205584774584e-06,0.241618559184154,3.71957157933847,12.1604799774163,0.0715277762975716,0.741954172022103,0.754640871682013,0.476132424340184,8,0.0937978463102331,0.0317138621283142,0.022568790722585,0.0195484870834098,59.5461083395336,59.5247475404272
"51",-1,0.204214747443174,0.00268891322661735,0.001,0.001,0.239130594463979,6.95914143899611,4.38371812389083,8.55519473503696,15.7642492061374,14.9676846362195,0.540953723818928,29.1393043696192,31.8912677454792,10.7827131236268,0.846477451280663,6.64648560835932,6.89953811136093,202.384141637453,0.984229718112501,0.00652705710181058,0.028749093352032,0.0113120373553153,0.0252128099016802,0.263910295367564,0.509586408252665,0.103493580844688,0.0359265027025105,0.0420204843323615,0.280959776398095,0.421439664597142,2.10719832298571,0.326235822425058,0.000339519679201717,0.00663493951927784,86.2094018360571,8.27680305210955e-05,16.7763048340677,258.26106602828,844.338778107789,4.96638910240534,51.516114510327,52.3969903070852,33.0593093472865,555.464113045433,6.51266718828568,2.20198903729364,1.56701916515358,1.35731037989579,4134.46578176578,4132.98263709959,84.8498552677498,5.40231661415591e-07,0.482303553776757,2.92145882633546,21.2881531050486,1.31068121492605,26.2519117604506,5.42275215236466,1.18770536660842,23.3408710594147,1.82979751697595,0.928005521323617,3.3020201568981,0.442803268071369,1.40373249589559,27.4220898313812,1.24161975272748,1.19205584774584e-06,0.241618559184154,3.71957157933847,12.1604799774163,0.0715277762975716,0.741954172022103,0.754640871682013,0.476132424340184,8,0.0937978463102331,0.0317138621283142,0.022568790722585,0.0195484870834098,59.5461083395336,59.5247475404272
"52",-1,0.118881582115657,0.00250131462941149,0.001,0.001,0.239130594463979,6.95914143899611,4.38371812389083,8.55519473503696,15.7642492061374,14.9676846362195,0.540953723818928,29.1393043696192,31.8912677454792,10.7827131236268,0.846477451280663,6.64648560835932,6.89953811136093,202.384141637453,2.6561228710055,0.00652705710181058,0.028749093352032,0.0113120373553153,0.0252128099016802,0.263910295367564,0.509586408252665,0.103493580844688,0.0359265027025105,0.0440698873052141,0.280959776398095,0.421439664597142,2.10719832298571,0.326235822425058,0.000339519679201717,0.00663493951927784,50.1859450006999,4.81825849510839e-05,9.76615883866805,150.344108409025,491.52341366035,2.89113397189985,29.9895931812821,30.5023862565968,19.2451478067224,323.357903354588,3.79128436525661,1.28186599563602,0.912224606162946,0.790144724630703,2406.83809319959,2405.97469529797,133.300036319383,3.14490483288564e-07,0.28076821214364,1.70069817047447,12.3926863908433,0.763000020471287,15.2822890742082,3.15680117800301,0.691410854688425,14.250346360087,1.06519840752409,0.540229175259325,1.92223816029286,0.257773514074718,0.817168897293597,15.9634965882149,1.24161975272748,1.19205584774584e-06,0.241618559184154,3.71957157933847,12.1604799774163,0.0715277762975716,0.741954172022103,0.754640871682013,0.476132424340184,8,0.0937978463102331,0.0317138621283142,0.022568790722585,0.0195484870834098,59.5461083395336,59.5247475404272
"53",-1,-0.000829357123634701,0.00232680430642929,0.001,0.001,7.8521081290399,16.285335621312,7.31506317387185,48.3810942642819,1.90567270572379,18.7229882373041,1.0519669536676,8.51457513777105,58.9376069167398,18.8564242703728,-2.33969326757233e-05,13.9489980615373,10.1757144011768,205.39910488585,-0.110563548659449,0.0169533546281144,0.046703571361697,0.000529868581557473,0.0192596982497932,1.04934994675797,0.100996571401306,0.0522723665986786,0.908293745071033,0.100073703015685,0.162262935711296,0.243394403566944,1.21697201783472,0.179009819137833,-12.0832338563002,0.00993037664688433,-0.556542710382932,-0.153563825702462,-0.0568494845944002,-1.7945015183147,-2.88609704406263,-0.0417056884111324,-0.25004973972731,-0.395840329604599,-0.039231241917963,-2.26266027470846,-0.04888032414638,-0.015638709794912,-0.0083504470725207,-0.0115687009099026,-17.0438045575025,-17.034921082527,0.0615333370404848,-0.00260342199518378,-0.00265507396063026,-0.000950849974112141,-0.0555853581882666,-0.0437638619137261,-0.0252541663922474,-0.0206915108236334,-0.0356334916454543,-0.226432792356563,-0.00793146489451137,-0.00380637444308913,-0.0101622604236676,-0.00207091105754135,205.944276269377,-0.169163182499444,1.97368573562367,0.544588450521986,0.201607198743692,6.36389981070058,10.2350609597828,0.147902255794134,0.886759623815095,1.40378159222967,0.139127044734821,8.02414662062811,0.173345902696293,0.0554600713834495,0.0296134653560992,0.0410264648868745,60.4430051967705,60.4115014370146
"54",-1,-0.00203563750771759,0.00216446912225981,0.001,0.001,14.9032759459379,1.21046262650691,0.680949845051514,5.75269137510364,10.8206552289923,-0.00261232841795439,0.0155375056660101,36.4435266089997,13.8588370584921,4.42965311238761,8.31204249725673,29.3316446222345,8.2316291273338,205.708187653188,-0.0347422225443623,-1.99598594324711,0.689768447432098,0.00058082565876022,-22.7462403491059,1.96625628914895,-22.7044810542735,0.0340580247028289,-0.272896973926284,0.0521942516644465,0.583268216924921,0.874902325387381,4.37451162693691,0.780447712098871,0.000609356608219826,0.0164465908409143,-0.956315709482909,-0.0930634786650535,-0.171753333101445,-2.95556573774725,-8.58924809153775,-0.0337373259757011,-0.504168430257134,-0.495692690428003,-0.412143387104354,-5.90344492769752,-0.028211568529613,-0.00901716802175418,-0.03350053307436,-0.0597085959560634,-41.892368783145,-41.8747302431437,0.0332245332015249,0.185753395245124,-0.118470029914672,-0.00171666841663618,195.373101508217,-0.0663362293787905,11.4468825729359,-0.0168823138956086,0.112472683164507,-0.308125890243444,-0.0164549112729226,-0.00788914127064146,-0.146548471442372,-0.0465994371065456,-0.0255273917519913,-0.688696554882644,1.38172599616652,0.13446210962562,0.248156589838762,4.27032827415604,12.4101144192419,0.0487451370708697,0.728444194343961,0.716198081535685,0.595482460931367,8.52955069403557,0.0407612854661531,0.0130283915070224,0.0484030085203853,0.086269543006572,60.5278930531893,60.5024081332904
"55",-1,-0.00203579748699706,0.00201345964861377,0.001,0.001,14.9032759459379,1.21046262650691,0.680949845051514,5.75269137510364,10.8206552289923,-0.00261232841795439,0.0155375056660101,36.4435266089997,13.8588370584921,4.42965311238761,8.31204249725673,29.3316446222345,8.2316291273338,205.708187653188,-0.0347031396425721,-1.99598594324711,0.689768447432098,0.00058082565876022,-22.7462403491059,1.96625628914895,-22.7044810542735,0.0340580247028289,-0.272896973926284,0.054926183931885,0.583268216924921,0.874902325387381,4.37451162693691,0.780447712098871,0.000609356608219826,0.0164465908409143,-0.956390865642868,-0.0930707924565342,-0.171766831071674,-2.95579801352098,-8.58992311433314,-0.0337399773677492,-0.504208052489431,-0.495731646558037,-0.412175777155066,-5.90390887516475,-0.0282137856563798,-0.00901787667446739,-0.0335031658570252,-0.0597132884114357,-41.8956610741092,-41.8780211479078,0.0331897657632849,0.185767993470111,-0.11847934038864,-0.00171680332836547,195.388455738962,-0.0663414426950801,11.4477821751584,-0.0168836406644476,0.112481522311332,-0.324279184794387,-0.0164562044524986,-0.00788976127254814,-0.146559988580752,-0.046603099322605,-0.0255293979312466,-0.688750679046796,1.38172599616652,0.13446210962562,0.248156589838762,4.27032827415604,12.4101144192419,0.0487451370708697,0.728444194343961,0.716198081535685,0.595482460931367,8.52955069403557,0.0407612854661531,0.0130283915070224,0.0484030085203853,0.086269543006572,60.5278930531893,60.5024081332904
"56",-1,2.60847405194194e-07,0.00187298571964072,0.001,0.001,16.9106603378146,0.015988184752338,4.76793318987056,48.2098185041513,2.75307394521746,0.000884529044471033,0.967869889637654,17.6950954112678,18.8808080919064,7.79707290070936,5.35006132135777,2.94456978306753,1.37660065196812,211.367031958338,-0.0572017501402968,10.3292753275332,0.0269355612163077,0.000491717862157948,190093.170122544,2.9112256665807,101.701096343841,-0.2144998152074,-0.27175129111027,0.0946690537697642,0.455672327544975,0.683508491317463,3.41754245658731,0.524637164328997,0.0730330344802924,0.0379942140740786,0.000110600793241972,1.78751692393173e-07,2.19849975758104e-05,0.000303035852123737,0.0011118731962544,1.32935382566087e-05,6.71500087149347e-05,7.19012969492099e-05,2.56428873482939e-05,0.000711068533050401,4.92500979874332e-06,2.03384623426e-06,1.7508525033807e-06,7.68083387326397e-07,0.00551383216479103,0.00551345418299307,-6.32655894034591e-06,1.8463754459916e-06,5.92178248043617e-07,1.49008141363496e-07,211.359500650284,3.87004897723116e-05,0.00682922950580734,-1.54228149087779e-05,-6.96848774469407e-06,6.73161851893357e-05,2.24419067817518e-06,1.39015117115076e-06,5.98361276552574e-06,4.02965090295132e-07,0.000402691894609728,0.000209479358516263,1.24707566275964,0.00201550891929796,0.247891128254751,3.41687093780924,12.5368902200372,0.149890860145203,0.757147748834716,0.810720745465559,0.289135545935749,8.01763021881148,0.055531788505607,0.0229325673550275,0.0197416807063123,0.00866049936196333,62.1710360269167,62.1667741053935
"57",-1,2.60847400654838e-07,0.0017423122973402,0.001,0.001,16.9106603378146,0.015988184752338,4.76793318987056,48.2098185041513,2.75307394521746,0.000884529044471033,0.967869889637654,17.6950954112678,18.8808080919064,7.79707290070936,5.35006132135777,2.94456978306753,1.37660065196812,211.367031958338,-0.0571528033512903,10.3292753275332,0.0269355612163077,0.000491717862157948,190093.170122544,2.9112256665807,101.701096343841,-0.2144998152074,-0.27175129111027,0.0998343336949374,0.455672327544975,0.683508491317463,3.41754245658731,0.524637164328997,0.0730330344802924,0.0379942140740786,0.000110600791317259,1.78751689282475e-07,2.19849971932199e-05,0.000303035846850203,0.0011118731769052,1.329353802527e-05,6.71500075463673e-05,7.19012956979589e-05,2.56428869020476e-05,0.000711068520676142,4.92500971303661e-06,2.03384619886632e-06,1.75085247291177e-06,7.68083373959946e-07,0.00551383206883743,0.00551345408704606,-6.32114527665241e-06,1.84637541386034e-06,5.92178237738328e-07,1.49008138770405e-07,211.359496972134,3.87004890988325e-05,0.00682922938696275,-1.54228146403848e-05,-6.96848762342605e-06,7.09890519731475e-05,2.244190639121e-06,1.39015114695887e-06,5.98361266139686e-06,4.02965083282595e-07,0.000402691887601946,0.000209479354870831,1.24707566275964,0.00201550891929796,0.247891128254751,3.41687093780924,12.5368902200372,0.149890860145203,0.757147748834716,0.810720745465559,0.289135545935749,8.01763021881148,0.055531788505607,0.0229325673550275,0.0197416807063123,0.00866049936196333,62.1710360269167,62.1667741053935
"58",-1,0.00106622929708727,0.00162075562543275,0.001,0.001,14.2597350906927,24.0520578352394,0.000189858041320726,11.2938515465811,10.7537447412406,0.0693196324442372,0.0166714509367971,23.9036982287245,21.8119054759093,8.00121384199237,0.0559739948610627,9.17294804382468,3.65363446001169,213.017896994056,-0.045986906742553,0.108378101040643,0.852886929501551,0.000535694752923235,0.77250963543702,-1.08881681707074,2.99630072740657,0.00772326107643572,-0.296618600758206,0.0645009688438644,2629.63984430849,3944.45976646274,19722.2988323137,3697.87252700714,0.00215595741720218,0.0120127588265433,0.453648916427703,0.000900817798971524,0.0901631344963616,1.301480115563,4.50904550428877,0.0235077930924281,0.287307122489356,0.20655799250315,0.141593463112217,2.92344420819206,0.0232564926437127,0.00853112861059243,0.00391428677212764,0.00978046594498521,22.716692902216,22.712592257898,-0.020861910413621,9.76289224361458e-05,0.0768989589348372,0.000697196068941022,3.48328109868705,-0.0255956804512551,0.860858540103947,0.00159530130352628,-0.0419992549048545,0.188564983789372,61.1561996947743,33.650693567001,77.198733435274,36.1669163192898,0.0489762225568367,0.272840893119743,1.2513832836426,0.00248489149741051,0.248713565102382,3.59011209248272,12.4381299390804,0.0648458714347701,0.792532104310527,0.569786920151081,0.390583304390924,8.06427411223929,0.0641526631644392,0.0235329818882128,0.0107974974846094,0.0269792589524255,62.6636342071063,62.6523226453106
"59",-1,5.65695282000695e-05,0.00150767965156535,0.001,0.001,16.4413736924052,2.73407408271227,1.23628095130557e-05,8.27400068132011,1.67985559182149,0.00790175503895568,0.618293600223997,27.9075943144768,24.8103735009356,10.072162613793,0.836339855407431,12.1032157036848,6.56076126872676,227.935867337162,-0.0409837525283698,0.807250215556217,0.0266879354136665,0.000541599723935632,7.73636323412444,-1.12088545837026,17.9079998459148,0.045470313111048,-0.251673131996602,0.148454229937787,35827.5949882709,53741.3924824064,268706.962412032,50382.5035465884,0.00158106944443448,0.0215817542288915,0.0592764344452916,0.0380124536579951,0.002031369273484,0.245466310036601,0.10331729253689,0.000563084953142925,0.014870592112928,0.0108850037650713,0.00877066357538275,0.154125831045934,0.00140351112341543,0.000569777487016648,0.000414543792539376,0.000684673202061123,1.2898131203238,1.28942244751369,-0.00242937072006996,0.0306855614092373,5.42130519720477e-05,0.000132944485751322,0.799300103431674,-0.000631153735805004,0.266302561266976,0.000494944529412728,-0.00220734037170509,0.0228806315614456,50.2844280912612,30.6206355574009,111.390803280019,34.4955500310986,0.00203928411357465,0.0278279983594561,3.08191458896847,1.97635260263817,0.105615438211127,12.7623432327103,5.37169744000107,0.0292760478621813,0.773155389798796,0.565935725022586,0.456006443047006,8.01334715359357,0.0729716867674575,0.0296240076876264,0.0215530602329423,0.0355976932461319,67.0602729359106,67.0399609815182
"60",-1,5.65692005531596e-05,0.00140249269913056,0.001,0.001,16.4413736924052,2.73407408271227,1.23628095130557e-05,8.27400068132011,1.67985559182149,0.00790175503895568,0.618293600223997,27.9075943144768,24.8103735009356,10.072162613793,0.836339855407431,12.1032157036848,6.56076126872676,227.935867337162,-0.0409547660408437,0.807250215556217,0.0266879354136665,0.000541599723935632,7.73636323412444,-1.12088545837026,17.9079998459148,0.045470313111048,-0.251673131996602,0.157008789966457,35827.5949882709,53741.3924824064,268706.962412032,50382.5035465884,0.00158106944443448,0.0215817542288915,0.0592760911201624,0.0380122334924152,0.00203135750792953,0.245464888312211,0.103316694130067,0.000563081691792676,0.0148705059834567,0.0108849407198602,0.00877061277628807,0.154124938359467,0.00140350299437322,0.000569774186903691,0.000414541391529557,0.000684669236479898,1.28980564981279,1.28941497926543,-0.00242763844364198,0.0306853836805254,5.42127379736899e-05,0.000132943715745784,0.79929547393913,-0.000631150080204934,0.266301018860418,0.000494941662727238,-0.00220732758693783,0.0241989700754746,50.2841368472292,30.6204582047353,111.390158111964,34.4953502351884,0.00203927230217796,0.0278278371815577,3.08191458896847,1.97635260263817,0.105615438211127,12.7623432327103,5.37169744000107,0.0292760478621813,0.773155389798796,0.565935725022586,0.456006443047006,8.01334715359357,0.0729716867674575,0.0296240076876264,0.0215530602329423,0.0355976932461319,67.0602729359106,67.0399609815182
"61",-1,5.65688483991899e-05,0.00130464437128424,0.001,0.001,16.4413736924052,2.73407408271227,1.23628095130557e-05,8.27400068132011,1.67985559182149,0.00790175503895568,0.618293600223997,27.9075943144768,24.8103735009356,10.072162613793,0.836339855407431,12.1032157036848,6.56076126872676,227.935867337162,-0.0409278354309228,0.807250215556217,0.0266879354136665,0.000541599723935632,7.73636323412444,-1.12088545837026,17.9079998459148,0.045470313111048,-0.251673131996602,0.166204941997277,35827.5949882709,53741.3924824064,268706.962412032,50382.5035465884,0.00158106944443448,0.0215817542288915,0.059275722115287,0.0380119968590743,0.00203134486234495,0.245463360246868,0.103316050964111,0.000563078186502675,0.0148704134117452,0.010884872959046,0.00877055817756517,0.154123978902583,0.0014034942573017,0.000569770639951643,0.000414538810931012,0.000684664974284441,1.28979762052874,1.28940695241338,-0.00242602699978358,0.0306851926582099,5.42124004891453e-05,0.000132942888146016,0.799290498173672,-0.000631146151176345,0.266299361086223,0.000494938581621802,-0.00220731384590624,0.0256161669738934,50.2838238189694,30.6202675865931,111.389464687168,34.4951354951107,0.00203925960732228,0.0278276639480094,3.08191458896847,1.97635260263817,0.105615438211127,12.7623432327103,5.37169744000107,0.0292760478621813,0.773155389798796,0.565935725022586,0.456006443047006,8.01334715359357,0.0729716867674575,0.0296240076876264,0.0215530602329423,0.0355976932461319,67.0602729359106,67.0399609815182
"62",-1,3.39934171943774e-08,0.00121362267096208,0.001,0.001,17.6750130878482,0.647454670855887,2.83761226646814,39.5768596652298,4.73751471427889,0.00425174798188308,2.21991171847677,18.1683861741162,18.7614095187752,6.42147807457783,4.54228250671136,1.12824379408083,2.18967618952959,221.074638261867,-0.0557213954049399,2.04919009048983,0.0163604068095039,0.0004930140350362,1506157.97816798,289.986460594726,24.4513420492612,0.192477535233672,-0.27224074913376,0.103235031170229,1.29970393964041,1.94955590946062,9.7477795473031,1.5748753501376,0.00154030463808712,0.023719813451362,1.44593213189645e-05,4.19397446751212e-08,2.86013872641026e-06,4.02277938866304e-05,0.000146780055579557,1.50639701599047e-06,8.90053571730316e-06,8.15964424656008e-06,3.43114183869606e-06,9.24630441825906e-05,6.37764420926287e-07,2.18287983193671e-07,2.28058758641548e-07,3.83528619891569e-08,0.000751586593138678,0.000751508240953171,-8.05693560501098e-07,8.5942509185932e-08,4.67930330956882e-08,1.98328669846522e-08,221.073951747089,0.000436834738917532,0.000217630043245446,1.57054821296149e-06,-9.34096624550802e-07,9.54542524828402e-06,8.28904930440382e-07,4.25564627599462e-07,2.22306650306941e-06,6.04009769539525e-08,1.1576723153356e-06,1.78256352825704e-05,1.25104856039738,0.00362870815592342,0.247464756974403,3.48058684910914,12.6996954543785,0.130336395233849,0.770091635026683,0.705988266172978,0.296869055132618,8.00008214513301,0.0551806162316916,0.0188867002193466,0.0197320866858607,0.00331836410023774,65.0287316132102,65.0219524299609
"63",-1,3.39934171057315e-08,0.00112895132182519,0.001,0.001,17.6750130878482,0.647454670855887,2.83761226646814,39.5768596652298,4.73751471427889,0.00425174798188308,2.21991171847677,18.1683861741162,18.7614095187752,6.42147807457783,4.54228250671136,1.12824379408083,2.18967618952959,221.074638261867,-0.0556919378391924,2.04919009048983,0.0163604068095039,0.0004930140350362,1506157.97816798,289.986460594726,24.4513420492612,0.192477535233672,-0.27224074913376,0.109465396085974,1.29970393964041,1.94955590946062,9.7477795473031,1.5748753501376,0.00154030463808712,0.023719813451362,1.44593212812584e-05,4.19397445657534e-08,2.86013871895178e-06,4.02277937817269e-05,0.000146780055196793,1.50639701206218e-06,8.90053569409291e-06,8.15964422528187e-06,3.43114182974854e-06,9.24630439414713e-05,6.37764419263165e-07,2.18287982624434e-07,2.28058758046831e-07,3.83528618891428e-08,0.000751586591178738,0.000751508238993436,-8.05267621992754e-07,8.59425089618166e-08,4.67930329736643e-08,1.98328669329333e-08,221.073951170586,0.000436834737778383,0.000217630042677925,1.57054820886592e-06,-9.34096622114924e-07,1.0121503728368e-05,8.28904928278816e-07,4.25564626489702e-07,2.22306649727224e-06,6.04009767964426e-08,1.15767231231669e-06,1.78256352360859e-05,1.25104856039738,0.00362870815592342,0.247464756974403,3.48058684910914,12.6996954543785,0.130336395233849,0.770091635026683,0.705988266172978,0.296869055132618,8.00008214513301,0.0551806162316916,0.0188867002193466,0.0197320866858607,0.00331836410023774,65.0287316132102,65.0219524299609
"64",-1,3.39934170104467e-08,0.00105018727611646,0.001,0.001,17.6750130878482,0.647454670855887,2.83761226646814,39.5768596652298,4.73751471427889,0.00425174798188308,2.21991171847677,18.1683861741162,18.7614095187752,6.42147807457783,4.54228250671136,1.12824379408083,2.18967618952959,221.074638261867,-0.0556645609420426,2.04919009048983,0.0163604068095039,0.0004930140350362,1506157.97816798,289.986460594726,24.4513420492612,0.192477535233672,-0.27224074913376,0.116163038370399,1.29970393964041,1.94955590946062,9.7477795473031,1.5748753501376,0.00154030463808712,0.023719813451362,1.44593212407284e-05,4.19397444481947e-08,2.8601387109347e-06,4.02277936689669e-05,0.000146780054785363,1.5063970078397e-06,8.90053566914438e-06,8.15964420241009e-06,3.43114182013093e-06,9.2463043682294e-05,6.37764417475488e-07,2.18287982012565e-07,2.28058757407574e-07,3.83528617816383e-08,0.000751586589072013,0.000751508236886931,-8.04871768385097e-07,8.59425087209166e-08,4.67930328425017e-08,1.98328668773411e-08,221.073950550908,0.000436834736553919,0.0002176300420679,1.57054820446361e-06,-9.34096619496617e-07,1.07407880911102e-05,8.28904925955366e-07,4.25564625296829e-07,2.22306649104091e-06,6.04009766271365e-08,1.1576723090717e-06,1.782563518612e-05,1.25104856039738,0.00362870815592342,0.247464756974403,3.48058684910914,12.6996954543785,0.130336395233849,0.770091635026683,0.705988266172978,0.296869055132618,8.00008214513301,0.0551806162316916,0.0188867002193466,0.0197320866858607,0.00331836410023774,65.0287316132102,65.0219524299609
"65",-1,3.39934169080244e-08,0.0009769183963874,0.001,0.001,17.6750130878482,0.647454670855887,2.83761226646814,39.5768596652298,4.73751471427889,0.00425174798188308,2.21991171847677,18.1683861741162,18.7614095187752,6.42147807457783,4.54228250671136,1.12824379408083,2.18967618952959,221.074638261867,-0.0556391160882455,2.04919009048983,0.0163604068095039,0.0004930140350362,1506157.97816798,289.986460594726,24.4513420492612,0.192477535233672,-0.27224074913376,0.123363003826156,1.29970393964041,1.94955590946062,9.7477795473031,1.5748753501376,0.00154030463808712,0.023719813451362,1.44593211971624e-05,4.19397443218301e-08,2.8601387023171e-06,4.02277935477605e-05,0.000146780054343114,1.50639700330092e-06,8.90053564232704e-06,8.15964417782506e-06,3.43114180979288e-06,9.24630434037026e-05,6.37764415553902e-07,2.18287981354862e-07,2.28058756720432e-07,3.8352861666081e-08,0.00075158658680748,0.000751508234622634,-8.04503850646148e-07,8.59425084619716e-08,4.67930327015142e-08,1.98328668175846e-08,221.073949884811,0.000436834735237734,0.00021763004141218,1.57054819973155e-06,-9.34096616682181e-07,1.1406518777189e-05,8.28904923457872e-07,4.25564624014601e-07,2.2230664843428e-06,6.04009764451482e-08,1.15767230558363e-06,1.78256351324113e-05,1.25104856039738,0.00362870815592342,0.247464756974403,3.48058684910914,12.6996954543785,0.130336395233849,0.770091635026683,0.705988266172978,0.296869055132618,8.00008214513301,0.0551806162316916,0.0188867002193466,0.0197320866858607,0.00331836410023774,65.0287316132102,65.0219524299609
