"","convergence","mu","x_C","x_W","C","AA","NT","ADP","ATP","W","LIP","rRNA","mRNA","tRNA","DNA","TC","p","tau tC","tau tW","tau ATPS","tau ADPS","tau EAA","tau ENT","tau LIPS","tau Maint","tau rRNAp","tau mRNAp","tau tRNAp","tau DNAp","tau tRNAc","tau r","v tC","v tW","v ATPS","v ADPS","v EAA","v ENT","v LIPS","v Maint","v rRNAp","v mRNAp","v tRNAp","v DNAp","v tRNAc","v r","p tC","p tW","p ATPS","p ADPS","p EAA","p ENT","p LIPS","p Maint","p rRNAp","p mRNAp","p tRNAp","p DNAp","p tRNAc","p r","f tC","f tW","f ATPS","f ADPS","f EAA","f ENT","f LIPS","f Maint","f rRNAp","f mRNAp","f tRNAp","f DNAp","f tRNAc","f r"
"1",4,0.498940852287558,1,0.001,7.28823431560197,2.65502637861598,8.52724457530089,2.31877962645855,21.7751366356719,5.56334080629389,37.261447648486,45.059342982867,9.00105930801833,1.84006808517651,12.3016127378329,19.3363761544205,167.072330807659,0.131490161769644,0.176297444296202,0.00161956480867458,0.153566018423485,0.134478984695693,0.0174227814546193,0.0249002493887839,0.0155495480779747,0.252822487794445,2.20657499456277,0.240059093363709,0.13615784880081,0.000355762778935119,0.00726388258474921,215.968613994613,46.3287241857081,2455.22510945833,12.0214391147724,114.710961294609,179.194576182849,103.284769151133,1357.11911822216,22.4819469913891,4.49099620263353,10.4642383162858,6.13777714392583,8346.07659478806,8335.92111268423,28.3977479913174,8.16763567144398,3.97639618465289,1.84608454057594,15.4262136083659,3.1220679386869,2.57181650992617,21.1025889763341,5.68394176882582,9.90971992140751,2.51203556294935,0.83570653233572,2.96922340256716,60.5511521982702,1.27310041451651,0.273100414332969,14.4731590705152,0.0708644595945011,0.67620275776459,1.05632334716555,0.608847183798792,8,0.132527479361374,0.0264737038471127,0.0616850101116786,0.0361812139348026,49.1987857674367,49.1389208257821
"2",4,0.49687653460691,0.91324200913242,0.001,7.0890174430741,2.63705659827987,8.504462324841,2.33132473117754,21.7380317310664,5.52836445833606,37.4272892719604,44.9951832961517,9.00008737115658,1.83994956525311,12.2681890342164,19.313348433667,167.327695762325,0.133501357971723,0.176211831911808,0.00163442616116026,0.154043609527854,0.135629389222073,0.0175865768772402,0.0250980505007044,0.0155887988781632,0.253275551997391,2.21038875571897,0.240463235241586,0.136374115828396,0.000356975777240527,0.00727398875635686,215.122198645853,46.1841768688176,2446.55457214598,11.9594984291783,114.312255176939,178.202058754067,103.315232184345,1351.5041741308,22.3570507501946,4.4719322241397,10.4095631984598,6.09577525322396,8324.22198208946,8314.12056141432,28.7191056490841,8.1381984113933,3.99871279742165,1.84228430617333,15.504101350246,3.13396420596088,2.59301091485469,21.0683267535231,5.66249436978922,9.88470870457573,2.50311724415338,0.831305960447031,2.97154561197906,60.4768194827232,1.2733794109616,0.273379410898352,14.4819653182023,0.0707922248889532,0.676652028843095,1.05483689752524,0.611557014247719,8,0.132338774400446,0.0264708452092841,0.0616176458657528,0.036082908924166,49.273821813791,49.2140281653896
"3",4,0.494676915656899,0.834010967244219,0.001,6.8880620254612,2.61831294351304,8.48000408068364,2.34421766254412,21.6987857360415,5.49166409429653,37.6009590195169,44.9257342970188,8.99884367685853,1.83973161341797,12.2324789302873,19.2884260987933,167.592779855662,0.135650206789088,0.176130664722918,0.00165024220713763,0.154546650421238,0.136854734117892,0.0177618135717218,0.0253101668460475,0.0156316871580921,0.253763587465319,2.21449620256271,0.24089844380303,0.136607008341605,0.000358267186998781,0.00728494590002685,214.218704170001,46.0285528297896,2437.25761428899,11.8935187643405,113.882897911794,177.143486594628,103.335146852867,1345.52121058677,22.2237236756706,4.45152023454697,10.3511746365844,6.05112494807252,8300.47166793693,8290.42794253648,29.0588115187511,8.10703960614479,4.02206538476727,1.83810348675097,15.5854137142936,3.14638958433858,2.61542980790689,21.0327666284697,5.63957184677611,9.85787465503534,2.49358186148658,0.82662607625744,2.97378663523485,60.3953190494492,1.27366972729673,0.273669727196449,14.4910840207484,0.0707147158781921,0.677108005526754,1.0532334099282,0.614394755220864,8,0.13213451263829,0.026467187284878,0.0615444754353321,0.0359778792067273,49.3517105646648,49.2919940751948
"4",4,0.49233561305199,0.761653851364584,0.001,6.68602371513862,2.59882323504194,8.45430397444845,2.35749175479128,21.6581372397134,5.45310004981905,37.7849963174132,44.8520682956043,8.99730110016324,1.83945777471251,12.1951013192256,19.2619761604612,167.861221053921,0.137941048243168,0.176049429805205,0.00166703558451708,0.155072613388573,0.138158248609184,0.0179489985956362,0.0255374229067939,0.015678479101607,0.254278649277958,2.21883045788043,0.241357632174257,0.136852731778276,0.00035963319505722,0.00729659512029286,213.254920531712,45.8608111140636,2427.27832350625,11.8237494238387,113.419031182774,176.021892024188,103.34944070056,1339.15286750141,22.0822705409661,4.42969175296222,10.2891626038917,6.00408268423207,8274.38819840962,8264.40571752377,29.4166072811579,8.07376964703509,4.0463593388119,1.83353972320631,15.6697747071625,3.15941669274338,2.63927837435082,20.995880246978,5.6150499261473,9.82873498049431,2.48336792313121,0.821675117159805,2.97574466493781,60.3020224306044,1.2739690931901,0.27396908733582,14.5003808447056,0.0706342029250145,0.677556888001236,1.05154173983204,0.617401900611326,8,0.131917847928248,0.0264626502945978,0.0614666949746471,0.0358679450565459,49.4305819699162,49.3709473688002
"5",4,0.48984613046578,0.695574293483638,0.001,6.48328912387551,2.57855059702056,8.42620773255611,2.37097133661677,21.6144397440182,5.41285419161572,37.9749863444401,44.7710386993874,8.9954229114476,1.83900191354368,12.1544772672641,19.2329035023269,168.145858450699,0.140393544646973,0.175979915093393,0.00168490512787043,0.155628371706061,0.139544821808423,0.0181491603872643,0.0257809163158609,0.0157296822661417,0.254843775422622,2.2235850435395,0.241861275549892,0.137122246207001,0.000361092076072734,0.00730943020026516,212.22876424812,45.6810790007772,2416.62723406578,11.7491608054801,112.923183325082,174.822287643034,103.343889529527,1332.38147486692,21.9309200638286,4.40637310507583,10.2228211888918,5.95382365720359,8246.47682565345,8236.55981159215,29.7955484888403,8.03895240393136,4.07178761882878,1.82850276506954,15.7578454951385,3.17287773770188,2.6643001677163,20.95793725695,5.58895846755782,9.7979453327013,2.47250457246384,0.816401673396138,2.97773743726089,60.2045590331419,1.27428228777689,0.274282282439208,14.5101220913157,0.07054532670775,0.678023136497665,1.04968308815909,0.620506312817648,8,0.131679525586434,0.02645712621014,0.0613807464707529,0.0357484625507766,49.5142088430919,49.4546642502055
"6",4,0.487201885765358,0.635227665281861,0.001,6.28043254822807,2.55751192938734,8.39563664008343,2.38461402707429,21.5676483068961,5.37093182805028,38.1711528606889,44.6823162080188,8.99317496027607,1.83834587211621,12.1105075929664,19.2010914995453,168.446634801635,0.143018725697187,0.17592254835984,0.00170390342099732,0.156214517473416,0.141018479020655,0.0183630271687907,0.0260416451803273,0.0157856999749579,0.255461555584945,2.22878160763127,0.242411655954874,0.137416770855937,0.000362647625863214,0.00732351531582464,211.137286413566,45.4886457040232,2405.26869094832,11.6695873774566,112.393515391095,173.541921958205,103.316986975363,1325.18912928177,21.7693087169108,4.3814917996643,10.1519818998905,5.90026213686894,8216.59897892099,8206.75181261854,30.1965856500302,8.00247847368962,4.09834555092458,1.82295896128324,15.8495625922368,3.18675502784268,2.69054431591291,20.9190380049178,5.56122146883093,9.76538833707903,2.46095874357635,0.810794970052079,2.9797301123758,60.1022725928834,1.2746092267026,0.274609229423288,14.5203043870541,0.0704478303940285,0.678505507825951,1.04765074281743,0.623711648050473,8,0.131418577082408,0.0264505145890473,0.0612862371148042,0.0356191399793131,49.6025739865477,49.5431278828339
"7",4,0.484396229076306,0.580116589298504,0.001,6.07814258650689,2.53575886140817,8.36351457867224,2.3985021225436,21.5192859904993,5.32705886304575,38.3783540202855,44.5882903349719,8.99052887260675,1.83758871383603,12.0644993695063,19.1673609136748,168.751114434564,0.145818566389019,0.175868264164883,0.00172403633521016,0.156825354070484,0.142582464598157,0.018591085739179,0.0263205453767879,0.0158468326957042,0.256114544715107,2.23427337631774,0.242993225695482,0.137727982092555,0.000364289181317505,0.00733848885271419,209.976796414494,45.282078692219,2393.12429587729,11.585686369804,111.824099650589,172.189530132252,103.279610919899,1317.55774308755,21.5983996992199,4.35497828329236,10.07698578784,5.84399800028231,8184.01360881895,8174.24034845271,30.6185154281205,7.96368057737819,4.12583324076668,1.81692936709409,15.9441557296509,3.20119031807765,2.7183756857142,20.8791171216381,5.53166430554062,9.73021203280207,2.44863928187478,0.804882051931809,2.98134761744798,59.9865716765268,1.27494554233311,0.274945543326885,14.5306681756157,0.0703464356265961,0.678978057620707,1.04550730188869,0.627097287913162,8,0.131142030396976,0.0264427319782552,0.0611858468637629,0.0354838216750185,49.6920223907037,49.6326807160483
"8",4,0.481422439012263,0.529786839542012,0.001,5.87704768956063,2.51339339211244,8.32969524329661,2.41258696167213,21.4690617014046,5.28160009125429,38.5965118439008,44.4883842074255,8.98745921501953,1.83669176340672,12.0162551250808,19.1315268698177,169.059786898707,0.148807246858104,0.17581453633735,0.00174536127555026,0.157461812998925,0.144240552705815,0.0188337565605475,0.0266186323299287,0.015913582981745,0.256806513751266,2.24009194460546,0.243609321141506,0.138057663749309,0.000366016709090593,0.00735445589283344,208.744132919769,45.0605031728973,2380.15919853582,11.4971615470124,111.213254692785,170.761226072527,103.229038162536,1309.46903411336,21.4177064328534,4.32676453581794,9.99761994217341,5.78489485011003,8148.61259616447,8138.9174947669,31.062639717573,7.92229147247062,4.15423769476915,1.8103639015341,16.0414613250999,3.21607536183059,2.74781581262072,20.8383441363884,5.50020652156914,9.69235038289034,2.43551340714365,0.798649068041599,2.98252836610227,59.8573097306736,1.27529022821749,0.275290225268491,14.5412171591972,0.0702401431266964,0.679440303179601,1.04323949096299,0.630661958233673,8,0.130848188845369,0.0264337035735869,0.0610789239407578,0.0353419268384731,49.7826974682569,49.7234667349138
"9",4,0.478273754339316,0.483823597755262,0.001,5.677056656094,2.49012272553946,8.29262807683129,2.42659521078657,21.4152555870111,5.23373317935794,38.8198044588862,44.3786242169591,8.98388536421849,1.83553100453551,11.9636939429343,19.092148745243,169.390921344287,0.152009781794108,0.175789233389003,0.00176801386890727,0.158133002349005,0.146000851913913,0.0190936165039938,0.0269376998844829,0.015986630876695,0.257569457168976,2.24650583457525,0.244288333991337,0.138421012165822,0.000367868121082975,0.007372045573842,207.43795927816,44.8248825575907,2366.40198872462,11.4029314914604,110.565274799511,169.239304684914,103.147186784831,1300.90461180294,21.2251312166587,4.29675658169881,9.91304129344389,5.72192081785373,8111.13505724206,8101.52319023281,31.5325989256882,7.87973174155097,4.18383153547488,1.80317979232464,16.1426243128244,3.23139038105631,2.77854796153848,20.7970818346838,5.46694552581507,9.65268873053599,2.42164034236274,0.792034071139999,2.98382801335789,59.7247981759341,1.27565361762025,0.27565361611236,14.5523474496412,0.0701230905817571,0.679928559227886,1.04074843397081,0.634310530373958,8,0.130525365343997,0.0264231922477014,0.0609609110676011,0.0351873351262774,49.8799680385528,49.8208592189081
"10",4,0.474943408264986,0.441848034479692,0.001,5.47937493481812,2.46636862689737,8.2541216449784,2.44075945444346,21.3600456887199,5.1845107260614,39.0565513774525,44.2633663709231,8.97982481897762,1.83423052905624,11.909263876062,19.0508040176556,169.720778269887,0.155426822201719,0.175758163202832,0.00179195772527358,0.158828325857288,0.147863568596454,0.0193693919525199,0.0272782788338662,0.0160663515311794,0.25836872416583,2.25322394313266,0.244999462100639,0.13880153480374,0.000369803393387468,0.00739060276433378,206.053050121455,44.5722911518096,2351.73201731158,11.3040355141449,109.870379110147,167.64063492268,103.053620146021,1291.84607048076,21.022594085488,4.26490860514774,9.82396681787059,5.65622637522395,8070.30075563634,8060.77648848862,32.0261707853493,7.83394402258389,4.21420435619471,1.79540103614296,16.2458263382717,3.24709716498667,2.81112538518249,20.7552530925166,5.43158081252365,9.6097941843914,2.40686658607282,0.785092902078478,2.98442460509177,59.5739969985007,1.2760223053186,0.276022304330558,14.5635432644781,0.070002368068128,0.680393007314,1.03814619251219,0.63817894407602,8,0.130186371679185,0.0264112494675812,0.0608367640222931,0.0350272466942999,49.9768567791237,49.9178759617315
"11",4,0.471424640840975,0.403514186739444,0.001,5.28371637365241,2.44177862074249,8.21219456341252,2.45468348273557,21.3012062637268,5.1328737779012,39.2989954640083,44.1375310283874,8.97518325939408,1.83262514885001,11.8503191103409,19.0056596601691,170.07323297336,0.159089655813124,0.175757747564666,0.00181738126245299,0.159558576481994,0.149838710266049,0.019664247411187,0.0276424789590945,0.016153579256996,0.259245708062325,2.26059357843367,0.245779419802712,0.139218881762031,0.000371870391544004,0.00741093879250132,204.58854275747,44.3041650003877,2336.19640888084,11.1991117915837,109.13468302898,165.943369072382,102.925082344618,1282.27502308745,20.8075197126649,4.23112254454178,9.72936791836886,5.58653243044339,8027.10257845954,8017.67127711297,32.5479208505945,7.78680024820147,4.24575957891002,1.7869143353278,16.3526001503564,3.26315146568524,2.84510442307417,20.7133312147096,5.39426018093059,9.56484845375709,2.39127840202382,0.77775079789365,2.98504177881563,59.4184710930801,1.27640975031933,0.276409751123203,14.5753219352633,0.0698702639601825,0.680881596000872,1.03530594348052,0.642140448758306,8,0.129816267730551,0.0263975978217473,0.0607006624519135,0.0348538797362967,50.0803801613913,50.0215391098118
"12",4,0.467710742807297,0.368506106611365,0.001,5.09098692003606,2.41663933119947,8.16813102065425,2.46859511284724,21.2402755154801,5.07966487277916,39.553343188918,44.0041584455678,8.96996448167276,1.83078647399014,11.7885820551304,18.9578206734186,170.431050691544,0.163005672304106,0.175762448250984,0.00184425039310667,0.160317958024986,0.151927932144011,0.0199777188913131,0.0280312925671628,0.0162488612324926,0.260176420022228,2.26841320268828,0.246606881510466,0.139661632295202,0.000374044152929771,0.00743260499079565,203.039799761342,44.0181477759529,2319.69808034063,11.088893492697,108.350630669253,164.159129867563,102.77513068556,1272.17322043585,20.5812176331865,4.19534875067824,9.62972040253686,5.51364646964983,7980.57678046772,7971.24333163702,33.0966390645885,7.73673742057508,4.278104096557,1.77774876150574,16.4614872640791,3.27952494993673,2.88091975687533,20.6713661225554,5.35474752350083,9.51678449592029,2.37475531828733,0.770044865849973,2.98508808174105,59.2471029695718,1.27680599779819,0.276806001376902,14.5873096089597,0.0697319724362564,0.681357720340202,1.03230677854591,0.646296457335262,8,0.129423995428141,0.0263822484755081,0.0605560327656494,0.0346723001621484,50.1854725584214,50.12677961516
"13",4,0.463795090862752,0.336535257179329,0.001,4.90149746327821,2.39100318133086,8.12178900932371,2.48235521991192,21.1773232093516,5.02477953092139,39.8198353999551,43.8627701532976,8.96410620611851,1.82872053852378,11.7238708941099,18.9070869446947,170.79486164789,0.167194598624049,0.175775127468668,0.00187267516019281,0.16110575059872,0.15413732447558,0.0203107652395061,0.0284462170618094,0.0163529449419801,0.261165546038361,2.27672195502211,0.24748597043974,0.140131989011819,0.000376324484897272,0.007455697468877,201.403931424122,43.7136008096641,2302.20344443866,10.9732427068837,107.516693611406,162.285235240335,102.601356541456,1261.52264714668,20.3433374687406,4.15750845237009,9.52486030413331,5.43747376659688,7930.61237885317,7921.38183768742,33.6736494757615,7.68376375443318,4.3112792041106,1.76785250279443,16.5723354897229,3.29613731480447,2.91862045901434,20.6296103918507,5.3129788382663,9.46549077170098,2.35726929567139,0.761964014112806,2.98448361839184,59.0594265172543,1.27721167355756,0.277211675326071,14.5995219326155,0.0695872894978336,0.681821726178838,1.02913878308815,0.650650905228025,8,0.129008147509699,0.0263650182532897,0.0604023103393453,0.0344819732179703,50.2923187105084,50.2337828376147
"14",4,0.459671187108186,0.307338134410346,0.001,4.71525569353404,2.36467520439709,8.07219269015592,2.49576307632785,21.111150909557,4.96772698584056,40.0947956588168,43.7107706011057,8.95755180953721,1.82632284700233,11.6549069090791,18.8525423444139,171.176346504233,0.171685330492144,0.175814417475446,0.00190278015638904,0.161928377170316,0.156475315340557,0.0206659837368263,0.02888940713568,0.0164667728441698,0.262235571437891,2.28570821884862,0.248436578617691,0.140640593859235,0.000378743024875916,0.00748066696199018,199.679009487286,43.3908053032686,2283.71631320397,10.8514181758524,106.634910963388,160.310675211406,102.39123509638,1250.30562893427,20.0925818116238,4.11752847387305,9.4142577682786,5.35742489453179,7877.60551447529,7868.48344024427,34.2819567361687,7.62872915818467,4.34541008358644,1.75715253521225,16.6857313193084,3.31297780675857,2.95802207782446,20.5884987774474,5.26898967303376,9.41146867407484,2.33884599017615,0.753471418723198,2.98358814133157,58.8615041124022,1.27763327536157,0.277633271732154,14.6122116727607,0.0694320999584843,0.682296606497927,1.02573752529965,0.655143719915307,8,0.128561090003252,0.0263457406162859,0.0602365216978387,0.0342791379678797,50.404351270113,50.3459842659507
"15",4,0.455332709860863,0.280674095351914,0.001,4.53256044401504,2.33772983751676,8.01928831036908,2.50870290167468,21.0417886223671,4.90847990583185,40.3785453130565,43.5478278949868,8.950239463143,1.82356403716952,11.5816158894207,18.7940739293394,171.575584691774,0.176501432799484,0.175882430575662,0.00193467402329859,0.162785353023406,0.158948829157646,0.0210445192476534,0.0293626363540042,0.0165912520703093,0.263390799563946,2.29540782840175,0.249462472378466,0.14118945425229,0.000381302689029489,0.00750760918205811,197.862148749213,43.0490268316047,2264.20091442123,10.7233091241972,105.70356765118,158.233936062237,102.142624764631,1238.50497082155,19.8287504839788,4.07533678865654,9.29780542294114,5.27348854749755,7821.4055466947,7812.39759236673,34.9229527510208,7.57156747305953,4.38049069265968,1.74559766136155,16.801458315941,3.3299571130937,2.99917674720737,20.5483481612314,5.22271044432917,9.35455996805586,2.31945352850081,0.744560970026879,2.98232296694485,58.6524278983411,1.27807092202764,0.278070918378623,14.6253811992005,0.0692661515412994,0.68278170950618,1.02209641327333,0.659780152174126,8,0.128081846749961,0.0263242337151265,0.0600582517922301,0.0340635761453549,50.5215932496837,50.4634072622864
"16",4,0.450773580467081,0.256323374750606,0.001,4.35389916817899,2.31032736466804,7.96379048958023,2.52129776169927,20.9702345978964,4.84761781656307,40.6750970024411,43.3755701500518,8.94216032654451,1.82050659836221,11.5049532640659,18.7322427139523,171.982305508484,0.181661522501339,0.175963462195328,0.00196839026558693,0.163673926396374,0.16156222678034,0.0214468550271708,0.0298675768820803,0.0167272804478915,0.264619102766293,2.30571875744978,0.250552844894921,0.141772778621965,0.000383989209534073,0.00753629694582966,195.949605320772,42.6865867167091,2243.58823783086,10.5893621523933,104.717678558262,156.061557947451,101.862550620201,1226.10413887046,19.5525610613399,4.03088962750715,9.17575218418111,5.18612897594941,7761.39638428147,7752.50796310426,35.5965036361079,7.51127958797322,4.41625724733159,1.73320248151538,16.9184213311406,3.3470296086134,3.04238756205365,20.5093877892067,5.17398116483494,9.29409782335298,2.29901081379736,0.735251915212236,2.98029246248085,58.4252020848628,1.27851851475708,0.278518506632128,14.6388103046304,0.0690927422341055,0.683254710515744,1.01825972525447,0.664625768013743,8,0.127575206323682,0.0263004715486603,0.0598693170884111,0.0338380978354879,50.6410255913929,50.5830310319069
"17",4,0.445988007326786,0.234085273744846,0.001,4.17931288899003,2.28243611893405,7.90519087830083,2.53336104870903,20.8959452276257,4.78485268407918,40.9827411714479,43.1925298176307,8.93324329586911,1.81708749048397,11.4242458870766,18.6665276515089,172.402526698311,0.187197064630031,0.176068826374203,0.00200408015950615,0.164596655714946,0.164324939684197,0.0218750161169664,0.0304065712810934,0.0168760018759629,0.265934766412468,2.31676049912121,0.251720298627777,0.142397302287462,0.000386817942469407,0.00756701825041833,193.939238499094,42.3033156248981,2221.86512694114,10.4491896192314,103.677616009265,153.78793684914,101.543394832464,1213.08737992886,19.2633503047679,3.98411937649003,9.04781462138349,5.0950766583885,7697.70914189247,7688.94593402825,36.3048561636138,7.44829513381331,4.45279581800136,1.71990166625682,17.0368179973238,3.36411359716993,3.08758647309752,20.4720648993864,5.12279456361999,9.23025039523554,2.27751859842342,0.725525171102339,2.97761201199479,58.1823942092716,1.2789795143065,0.278979511780126,14.6526303954885,0.0689097243421606,0.683727274553596,1.01419198249781,0.669652633520391,8,0.127036852404796,0.0262742449878503,0.0596680158154088,0.033600723197284,50.7644166067833,50.7066254995031
"18",4,0.440970577349636,0.213776505703056,0.001,4.00895763956428,2.25401512367748,7.84340509609364,2.54479458350962,20.8187767126444,4.72000162782383,41.3016915233114,42.9984515570117,8.92345708281617,1.81328939378417,11.3394734774789,18.5968608885511,172.836825213495,0.193138545173516,0.176203799765743,0.0020418463607491,0.165554000193617,0.167244726464435,0.0223310941302948,0.0309819758055109,0.0170386272029667,0.267342646987422,2.32857309907074,0.25296901084682,0.143065255681133,0.000389801202548325,0.00759987773324233,191.828650649855,41.8986543863627,2199.00181146377,10.3026475234143,102.582091538696,151.412333894876,101.182393091951,1199.43997039101,18.9610520082358,3.93498202176414,8.91395292765797,5.00037416620474,7630.22774278087,7621.59546016728,37.0495065091117,7.3827021079487,4.49002384601798,1.7056445100861,17.1563138395388,3.38120308069409,3.13483045471852,20.4368105078299,5.06909783354794,9.16289328120697,2.25495385484475,0.715379808589411,2.97427194985358,57.9231936295062,1.27945478146652,0.279454781702524,14.6668569715709,0.0687163861651579,0.684199920436233,1.00988686475416,0.674864240576984,8,0.126466033991211,0.0262454620082828,0.0594540995644964,0.0333513925808202,50.8919357776177,50.8343603569101
"19",4,0.435716315017374,0.195229685573567,0.001,3.84303650376091,2.22523805021848,7.77835127016326,2.55560732465363,20.7390916998937,4.65372184616026,41.6319932608004,42.792375950994,8.91267447702809,1.80904700868183,11.2501996428254,18.5228182930281,173.285844042341,0.199520889008344,0.176361906712707,0.00208183449817257,0.166549205021139,0.170330243984328,0.0228159588479915,0.0315960459630286,0.017216430220743,0.268852445432294,2.34123858938312,0.254307704037028,0.143781273171408,0.000392936397813029,0.00763506968493379,189.615236069542,41.4716892378971,2174.9695885911,10.1498804184145,101.42981425627,148.933039803179,100.776326057912,1185.14837684726,18.6453363602052,3.88339768008008,8.77397075163413,4.90189553158166,7558.8424085861,7550.34694108044,37.8322004701222,7.3140261885924,4.52792672200515,1.69045451474655,17.2765650095555,3.39805010725562,3.18413343011094,20.4040243312177,5.01284427634885,9.09196050652437,2.23128835713611,0.704800780484045,2.97014430766618,57.6474250405758,1.27994259469153,0.27994259654286,14.6815006868724,0.0685138206604325,0.684672510128016,1.00532924121702,0.680261327790857,8,0.12585992926763,0.0262137484618473,0.0592261419619017,0.0330888224788982,51.0237709050014,50.9664247183357
"20",4,0.430220772438185,0.178291950295495,0.001,3.68153805359656,2.19599690181817,7.70996003677103,2.56561218116042,20.6565013439276,4.58538934661812,41.9738580429175,42.5744348174266,8.90090868553697,1.80438347997992,11.1566406767314,18.4445158185808,173.750260300695,0.206378808422678,0.176555364281398,0.00212418831009703,0.167580680627537,0.173592012108983,0.0233325702060251,0.0322518184417491,0.0174108884539738,0.270467518094525,2.35478358104668,0.25573906767569,0.144546799140875,0.000396239351493741,0.00767267001900761,187.29720394351,41.0221414497189,2149.74355981754,9.99063561841048,100.219848110292,146.350807558406,100.322364607971,1170.20050103186,18.3164062332725,3.82935581009347,8.62796853048531,4.79981856975865,7483.44997646662,7475.09711979007,38.654173770761,7.24267912725814,4.5664601394708,1.67423751683494,17.3973650867223,3.41474049206498,3.23557868898323,20.37423039225,4.95399293432429,9.01730418759379,2.20650862792151,0.693798410715547,2.96523736561098,57.3539535601834,1.28044521449686,0.280445215421092,14.6965827337926,0.0683003338973169,0.685146506240048,1.00051782530844,0.685847353642442,8,0.125218925933608,0.0261791431927558,0.0589845485308017,0.0328136490492099,51.1601214996427,51.1030177354985
"21",4,0.424480115249866,0.162823698899995,0.001,3.524540063444,2.16636523054678,7.63817391797274,2.57478044147682,20.571101221165,4.51524014008513,42.3273264722674,42.3440510167143,8.88807864677313,1.79923645996567,11.0585938362621,18.361733447307,174.230779042255,0.213752310752664,0.176784390721365,0.00216906258236781,0.168650798626583,0.177040851713182,0.023882856161308,0.0329522888740408,0.0176235680939089,0.272196112059451,2.36927709749639,0.257270384495192,0.145365706160725,0.000399717487404912,0.00771284573833883,184.872620891343,40.5493817334566,2123.30056942504,9.82496651571801,98.9512640774774,143.665507987216,99.8172689953709,1154.58591347964,17.9742076557211,3.77281264833214,8.47588671684125,4.69415318611799,7403.95452808766,7395.75011679303,39.5169499104259,7.16849774387716,4.60557181626012,1.65698844935528,17.5184160703726,3.43114266259992,3.28920748255329,20.3479234664764,4.89250944123651,8.93883860083804,2.18059463457944,0.682368892726659,2.95949010082742,57.042279770126,1.28096224790537,0.280962248092917,14.7121183075995,0.0680761225371821,0.685622527849922,0.995442652192029,0.691622981572996,8,0.124541326519748,0.0261414077846269,0.0587284955957727,0.0325252759890061,51.3011942491068,51.2443467771337
"22",4,0.418491218511789,0.148697441917804,0.001,3.37214990413569,2.13634953436396,7.56291805006698,2.58298024065144,20.4829722530549,4.44332054845382,42.6924079262742,42.1007968362895,8.87410754963424,1.79365359918251,10.9559422044551,18.2742565338978,174.728143752617,0.221686269963533,0.177052300287468,0.00221663643887759,0.169759708752504,0.1806862906728,0.0244691251399581,0.0337002758069223,0.0178561880135698,0.274046456442803,2.3847875561922,0.258908836876585,0.146241817326269,0.000403374279067825,0.00775575978155492,182.339940730198,40.0529268826888,2095.62087566249,9.65289856522622,97.6233244036332,140.87775974048,99.2577656348271,1138.29611435207,17.6188137683361,3.7137360816511,8.31774294474247,4.58496560308716,7320.269500717,7312.21937873356,40.4222613258493,7.09146283782582,4.64522959506603,1.63867324905027,17.6391963696399,3.44715553252675,3.34501407787253,20.3256294329865,4.82837347993817,8.85647159450352,2.1535371512617,0.670513702173897,2.95280843243391,56.7118169714882,1.28149389903866,0.281493902176675,14.7281246012535,0.0678410367461951,0.686101432994536,0.990095691019165,0.697588364808403,8,0.12382587304791,0.0261003163224537,0.0584574986411302,0.032223359424868,51.4472071610912,51.3906305154754
"23",4,0.412251769527502,0.135796750609867,0.001,3.22430188823318,2.10598866824508,7.484166962912,2.5901949105492,20.3920145477612,4.36964758735632,43.0690676321907,41.8443305656231,8.85894780385311,1.78754158273804,10.8486317693235,18.1820115450618,175.243153259567,0.230226612471194,0.177363248338325,0.0022670911794015,0.17091010931442,0.184542998713352,0.025094174262878,0.0344997955093352,0.0181106534272034,0.27602639498862,2.40138006726507,0.260661251688184,0.147178762642476,0.000407224729055604,0.00780157208632919,179.697977684392,39.532376571316,2066.68857607076,9.47445651684028,96.2355404720055,137.988875381952,98.6405519070571,1121.32481311481,17.2503993203719,3.65211690829022,8.15358291431405,4.47236764385589,7232.32007281305,7224.43000288356,41.3712566702019,7.0115907232225,4.68537144137987,1.6192803989879,17.759595221504,3.46271688517326,3.40307886972144,20.3079250696459,4.76156553651639,8.77012074688987,2.12532312818849,0.658237535904956,2.9451795820947,56.3619114501355,1.28204049768758,0.282040501442242,14.7446203055469,0.0675947337009138,0.686584578145084,0.984470324873294,0.703742935166515,8,0.123071560487127,0.0260557288348621,0.0581710692134965,0.0319077404980103,51.5983949572876,51.5421038998725
"24",4,0.405760366032061,0.124015297360609,0.001,3.08100498274,2.07530492212769,7.40188610863528,2.59632594275102,20.2982757109863,4.29427036754732,43.4572213315834,41.5742873718872,8.84252765671976,1.78090596477901,10.7365874442973,18.084838351453,175.77656433835,0.239425377274501,0.17772127647231,0.00232064681502437,0.17210290133655,0.188624353189638,0.0257608611500777,0.0353546071932837,0.0183890360668087,0.278144917854558,2.41912928087616,0.26253545799617,0.148180704383029,0.000411276142777616,0.00785045906091865,176.945913410683,38.9873887593946,2036.49167377856,9.28972194717862,94.7875975158634,135.000686679435,97.9623224124421,1103.66819560721,16.869198061539,3.58794725863923,7.98348841547373,4.35648165133331,7140.0406355567,7132.31630857869,42.365342075534,6.92888849664179,4.72597791657787,1.59878809971927,17.8792492718294,3.47773394471407,3.4634194286337,20.2953942548106,4.69208170909903,8.67970827161352,2.09594878756351,0.645546519726312,2.9365283718672,55.9919571900194,1.28260224668942,0.282602245236902,14.7616226100138,0.0673370636874623,0.687073146752872,0.978559949207647,0.710085315875546,8,0.122277315799668,0.0260074342844699,0.0578687576374814,0.0315781983655804,51.7549797228937,51.6989895112793
"25",4,0.399016617996045,0.113255979324757,0.001,2.94226229868189,2.04431172821378,7.31606233681676,2.60130433694622,20.2017881364664,4.21723358125355,43.8567064627662,41.2903175327738,8.82476914056284,1.77371534020793,10.6197441148816,17.9826058484853,176.329180509479,0.249339925271874,0.178130978566543,0.00237751782177429,0.173339678068519,0.192944335104815,0.0264723559232839,0.0362687888188984,0.0186936094145517,0.280411617021438,2.43811485184004,0.264539810333772,0.149252080922321,0.000415541200676447,0.00790260880864326,174.083362268988,38.4177116046619,2005.02289427765,9.09881283859212,93.2794279227806,131.915630058435,97.219748273435,1085.32520094924,16.4755228579102,3.52122953706325,7.80757037456332,4.23745438070348,7043.38033511005,7035.82732609066,43.4059325392259,6.84338456242566,4.76697766421059,1.57718528824727,17.9977371995184,3.49211751075114,3.52604251915567,20.288645394315,4.61992800586027,8.58516203105173,2.06541318605456,0.632448884133399,2.9268147212725,55.601391003257,1.28317936129545,0.283179357273275,14.7791492726716,0.0670679190394484,0.687568502721189,0.972358367376409,0.716612850698795,8,0.121442110390511,0.0259552033545966,0.0575500900024044,0.0312345415143578,51.9171973815759,51.8615236792586
"26",4,0.392021259214823,0.103430118104801,0.001,2.80801379239439,2.01302653477964,7.22668439073042,2.60506510006976,20.102546739617,4.13858479200849,44.2672694308709,40.9921110608015,8.80560906801862,1.76595724121924,10.4980655105993,17.8751908282661,176.901875551393,0.260031770957683,0.178597433575144,0.00243796331826602,0.17462232765069,0.197519885959503,0.0272322850935597,0.0372470955894862,0.0190268710537496,0.282836731242208,2.4584216309154,0.266683194105041,0.150397612218935,0.00042003116721079,0.00795821911109673,171.110421750299,37.8231936012772,1972.28034114038,8.90186658715533,91.7112555054086,128.736812065892,96.4095039127325,1066.29782506432,16.0697789959293,3.45198595499813,7.62598491633819,4.11546486078485,6942.30586934074,6934.92960111211,44.4941459970463,6.75512530680392,4.80834712503745,1.55446466388497,18.1147967286311,3.5057975682144,3.59097400797249,20.2883112223925,4.54512376299332,8.48643694138353,2.03372201568593,0.618956088232972,2.91598483743351,55.1896892856808,1.28377207739294,0.283772077273032,14.7972192742411,0.0667870936461368,0.688072344139887,0.965860074285545,0.723321395929263,8,0.120565032531769,0.0258988502000548,0.0572146710765593,0.0308766632664686,52.0853045455437,52.0299633974686
"27",4,0.384776255494012,0.0944567288628318,0.001,2.67820600233919,1.98147515892101,7.13376895254366,2.60754551020802,20.000592196491,4.05838051042106,44.6886206673351,40.6793921426445,8.78497110861104,1.75760998361312,10.3715299616711,17.7624843481691,177.495424429194,0.27156854805602,0.179125985327787,0.00250226259195804,0.175952653617067,0.202369066778497,0.028044507055183,0.0382946213628177,0.0193915541077779,0.285431123879923,2.48013965428277,0.268975038459201,0.151622302782323,0.00042475810065791,0.00801749784221231,168.027709641187,37.2037823991575,1938.26754276636,8.69907457047665,90.083560463575,125.46807258499,95.5284451309416,1046.59141494371,15.6524641844193,3.38024828779443,7.43892583318139,3.99071846239575,6836.79677498776,6829.60247791854,45.6310411404356,6.66416418016965,4.85005436547068,1.53062525468811,18.230126063098,3.51869024680996,3.65822563566812,20.2950340516169,4.46770044364904,8.38348781988041,2.0008853620751,0.605081923024372,2.90398481272793,54.7563231298798,1.28438056908941,0.284380566230105,14.8158489748025,0.066494522666762,0.688586274852407,0.959060590740565,0.730206220054495,8,0.119645271007778,0.0258381503194442,0.0568621200362625,0.0305044998872679,52.2595288084259,52.2045365968216
"28",4,0.377284891932124,0.0862618528427688,0.001,2.55278227130381,1.94967540603191,7.03734581773949,2.60868579249434,19.8959746361309,3.97668583184351,45.1203708476879,40.3519033374656,8.76277502551181,1.74865213562384,10.2401258389711,17.6443822884532,178.110641597776,0.284024609804115,0.179722407971523,0.00257072010418465,0.177332578969417,0.207511249928683,0.0289133089228814,0.0394168916352321,0.0197906545893273,0.288206577625352,2.50336654090806,0.271425563703308,0.152931574256091,0.00042973587272309,0.00808066794732017,164.836406297573,36.5595427286223,1902.99431064687,8.49066837778293,88.3971350776642,122.11391966712,94.5735235511517,1026.21490605538,15.2241634899312,3.30606262852574,7.2466256457157,3.86344477052755,6726.85274183878,6719.84541671782,46.8175959801808,6.57056905352578,4.89206573252892,1.50567212060633,18.3433999900808,3.53071748311935,3.72779432937782,20.309464740161,4.38770405664192,8.27628656639788,1.96691945083523,0.590842690808242,2.8907699336938,54.300839469818,1.28500496591834,0.285004963485879,14.835054914271,0.0661901777312499,0.689112072382188,0.951955922265896,0.737260961563527,8,0.118682068639605,0.0257728677220936,0.056492070835889,0.0301180171734443,52.4401093934277,52.3854828228753
"29",4,0.369551880172867,0.0787779478016153,0.001,2.43167850132093,1.91763973535888,6.9374529880547,2.60845335224108,19.7887314529473,3.89356572542819,45.562050619552,40.0094311031955,8.73894089618213,1.73906788427075,10.1038658211462,17.5207940014981,178.748328900339,0.29748147320546,0.180393047850185,0.00264365148997015,0.178764911821962,0.212967472481458,0.0298434886658051,0.0406200322037668,0.0202274598409842,0.291175767854702,2.52820716461411,0.274045738313762,0.154331243233013,0.000434979528708422,0.0081479662649045,161.538308761083,35.8906691395797,1866.47718369942,8.27692175533656,86.6530984409843,118.679603670568,93.5418970610377,1005.1811140702,14.7855604888327,3.22949203890366,7.04936193633127,3.73390261121896,6612.49372583034,6605.67810228784,48.0546540693656,6.47442719547136,4.93431518768226,1.47962318775002,18.4542913576634,3.54181340700483,3.79967487102079,20.3322606177707,4.305196928498,8.16482491082046,1.93184759648283,0.576257832100417,2.87629940444908,53.8228423342597,1.28564539464519,0.285645391758312,14.8548527828315,0.0658740729564366,0.689651623796289,0.944543044108802,0.74447795129987,8,0.11767479736234,0.0257027673417121,0.0561042131624368,0.029717252415136,52.6272818561416,52.5730379118645
"30",4,0.36158343824211,0.0719433313256761,0.001,2.31477654916666,1.88539334623466,6.83415767703032,2.60677423080427,19.6789178980264,3.80909449165085,46.0131168617866,39.6518227510506,8.71340038620746,1.7288562785032,9.96279694852877,17.391645103741,179.409248504023,0.312026233596953,0.181144655123084,0.00272148160669487,0.180251112070673,0.218763593259345,0.030840470022942,0.0419110998917671,0.0207055727006988,0.294351968933894,2.55477125282319,0.276847030117949,0.155827386271813,0.000440501970806484,0.00821963728025537,158.135860537765,35.1974911641908,1828.73983235355,8.05813718354775,84.8529165123272,115.171146801412,92.4310055506711,983.50695201854,14.3374424028916,3.15062127042502,6.847461569301,3.60238237515704,6493.76079879209,6487.14129265178,49.3425369602118,6.37583739813514,4.97688181718044,1.45248818855252,18.5627289147719,3.55193230043681,3.87388510673066,20.3640746966626,4.22025440076744,8.04911665021514,1.89569939930777,0.561349829872365,2.8605144298138,53.3219484113646,1.28630192364748,0.286301920627622,14.8752569860356,0.0655461533200904,0.690206948415979,0.936820194834709,0.751848314735075,8,0.116623008091325,0.0256276481947278,0.0556983277464167,0.0293023439662611,52.8212701330834,52.767426030595
"31",4,0.353387367991464,0.0657016724435398,0.001,2.2020372690365,1.8529462551351,6.72753623252782,2.60363182236858,19.5666060615324,3.72333171945045,46.4729321335527,39.2789424727145,8.68606235192512,1.71798005752393,9.81696880837129,17.2568845035542,180.094141889381,0.32775816894692,0.181984977380375,0.00280456419445588,0.181794375372463,0.224923215421591,0.0319099760461204,0.0432972105085072,0.0212289421331292,0.297749806547511,2.58317968228003,0.279842070494858,0.157426693426756,0.000446323367147954,0.00829594701282688,154.632197250917,34.4804915765013,1789.81349864985,7.83468201353636,82.9984019312533,111.595245643239,91.2385953862341,961.213640936783,13.8806820979207,3.06954471275657,6.64128412950326,3.46919276884463,6370.71881087006,6364.29947929696,50.6819658311996,6.27493147961381,5.01964685306719,1.42430112289271,18.6682674372311,3.56100161533667,3.95037667093829,20.4055487610214,4.1329704094034,7.92918553584286,1.85851070154484,0.546143546459224,2.84340067082033,52.7978912540092,1.28697463843909,0.286974633800637,14.896280472304,0.065206582011473,0.690780058846143,0.928786200199822,0.759361636169161,8,0.115526301390337,0.0255472422115445,0.0552741563095653,0.0288734376716803,53.0222921485905,52.9688652615825
"32",4,0.344973112356644,0.0600015273456985,0.001,2.0933457767298,1.8203290565641,6.61767116576699,2.59898441659907,19.4518783055215,3.63635926570162,46.9407942022487,38.8907289365681,8.65685285186003,1.70644981875,9.66647133022619,17.1164615127419,180.80367406834,0.344782516573959,0.182921970598657,0.00289338461815166,0.183397350977096,0.231476817061076,0.0330585551977364,0.0447868688849119,0.0218018976324514,0.30138489338135,2.61356121489515,0.283044292783684,0.159136277408984,0.000452457000049899,0.00837717164503801,151.031158058264,33.7402996128963,1749.73728932161,7.60695474339909,81.0917390387143,107.959361394241,89.9628437357914,938.326865610072,13.4162558030665,2.98638147151965,6.43124336878934,3.3346727002944,6243.45611057199,6237.24061688716,52.0729027564078,6.1718420937801,5.06266295872953,1.39509534894205,18.770857642629,3.56898050776388,4.0291540869087,20.4573062698098,4.04345682478411,7.80509078684525,1.82032673103874,0.530667399902215,2.82489542173261,52.2504352390665,1.28766350911262,0.287663507031395,14.9179340671141,0.0648554785944727,0.691373055686652,0.92044139713765,0.767006441213214,8,0.114384496872259,0.0254613319172354,0.0548315825070867,0.028430798030077,53.230543337477,53.1775511965707
"33",4,0.3363518032607,0.0547959153841995,0.001,1.98862966305666,1.78753896987112,6.50469817410564,2.59281445125071,19.3348219966082,3.54827519365271,47.4159091502337,38.4871556946207,8.62568305236994,1.69423712083088,9.51140631869252,16.970359807882,181.538469794757,0.363217088482901,0.183963976217743,0.00298842230496158,0.185062813759154,0.238454479324788,0.0342936030929877,0.0463890237778476,0.0224291868450096,0.305273719066701,2.64605198456402,0.286467910742731,0.160963653656608,0.000458926812190063,0.00846360807322849,147.337315293175,32.9777023904069,1708.55855751286,7.37540006048251,79.1354781919939,104.271618154551,88.6023696995926,914.876904869105,12.945224220261,2.90126404901989,6.21778650649205,3.19917866683745,6112.0876004269,6106.07916766547,53.515430685674,6.06670925826464,5.10589450260442,1.36491228779233,18.87020924839,3.57584948685573,4.11017743476805,20.5199450394933,3.95183674187141,7.67689549465334,1.78119630995912,0.514951486914432,2.80500087829033,51.6794609392258,1.28836843084812,0.288368432648326,14.9402268079535,0.0644930483760565,0.691987984576492,0.911787083920053,0.77476975735676,8,0.113197516748884,0.0253696560363822,0.0543704751832742,0.0279747244667427,53.4462074003399,53.3936675866932
"34",4,0.327536282551745,0.0500419318577164,0.001,1.8877865327901,1.75460771980402,6.38872813874246,2.58509036946761,19.2155498171031,3.45915237907871,47.8974106118097,38.0682704870375,8.5924759418931,1.68135414709667,9.35191241764254,16.8185683256905,182.2990926368,0.383189318092854,0.185120713373166,0.00309025194037722,0.186793762748929,0.245892006527166,0.0356231265222114,0.0481138612139508,0.0231160127817948,0.309434395151368,2.6808010751246,0.290128454569356,0.162917035931537,0.0004657485945332,0.0085555657207429,143.556000217249,32.1936643052507,1666.33311081371,7.14050064395748,77.1325653157648,100.540804109953,87.1563323091482,890.898688540746,12.4687397984986,2.81434762792297,6.00140960952375,3.06309062802414,5976.75533395214,5970.95671148136,55.0091258313853,5.95971410228425,5.14938912900687,1.33380098319597,18.9662812540811,3.58157778545373,4.19342767663933,20.5940254715921,3.8582569578482,7.54470614671027,1.74117969524881,0.499029645907362,2.78366539665702,51.0849125607897,1.28908933923688,0.289089340634074,14.96316591098,0.0641195299605014,0.69262704105765,0.902825925355302,0.782637428297545,8,0.111965501432463,0.0252719880643915,0.0538908379748885,0.0275056247577722,53.6694500582715,53.6173801872941
"35",4,0.318541101019905,0.0457003943906086,0.001,1.79073040978268,1.72154042318984,6.26992001123456,2.57580145356108,19.094186885426,3.36909242407658,48.3843792827609,37.6341783238087,8.5571499393866,1.6677927929517,9.18814929934627,16.6611048631418,183.085976865386,0.404839961620601,0.186402047791682,0.00319948421413882,0.188593283242384,0.253827033711154,0.0370562922275129,0.0499724924913532,0.0238680796970915,0.313886027243844,2.71796579148858,0.294042313989548,0.165005081696808,0.00047294615034188,0.00865337251810426,139.693283481384,31.3893081872586,1623.12512987309,6.90278194458954,75.0863009935632,96.7763185934236,85.6245191605297,866.431794774143,11.9880325992455,2.72580396328462,5.78264148524941,2.92680319414903,5837.62744066082,5832.04086520049,56.5534235232592,5.85103132486921,5.19316323060097,1.30181831043639,19.058933053539,3.58617154250079,4.2788706408253,20.6800631297632,3.76287592704686,7.40864192651159,1.70034128329469,0.482937400161038,2.76088342519066,50.4668221473869,1.28982601353219,0.289826004784979,14.9867550074955,0.0637352598205511,0.693292203231173,0.893562024636003,0.790594432724851,8,0.110688759775908,0.0251680880570194,0.0533926988379442,0.027023968527489,53.9003990931108,53.8488167251135
"36",4,0.309382485482397,0.0417355199914234,0.001,1.69737521464572,1.68835835913743,6.14842537104857,2.56493714421871,18.9708493848169,3.27818649544001,48.8757753005625,37.1850209829742,8.51962379239117,1.65355110206136,9.02029979805427,16.4980030761619,183.899595667847,0.428323774846728,0.187819156873504,0.00331679538021425,0.190464840524511,0.262301276683872,0.0386031042762811,0.0519772008580883,0.0246916451728839,0.318649563231915,2.75771832176633,0.298227406257463,0.167237253690408,0.000480542046326786,0.00875738200375398,135.755982420458,30.5659368337851,1579.00751598096,6.66279516317142,73.0003879688368,92.9880067480919,84.0072713464843,841.520360512119,11.5043942144276,2.63582238426494,5.56204459758228,2.79072277131839,5694.90423363705,5689.53139869263,58.1475148483565,5.7408684851703,5.23724483432921,1.26902821820092,19.1480949626439,3.58962572094012,4.36646281631614,20.7785221475226,3.66587019167514,7.26885568200924,1.6587541338253,0.466712812086573,2.73664093406703,49.8253998807041,1.29057823235879,0.290578227390089,15.0109976188339,0.0633405486148112,0.693985708670543,0.884000065704913,0.798623779420957,8,0.109367708773454,0.0250577170364446,0.0528761499645467,0.026530293523689,54.1391937818007,54.0881163728962
"37",4,0.300078305317213,0.0381146301291538,0.001,1.60763238376374,1.65508141905705,6.0244291747258,2.55250282011458,18.8457046294371,3.18653149080859,49.3705748364505,36.7210543537158,8.47981941110475,1.63862904029216,8.84858210280992,16.3293316381829,184.740129050434,0.453809990243314,0.189383954497845,0.00344293513027006,0.192412065635413,0.271360934243038,0.0402748040284981,0.0541417010868602,0.0255935627295624,0.323747097281557,2.80024010546171,0.302702597390755,0.169623505862261,0.000488560650659622,0.00886795528286975,131.751638577979,29.7250140646737,1534.06115171377,6.42113782828766,70.8788500800196,89.1862960055821,82.3057690525484,816.21299046282,11.0191917599243,2.54460983828032,5.34021542024544,2.65526752187142,5548.80846196948,5543.65048495374,59.7902098176133,5.62944071107197,5.2816730312179,1.23550439327052,19.2337509757863,3.59196059365244,4.45617434576722,20.8897983720939,3.56743134666435,7.12551852190501,1.61649707833446,0.450395786062027,2.71092947256542,49.160844604429,1.29134566704969,0.29134566013529,15.0358905789422,0.0629359042633876,0.694709355604144,0.874147283100805,0.806708739157688,8,0.10800310104034,0.0249406453267787,0.0523413911088807,0.0260252414788527,54.3858872799671,54.335332073657
"38",4,0.290647972011301,0.0348078813964875,0.001,1.52141653502713,1.6217258830679,5.89812170388082,2.53849484323404,18.7189154630098,3.09423076100032,49.8676600908323,36.2425705761328,8.43766199135717,1.62303438025432,8.67323456284308,16.1551709687065,185.607764585308,0.48148478994621,0.191109404890473,0.00357874692849563,0.194438422077895,0.281056568142809,0.0420839830735186,0.0564811071664098,0.026581348936955,0.329202645088201,2.84572813419428,0.307488351963997,0.172174630377985,0.000497028029212686,0.0089854813963906,127.688483200826,28.8681720355146,1488.37519655672,6.17842319572191,68.7260730228846,85.3818882752551,80.5218570797184,790.562483870739,10.5338296384295,2.4523893463048,5.11777335510155,2.52085803646867,5399.59463418451,5394.65203662709,61.4800625124999,5.51697917798299,5.32651816312643,1.20132285710563,19.315914225744,3.59320994096089,4.54796363895791,21.014217240234,3.46776457987946,6.97883335877788,1.57365569468544,0.434027800664365,2.68374987957612,48.4735455151134,1.29212792973064,0.292127922834595,15.061430077171,0.0625217950183643,0.695465058613853,0.864011536264252,0.814831047235822,8,0.106595795812155,0.0248166529157564,0.0517886791697374,0.0255095134201267,54.64053500487,54.5905189956789
"39",4,0.281112337877626,0.0317880195401712,0.001,1.43864583430776,1.58830855125504,5.76970632287005,2.52291843045098,18.5906629539271,3.00138687313754,50.3658699263526,35.7499344743359,8.3930796382442,1.60677562244985,8.49451914481534,15.9756266807028,186.502568000147,0.511552901329321,0.193009757236005,0.00372515966372386,0.196547626282295,0.291443530079398,0.0440447051384404,0.0590121558088697,0.0276632428257512,0.335042093848425,2.89439451455464,0.312606685511531,0.17490222968925,0.000505972327942014,0.0091103701262732,123.575397543037,27.9972019750764,1442.04644279297,5.93528822393214,66.5467596516075,81.5857514818697,78.6581524679857,764.625559027143,10.0497476590525,2.35939823909993,4.89535710362528,2.38791413594529,5247.5446024021,5242.81729107023,63.2153531460647,5.4037331564969,5.37185324190884,1.16656681171512,19.3946225482098,3.59342036751702,4.64178714907859,21.1520225101436,3.36708849833726,6.82902932090071,1.53032135855963,0.41765150668331,2.65511235845694,47.7640060260748,1.29292458076097,0.292924573546279,15.0876090998342,0.0620987687775835,0.69625461891467,0.853602137869142,0.822971730822756,8,0.105146866100988,0.0246855283477771,0.0512183465052233,0.0249838798376922,54.9031566151538,54.8536964706315
"40",4,0.271493549655336,0.0290301548312066,0.001,1.35919838429345,1.55460923873572,5.63929410636552,2.50551721900568,18.4617281359755,2.90682880348327,50.8647882992706,35.2439183159014,8.34600208191566,1.58995706333897,8.31283665291752,15.7908972931094,187.42442446545,0.544228684580843,0.195143032196543,0.00388320917803242,0.19873619173583,0.302582239331282,0.0461774422331824,0.0617523827751612,0.028848147797779,0.341292906648479,2.94646223736217,0.318080577729903,0.17781842950107,0.000515455818396802,0.00924292438205455,119.422225048466,27.1144181494252,1395.18017097616,5.69247186791823,64.3459312139706,77.8096700185501,76.7192329324233,738.462455062515,9.56849648734679,2.26588573065011,4.67366219518746,2.25688153060556,5092.96499403214,5088.45222902335,64.9930004478438,5.29118977392382,5.41777644494347,1.13130018059342,19.4699359585799,3.59305154246458,4.73759543825976,21.3032740467541,3.26565997842235,6.67634673953834,1.48660117115963,0.401315129342252,2.6251984390651,47.0321791745598,1.29373916552988,0.293739165354099,15.1144330917466,0.0616683686911214,0.697080056247663,0.842937045588466,0.831123991818148,8,0.103658583282063,0.0245470649468108,0.0506312776027788,0.0244495195674045,55.1737189520461,55.1248307251324
"41",4,0.261814889998329,0.0265115569234763,0.001,1.28308452540201,1.52113868459628,5.50732655093826,2.48683169892752,18.3311030208355,2.81333568708975,51.3616201726521,34.7243367924557,8.29638819814939,1.57241049879147,8.12827857284501,15.6010032312435,188.373142434053,0.579780569060753,0.197439861021505,0.00405407012858298,0.20102214341063,0.31454021339508,0.0484903276865339,0.0647242872984907,0.0301462221515849,0.347985524447183,3.00218347019624,0.323936426777854,0.180937076218306,0.00052544400877099,0.00938385759060796,115.238155361622,26.2210927443919,1347.88329589178,5.45044528864716,62.1287338611983,74.0634012758811,74.7068718646602,712.136500795454,9.0913484175817,2.17211796348191,4.45325990088956,2.12810436042519,4936.18890907464,4931.88935650111,66.8128432930725,5.17708890728473,5.46441340669086,1.09566019446622,19.5419852066674,3.59135859744673,4.8353490377398,21.4682251552321,3.16365764702423,6.52109664528172,1.44257309980726,0.385052980862761,2.59369088843507,46.2801473740415,1.29456254785874,0.294562547658804,15.1418532192769,0.0612292197640091,0.697941855717837,0.832013538900506,0.839242159683857,8,0.102130402330752,0.0244011417592629,0.0500270371864414,0.0239067016848383,55.4521657413817,55.4038654217803
"42",4,0.252100566023627,0.0242114675100241,0.001,1.21018132263228,1.48767075537004,5.37392968510276,2.46663538364807,18.1996611744807,2.71963287333318,51.8559724948017,34.192109302782,8.24415244187622,1.55423410134134,7.94127865134229,15.406192747518,189.348349128356,0.618469750766121,0.199962290678647,0.00423897963082338,0.2034032316148,0.327390600539294,0.0510076301447137,0.0679499977400879,0.0315681808565482,0.355152186742924,3.06181977653228,0.330201170033899,0.184272360428667,0.000536004508828891,0.00953352396877735,111.034034354705,25.3198418908941,1300.27314388189,5.20998505991647,59.9006579778047,70.3587190729974,72.6273334313618,685.713539584265,8.61985010877304,2.07835549698206,4.23484994636925,2.00200084295473,4777.57092531285,4773.48259908978,68.6711915539113,5.06301358412434,5.51183137142201,1.05972779785184,19.6109123880523,3.58883151993127,4.93502714252965,21.6467290333799,3.06135861552697,6.36354996332423,1.39835240720912,0.368913420911451,2.56079955721751,45.508110772964,1.29539847700278,0.295398476818702,15.1698698517194,0.0607832251709679,0.698841770155174,0.82085261569319,0.847319812006564,8,0.100565027361123,0.0242475071819889,0.0494066364673128,0.0233567019157126,55.7383881112734,55.6906909201047
"43",4,0.242375499027858,0.0221109292328987,0.001,1.14042052935332,1.45422109228834,5.23934465068045,2.44493658783917,18.0676416296756,2.62585129596596,52.3466208205219,33.6478772639817,8.18925140130364,1.53545616904324,7.75219045909886,15.2066659264011,190.349521686881,0.660596467341835,0.202730113491648,0.00443936274371553,0.205883103515371,0.341212209357561,0.0537513019589141,0.0714545541167837,0.0331259137636907,0.362827657162995,3.12565449922018,0.336904095101908,0.187839675040193,0.000547173274645366,0.00969242842069007,106.820623061635,24.412953510192,1252.46977642124,4.97174638181816,57.6673020763929,66.7064498090908,70.4863241322002,659.261357355772,8.15542104308565,1.98487389505555,4.01908311090627,1.87894103108308,4617.48573953345,4613.60603085718,70.5653262337701,4.94924083578755,5.56016766307415,1.02359857498004,19.6767875491759,3.58555852629559,5.03656886219746,21.838634871501,2.95901231024056,6.20403002046508,1.35404555861924,0.352939672698331,2.5265647927288,44.7170462153472,1.29624613206613,0.296246133498372,15.1984612772665,0.0603311124044559,0.699780764432368,0.809468949633491,0.855336941511796,8,0.0989643448940637,0.024086033533246,0.0487707409641164,0.0228005601738202,56.0322328983904,55.9851534373179
"44",4,0.232665082454077,0.0201926294364372,0.001,1.07371575251813,1.42080706095837,5.10378763107464,2.42172087470433,17.9353053496869,2.53201239727509,52.8323663219646,33.0923716492152,8.13166971167342,1.516119250185,7.56139871500785,15.0026527524903,191.376072146989,0.706486698666245,0.205770016549605,0.00465686270963161,0.208465176930793,0.356095895909016,0.0567464283685215,0.0752664598041475,0.0348324479170476,0.371049770729333,3.19399519867746,0.344076925849225,0.191655690453265,0.000558986396858069,0.00986108924870431,102.608954881539,23.5028269370208,1204.59689051038,4.73636918501783,55.43439946367,63.1170932756013,68.2902603696884,632.84902427509,7.69943937836563,1.89195560395582,3.80659836120403,1.75927345549546,4456.32726946554,4452.65296058165,72.491861787852,4.83617708779325,5.60964233955597,0.987368040164296,19.7399621411939,3.5816696123932,5.13996613712992,22.0436806774164,2.85687521608697,6.0428971151458,1.30976266206578,0.337174768809082,2.4910263235789,43.9080082378032,1.2971050085644,0.297105009700442,15.2276052493273,0.0598736065423276,0.700759863250714,0.797878683281847,0.863273959509226,8,0.0973305048506331,0.0239166756225689,0.0481201451238943,0.0222394079853172,56.3335278845709,56.287080043232
"45",4,0.222994924467405,0.0184407574761983,0.001,1.00999998377215,1.38744220843571,4.96753489946309,2.39705213597605,17.8029041748759,2.43831170994801,53.3120087533844,32.526326962873,8.07135559109303,1.49622729519066,7.36926636471001,14.7943988737363,192.427172618846,0.75650280948807,0.209104146129928,0.00489321970003255,0.21115446861193,0.372137018686939,0.0600210834350485,0.0794173225116211,0.0367020636571081,0.379858893944998,3.26717037374955,0.351753575504528,0.195738199619837,0.000571491071689129,0.0100400808878133,98.4101450977145,22.5918704281814,1156.78007818846,4.50448773178327,53.2077069035417,59.6006251206204,66.0461520287032,606.546194551341,7.25320582428797,1.79987133038536,3.59799983775697,1.6433089963787,4294.50099379251,4291.02828236157,74.4475512485496,4.72405377536285,5.66037906719697,0.951142713373654,19.8005574182525,3.57729409314581,5.24520855631508,22.2614970434,2.75519474196945,5.88048628719623,1.26560930759572,0.321658344370247,2.45426897531251,43.0822710468048,1.29797395129,0.297973946665579,15.2572725847419,0.0594116362083876,0.701779450686676,0.78609841302797,0.871111254140268,8,0.0956656675378617,0.0237392811502736,0.04745557545431,0.0216743128373824,56.6420303333253,56.5962272408369
"46",4,0.213390577837301,0.016840874407487,0.001,0.949211716898162,1.35415271849419,4.83083365836038,2.37085895193227,17.6707772579479,2.34483911052092,53.7843851011069,31.9505660540327,8.00829697278625,1.47582878369278,7.17618864667883,14.5821625723661,193.50189983325,0.811045340736073,0.212762019849789,0.00515052973314593,0.213951057423684,0.389438436280484,0.0636055611448369,0.0839400984442606,0.0387503836076656,0.389298756940984,3.34553491665164,0.35997060154806,0.200106377912943,0.00058472675796509,0.0102299836121441,94.2353502675607,21.6825535088113,1109.14600407704,4.27669633163133,50.9929983393932,56.1664550569978,63.761561196384,580.422371717458,6.81794975249889,1.70889511851556,3.3938693586138,1.53133104198427,4132.42369137952,4129.14822180327,76.4291417671369,4.61322388003581,5.7126894723988,0.915003702432513,19.8586335345466,3.57249889141661,5.35215172378421,22.4915895585226,2.65421936353391,5.71716828788936,1.22169319459574,0.306429108197126,2.41633870759847,42.2411186411613,1.29885207544596,0.29885207139281,15.2874328505995,0.0589459888525891,0.702839874190321,0.774145970849502,0.878829821913512,8,0.0939722531000963,0.0235538146258419,0.0467779261997971,0.0211064371961142,56.9574694945236,56.9123234803677
"47",4,0.203877272928361,0.0153797939794402,0.001,0.891306260463381,1.32122162217454,4.69412613937057,2.34351204294836,17.5387378986189,2.25297653789371,54.2481901513904,31.3658435582011,7.94248431010413,1.45484692432802,6.9825457622912,14.3662589683807,194.597948962914,0.870563694100901,0.216705540497793,0.00543101357122284,0.216868037371514,0.408118096094732,0.0675255619979666,0.0888765525204228,0.0409947018621604,0.399411251155655,3.42943011686562,0.36876326898283,0.204778638934757,0.000598687620499995,0.0104315036840146,90.0953023894498,20.7770297693297,1061.81802409235,4.05353889776686,48.7957745266854,52.8232168971581,61.4442948298036,554.546182365142,6.39478264774364,1.61929204142033,3.19473283252995,1.42358238811341,3970.49302435971,3967.40991520112,78.4336992692971,4.50249746610134,5.76674809901459,0.87908302516779,19.9144385972987,3.56691740752108,5.46095709652138,22.7334554148583,2.55414813820376,5.55324889484768,1.17810012285052,0.291519263849357,2.37708502096574,41.3860511464164,1.29973380402971,0.299733806561835,15.3180104071938,0.0584772057104927,0.703938118460341,0.762038850172828,0.886408335807032,8,0.0922524810535326,0.0233602479708945,0.0460878885708584,0.0205368993008565,57.2791684533907,57.2346908714452
"48",4,0.194479646929486,0.0140454739538267,0.001,0.836148581221952,1.28812418724203,4.5572100081749,2.31441224050577,17.408025701959,2.16016602226097,54.7027541919086,30.7732913896702,7.87391075509962,1.43352877039248,6.78876647349894,14.1469285360093,195.716732360843,0.935515378472466,0.221113168072336,0.00573703845192572,0.219895498553481,0.428297986321217,0.0718393169744694,0.0942644455713215,0.0434534747135192,0.410260228818973,3.51936922141047,0.378184039710628,0.209782628527944,0.000613534724111079,0.0106451339968364,86.0015100325326,19.8784302284381,1014.92692768783,3.8356127676393,46.6220905826667,49.5790101433524,59.1031795628493,528.984639648203,5.98477884432128,1.53131538360606,3.00112089208689,1.32027690685281,3809.18819515907,3806.29210077295,80.4557352072883,4.39538268411485,5.8226748100399,0.843433981798141,19.9681475146415,3.56172222496873,5.57132845299425,22.9862206627933,2.4553167381022,5.38926422933553,1.13497602262938,0.276971159904326,2.3370692284041,40.518489443828,1.30062770956415,0.300627711861851,15.3490570669545,0.0580071704190147,0.705080444130436,0.749798862610824,0.893835852808964,8,0.0905096805578537,0.0231585610444107,0.0453868890269896,0.0199669602161734,57.6075433523717,57.5637448120125
"49",4,0.185221476051411,0.0128269168528098,0.001,0.78367611632706,1.25509419203282,4.42002086009633,2.28370201108725,17.2767955204544,2.06766858956699,55.140599510525,30.1717444770212,7.80244525714399,1.41174033793405,6.59467657917591,13.9240332055014,196.867802897159,1.00649103209902,0.225984060563114,0.00607149174160982,0.22305308831301,0.450125348647876,0.0765865832432829,0.100153759380029,0.0461480686782302,0.421935110200025,3.61608243773152,0.388308504771193,0.215158115633323,0.000629309954436032,0.0108725161942629,81.9644483713849,18.9891465965097,968.60616123272,3.62302422509212,44.4788556952458,46.4376800764863,56.7401290649954,503.802414859838,5.58845504707987,1.44518042733854,2.81336692807419,1.22147573007663,3649.12927236407,3646.41450396101,82.4964822367417,4.29124445450749,5.88088430879684,0.808126742439649,20.0210604272811,3.55650325080276,5.68273723356732,23.2495084412101,2.35796539613753,5.22589156265223,1.09245430521321,0.262810416375126,2.29643337612262,39.6457007453113,1.3015332353131,0.3015332366248,15.3807307414704,0.0575308750927695,0.706290472349088,0.737395116923457,0.900990188080475,8,0.0887404249324151,0.0229483684033647,0.0446741316848494,0.0193961075858115,57.9454034316892,57.9022949697526
"50",4,0.176125425359198,0.0117140793176345,0.001,0.733871637694513,1.22243275910432,4.28417310286014,2.25204065066208,17.1485183928485,1.97685407107417,55.5692205357685,29.5670748393364,7.7287748034868,1.38977755654622,6.40322995103702,13.7005905963349,198.02344187881,1.08402493124211,0.2312618526947,0.00643751192053634,0.226327740606508,0.473741827192482,0.0818023476299364,0.106598131094078,0.0490998008483162,0.434350374693137,3.71884174963415,0.399058870731307,0.220863531630321,0.000645908601528482,0.011111942451851,77.9932044905907,18.110559731867,922.936699800402,3.41693171374449,42.3678645466937,43.4143705976029,54.373070020785,479.061156977019,5.20751363270537,1.36123374976956,2.63239727452711,1.12777159879915,3490.23631672237,3487.69629319979,84.5465781352643,4.18828159692961,5.94141600686556,0.773346434578513,20.0714295645943,3.55139743576,5.7960676460631,23.5218074017355,2.26188549758519,5.0622128996541,1.05048148368896,0.249083618183154,2.25437365833807,38.75508049957,1.30243420247628,0.30243420019521,15.412423843742,0.0570604677750303,0.707514920458911,0.724990869584286,0.90799379960406,8,0.0869619848215777,0.0227316905984906,0.0439592688522379,0.0188330292677559,58.2846054770381,58.2421887878854
"51",4,0.167212825020763,0.010697789331173,0.001,0.686636147177542,1.18973825340636,4.14816330467223,2.21833142454404,17.0202090521485,1.88603082170105,55.9889077773467,28.9534775862919,7.65182824892904,1.36724303985162,6.21048047682445,13.4721942649618,199.206759105186,1.16873466543711,0.237118033289655,0.00683900526910278,0.229729556432984,0.499294952862219,0.0875588179589723,0.113651325349914,0.0523346996055424,0.447804133808831,3.83012134476394,0.410694526143881,0.227035800955739,0.000663650427881739,0.0113678153331715,74.0983422009144,17.2459817769531,878.067515936298,3.21693070238406,40.296345700616,40.5016070201463,52.0114635515393,454.818884056474,4.8413927813792,1.2794838180771,2.4576313528007,1.03847198526611,3333.36378338642,3330.99249532087,86.6013011816302,4.08933328110035,6.00510836811633,0.739024063334338,20.1197620271087,3.54627283612283,5.91117176602121,23.8028096720236,2.16799570089384,4.90057828189716,1.00933574387483,0.235770318944988,2.21218830112989,37.8661075629877,1.30334680108337,0.303346802545018,15.4446976010305,0.0565839425785077,0.708789315715614,0.712399743105079,0.914851434270371,8,0.0851572870185057,0.0225053772027325,0.0432283080400072,0.0182661190494837,58.6319328459989,58.5902232662312
"52",4,0.15850346189493,0.00976967062207584,0.001,0.641884763423913,1.1572239346137,4.0134909292644,2.18347506521219,16.8963503560117,1.79596576015606,56.3942382427059,28.3388275089125,7.57233527888949,1.3444648298524,6.01887817256582,13.2409824399393,200.401882277366,1.26136889252293,0.243583613167977,0.00727959328047534,0.233258223151977,0.526980014468871,0.0939132097988034,0.121375414154999,0.0558778779450914,0.462244685855773,3.94947561271166,0.423167423390139,0.233648944180016,0.000682459876060989,0.0116379858718091,70.2881330813753,16.3969561070131,834.081144872128,3.02421838161492,38.2679976809088,37.7131110987264,49.6593444022018,431.129416354209,4.49180226620591,1.20024135633309,2.28975186917287,0.954013027075513,3178.64841275976,3176.43921112226,88.659264582359,3.99402981350297,6.07177149758232,0.705423806119045,20.1664699715801,3.54175931478027,6.02742349348299,24.090596905579,2.0763117274686,4.74032396620552,0.968948398680641,0.222904136510174,2.16930000181349,36.9673546617015,1.30426049190998,0.304260493207294,15.4771372721523,0.0561171335918358,0.710097640834017,0.69980121361502,0.921474481089965,8,0.0833494926732721,0.022271574349675,0.0424884367860744,0.0177025828604877,58.9827238352621,58.9417300815781
"53",4,0.150015400236173,0.00892207362746652,0.001,0.599568619004485,1.12502607722776,3.88013295048936,2.14729867944278,16.7748266520524,1.7073745481169,56.7880144137636,27.7213470606416,7.49032381385228,1.32153942867291,5.83012182401652,13.0094524831638,201.604972586412,1.36268759691805,0.25066760650477,0.00776397648887527,0.236914542169954,0.556979574638446,0.100926954630167,0.12984613264789,0.0597599149044077,0.477694137693618,4.0770492605039,0.436489608303001,0.240709143722933,0.000702355168296221,0.0119238050773327,66.5705821314046,15.5653461805909,791.073932838984,2.83861020492331,36.2866237382391,35.0506496954397,47.3282039494352,408.041888642391,4.15862897438801,1.12366392483359,2.12932613773922,0.874608058855487,3026.43940018493,3024.38506521533,90.7149065900796,3.90172807150688,6.14187941552396,0.672508037098366,20.2109082547898,3.5375553315695,6.14538424800474,24.3845485427031,1.98655268190798,4.5812331737977,0.929428731811135,0.210526156940281,2.1256353542552,36.0621779964236,1.3051715323227,0.30517153486136,15.5096612354382,0.0556533097985158,0.711429385036315,0.687197087770724,0.92790873225104,8,0.0815333737077694,0.0220303641583891,0.0417472067845538,0.0171474171294604,59.3358571151464,59.2955801724741
"54",4,0.141764841317619,0.00814801244517491,0.001,0.559605899412197,1.09309813600359,3.74813465169772,2.10969825148048,16.6561624137224,1.62005648623657,57.1708715311352,27.1018981428886,7.40594774440688,1.29841970255768,5.64372467717953,12.7765561799202,202.815826220739,1.47353136642981,0.258467032582207,0.00829734100104389,0.240699880525187,0.589497398632899,0.108680138819913,0.139139973731147,0.0640130221159303,0.494275877122682,4.21384931080069,0.45076528159821,0.248270984970349,0.000723457892553091,0.0122264789014128,62.9531444227012,14.7530983694115,749.138271005423,2.66033925939107,34.3562046489359,32.5151040809875,45.0267751700077,385.600368383924,3.84209628963289,1.04990300679242,1.97627075979777,0.800081733300689,2877.12193836158,2875.21534208849,92.7634329222363,3.8131895569352,6.21585569146442,0.640343341891895,20.2528932674472,3.53374602526564,6.26502431435312,24.683444909271,1.8990555135481,4.42413306157982,0.890834245554551,0.198637079983346,2.08147657414533,35.1537597170633,1.30608058672852,0.306080586618581,15.5422729318462,0.0551937078388326,0.712783647856456,0.674586577129278,0.934164567502209,8,0.079711465126143,0.0217821992482555,0.0410014288747793,0.0165991902269986,59.6912694958209,59.651713594335
"55",4,0.13376601459255,0.0074411072558675,0.001,0.521904148394874,1.06155373127309,3.61782557512658,2.0709569670638,16.5407115002716,1.53456119593723,57.5358320173523,26.4829876839357,7.31922904649711,1.27513820660695,5.45985964342652,12.5424675747584,204.036973093297,1.59492112302585,0.267033002642955,0.00888544342463538,0.244624363022992,0.624780002632436,0.117256595408755,0.149346285949139,0.0686725267079952,0.512078485465885,4.3605904690849,0.466067720848145,0.256372612257303,0.00074580621316525,0.0125465602527784,59.4423107065813,13.9618656937562,708.356891454257,2.48960871579325,32.480947007446,30.1082268676192,42.757438584598,363.843559691735,3.54252371698365,0.979064099439947,1.83066546815641,0.730343664735866,2731.08733086453,2729.32127202176,94.805796947392,3.72827891870139,6.29406508346738,0.609018946277412,20.2934461568161,3.53038817629143,6.38566464930813,24.9860565704627,1.81405017971997,4.26929758064102,0.853214082379061,0.187240113173906,2.03686190005567,34.2435937886108,1.3069861290263,0.306986127897063,15.5749771589616,0.0547402013745151,0.714173905619554,0.662003788510166,0.940127974139744,8,0.0778911402468696,0.0215271442544033,0.0402517053143924,0.0160584107159604,60.0497056081671,60.010874439205
"56",4,0.126031099509991,0.00679553174051826,0.001,0.486384573858574,1.0301287747002,3.48901738086208,2.03055658230945,16.4279775763907,1.45016446617284,57.8891531471964,25.8615503517072,7.23021825988664,1.25183919517625,5.27873651462341,12.3084939513213,205.265777476129,1.72781181571134,0.276541164935448,0.00953514958065036,0.24867497428111,0.663043747229727,0.12677496486801,0.160557309859545,0.0737776598706548,0.531227466800281,4.5182768971858,0.482499180538175,0.265067585085119,0.000769596954402629,0.0128861733978209,56.0438404064816,13.1932667935968,668.801630786943,2.32634935536369,30.6633517278471,27.8282805953536,40.5324090046857,342.804590667176,3.25935962585866,0.91123235699073,1.69269471695397,0.665284966961528,2588.62006063107,2586.98716270897,96.8332096521593,3.64848136840542,6.3771235893364,0.578504866113941,20.3311436322549,3.52792929481308,6.50777455191913,25.291320492342,1.73146135743601,4.11720010655938,0.816723813831587,0.176345479585925,1.99219411476722,33.3363651566045,1.30789007924094,0.307890084387019,15.6077636996705,0.0542898063491175,0.715587890306118,0.649426089450981,0.945901195215627,8,0.0760633833873741,0.021265347823196,0.0395022648596297,0.0155256956312453,60.410394285398,60.372287492979
"57",4,0.118570197130246,0.00620596505983403,0.001,0.452956457740238,0.998834145367986,3.36199828018948,1.98867547672805,16.3205330313802,1.36667719965161,58.2269844771383,25.2427740148309,7.1390869186153,1.22858001075514,5.10098987774024,12.0734960174775,206.498412383438,1.87338872759103,0.287175972316112,0.0102537794441207,0.252855435918437,0.704561352106456,0.137351612315177,0.172864716016528,0.0793691617407175,0.551801618150224,4.68752720179973,0.500121662981142,0.274388040029269,0.00079492787186176,0.0132450323686087,52.7624167068985,12.4485498852452,630.529853511064,2.17092646210518,28.9060929581593,25.6768533789112,38.3554723764116,322.51093619427,2.99304069105276,0.84648294327018,1.56216075793154,0.604825375363052,2449.96264823645,2448.45574633872,98.8445166991646,3.5749244172209,6.46531405083618,0.548930556922476,20.3661159387157,3.52675721077385,6.63030784002816,25.5974226579533,1.65156469651238,3.96791182243847,0.781270436100602,0.165956849305835,1.9475435941034,32.4298756133622,1.3087907611323,0.308790766158616,15.640520249056,0.0538506132591419,0.717026053113367,0.636923601584642,0.951421314985919,8,0.0742434529847967,0.0209973144665156,0.0387499605778464,0.0150029114051183,60.7722064162355,60.7348271715994
"58",4,0.111391322475221,0.00566754799984843,0.001,0.4215486253617,0.968116742841081,3.23688238714286,1.94574852976658,16.2155112470428,1.28590576097565,58.5477294088093,24.624673882613,7.04596971864462,1.20507895342442,4.92622588476583,11.8382844308364,207.738325678895,2.03296013938434,0.298837022543045,0.0110499016787934,0.257195802877352,0.749658013072781,0.149074519382543,0.186417384634369,0.085495623000717,0.573966598466817,4.86968568333731,0.519073635943369,0.284406278734298,0.000821794277513549,0.0136257279551547,49.6017212324738,11.7286714515347,593.595509741414,2.02300674435486,27.2115563336466,23.6502325650516,36.2317167042703,302.984397132601,2.74297498930529,0.784859885080184,1.43903663207058,0.54873881611573,2315.41276909875,2314.02468261603,100.838322110473,3.50496125496224,6.55917201961586,0.520308843840646,20.3993612536996,3.52564705292044,6.75422186882343,25.9038397923484,1.57437602429111,3.82202094580073,0.746965976864576,0.156064764688539,1.90279296372716,31.5302708068393,1.30968384383875,0.309683840158981,15.6732957963278,0.0534154699317931,0.7184939314677,0.624460738939006,0.956662245241982,8,0.07242551141945,0.0207234403489548,0.037996323129228,0.014488899661076,61.1361585880059,61.0995075526163
"59",4,0.104500414178388,0.00517584292223601,0.001,0.392087468089267,0.937439793678856,3.11364154193924,1.90085283223954,16.1145573900766,1.20605907554381,58.8642891055953,24.0094924859593,6.95003677008947,1.18173582062099,4.75460973100219,11.6037140865627,208.971483122204,2.20770814504212,0.31194291828558,0.0119337849428907,0.261643093133887,0.798551424698009,0.162131390642222,0.201306809220769,0.0922067943865596,0.597880757698246,5.06601830255908,0.539483929309371,0.29518953994961,0.000850505535125851,0.0140291237904999,46.5647436994056,11.0346029598878,558.031831640285,1.88261782982558,25.5800623462366,21.7468791958246,34.1741255102838,284.241126565215,2.50900190899565,0.726281721029376,1.32332067467279,0.496858686146323,2185.03706738271,2183.76065377424,102.801363936976,3.44216624943009,6.65943187008254,0.492573952184571,20.4269952304511,3.52585176614745,6.87948416438531,26.2089631134029,1.50008396241666,3.67935649154893,0.713910237308806,0.146667486983501,1.85838612026415,30.6362485406218,1.31057019825657,0.310570200540097,15.7058716557613,0.0529865006538704,0.719953868895677,0.612068477454054,0.961834789307113,8,0.0706161543704687,0.0204412846179102,0.0372450163187535,0.0139841462676535,61.4981257297089,61.4622009182954
"60",4,0.0979012941360575,0.00472679718925663,0.001,0.364524932318208,0.908263939283167,2.9982006117054,1.85838542187529,16.0424778375052,1.13076808422057,59.1779836572026,23.4265743470314,6.85759451057608,1.16015708337287,4.59708814709776,11.3836874972806,210.094293151856,2.39919929128342,0.325994292701902,0.0129135872904614,0.266124845444423,0.851710140003752,0.176478575442887,0.217660341572424,0.0995341011772863,0.622168552629639,5.26515104655537,0.560163530130824,0.306109994308251,0.000879406304674645,0.0144292628279019,43.651521210755,10.3650812807286,523.789246977077,1.75251767924595,24.0078011870214,19.9918948333574,32.1866732466811,266.291520050076,2.29349194574894,0.671367377245722,1.21632727327688,0.450060878858402,2058.02345347778,2056.8503190167,104.728698752287,3.37895734090884,6.76399816264351,0.466388496527946,20.4476877101802,3.52814112059492,7.00576229295261,26.5050870993177,1.42693856435436,3.53485064892845,0.681342179193175,0.137768133065712,1.80983880015664,29.6788338507458,1.31139050023212,0.311390502522331,15.7358145502667,0.0526495978217071,0.721248688129662,0.600601771460027,0.966960517274553,8,0.0689016892559748,0.0201693956193414,0.0365412243859105,0.013520847491464,61.8276827768534,61.7924391623107
"61",4,0.0915963329812903,0.0043167097618782,0.001,0.338643410916466,0.878430895295323,2.87945831091865,1.81159193375175,15.9512160222037,1.05567437360625,59.4485280173267,22.8255572845519,6.75905974083636,1.13689158256719,4.43348483781091,11.1470099635878,211.334454999603,2.60964690501382,0.342170807562232,0.0140061351198393,0.270886046177137,0.909452443051747,0.192641502214525,0.235703701673096,0.10758318568207,0.649765431469539,5.49123062152611,0.583626504778858,0.31849287602477,0.000911777020139271,0.0148778511082209,40.8673475529593,9.72459421356112,491.064505750289,1.62700807221643,22.5092207846097,18.3266526418743,30.2514842640146,249.14202570911,2.09073734551933,0.619105086662081,1.1144127022639,0.40609095347163,1936.82087446302,1935.74611105631,106.649347057705,3.32747225526921,6.87791582009564,0.440733783780994,20.4710658337545,3.53047389549445,7.13038682213365,26.8034928130702,1.35848885340085,3.39964880982139,0.650400790303441,0.12933707569882,1.76594876546143,28.7997424236135,1.31225865846253,0.312258654424372,15.7681789526313,0.0522435528116343,0.722775556489719,0.588472461511472,0.971381176753704,8,0.0671339920133878,0.0198795874730481,0.0357840135269688,0.0130396612876791,62.1917035137023,62.157192646942
"62",4,0.0855857036364337,0.00394220069577918,0.001,0.314458245769828,0.848409046550667,2.75921167438471,1.76068305436019,15.8442443490107,0.982093931312086,59.7200678779756,22.1949573481196,6.65485049295708,1.11254522343444,4.26600873918879,10.9061832041601,212.636287667472,2.84023937331214,0.360438670082709,0.0152284661673559,0.275857012574565,0.971997361397611,0.210746318581805,0.255618832659259,0.116422991051503,0.680859131105175,5.74574117076781,0.610022484192331,0.332414769029139,0.000947447954262678,0.0153799223639792,38.2115589683556,9.11241965881863,459.823642948353,1.50673009928583,21.0790261681574,16.7542681464106,28.3954668364007,232.7931138911,1.89957104181945,0.569560062035,1.01880592546414,0.365109359662648,1820.84517024862,1819.86262986598,108.529974297562,3.28446842306012,7.00240878958934,0.415642063945167,20.4887578162802,3.53090033238844,7.25841608553545,27.1024706153951,1.29334028900574,3.27254469765957,0.6214945215615,0.121367743462636,1.72515603158114,27.9893459604458,1.31315083439215,0.313150831878349,15.8019671720516,0.0517791982452085,0.724386587414888,0.57576507711472,0.9758181025813,8,0.0652792863179988,0.0195730896851679,0.0350115485268429,0.0125470845270258,62.573849881158,62.5400846080801
"63",4,0.0798675934126771,0.0036001832838166,0.001,0.291896422325799,0.81977659267106,2.64909408689916,1.71376366406664,15.7859268853681,0.912092223902664,59.9925826273389,21.6308474086275,6.55686359835557,1.09093365169599,4.1188084396152,10.6797411494152,213.757671482293,3.09302833688305,0.380546451436488,0.0165877122902802,0.280795264251165,1.04002837669238,0.230718585147735,0.277404606252342,0.126050764083634,0.711644472487972,5.99728390489053,0.636074391188896,0.346149199598809,0.000983084794423611,0.0158582774059236,35.6802359273761,8.52525430822598,429.905045955975,1.3976581696499,19.707060853054,15.3311251099938,26.6192399836485,217.239854082482,1.72760372600392,0.523680915935845,0.931116887903972,0.328959317799889,1708.12893760923,1707.23107947884,110.359980790047,3.24425527458903,7.1311412144574,0.392455795079644,20.4959025083796,3.53717549410067,7.38429978640062,27.3832495965139,1.22943964226031,3.14066312844038,0.592259607599219,0.113869004557002,1.67923558547859,27.0737440543898,1.3139480719345,0.313948077132812,15.8315350660381,0.051469678086572,0.725725431414499,0.564578729800576,0.980270957963054,8,0.0636201394371396,0.0192848929363399,0.0342889896271223,0.0121141424694565,62.9029675912299,62.8699033771451
"64",4,0.074439398886767,0.00328783861535763,0.001,0.270849393246118,0.791266549155629,2.53825019363182,1.66383329278569,15.7145621381561,0.844617926996442,60.2557666484341,21.0372654681769,6.45498482683901,1.06852105364709,3.96933543830352,10.4572187797601,214.933528383679,3.37042574192466,0.40312067695661,0.0181106542351375,0.28597519450238,1.11380624757201,0.253063816016515,0.301472436958931,0.136617205062249,0.746055249305976,6.27819734199276,0.665147528059869,0.36146698390829,0.00102196394091229,0.0163885247135442,33.2758160239069,7.96642039549718,401.464662313589,1.29363730949585,18.4037879564646,13.9950293795067,24.9189058265041,202.475197676991,1.56600139567243,0.480505190333098,0.849775154608422,0.295474944007256,1600.77166438087,1599.9522653493,112.153666910525,3.21142878275377,7.27078768678766,0.369948181198612,20.4982540049008,3.5416355400412,7.51236326586629,27.6615956010569,1.1683235616619,3.01670640876298,0.565225843494485,0.106804436830774,1.6359309186314,26.2208572411679,1.31476138433106,0.314761384058083,15.8622777215801,0.0511129277380644,0.727152407417832,0.552957865482084,0.984571350464609,8.00000129220727,0.0618743102005204,0.018985249490703,0.0335754819007422,0.0116745159950104,63.2481189325984,63.2157436422586
"65",4,0.0692965929930597,0.00300259234279235,0.001,0.251240135223796,0.763009481762964,2.43019506384313,1.61244351732928,15.6491621790741,0.779319273988399,60.5277952834488,20.4590150399776,6.3514890930496,1.04640298710819,3.82402076518977,10.2302646127028,216.075642590478,3.67440253016398,0.428667473747065,0.0198193053195595,0.291242202697456,1.19380042942866,0.278043357424421,0.327953722780941,0.148186566779939,0.783208103678762,6.5811566841332,0.696474515746111,0.377962507338305,0.00106357903568826,0.0169488888541633,30.9955428593656,7.43470124011921,374.435270533022,1.19617046435033,17.1643497642638,12.7587281707957,23.3020555251355,188.486762695097,1.41774003826422,0.440136554580916,0.773972303055051,0.264991610562364,1498.07682022333,1497.33058603062,113.890101106259,3.18701459866607,7.42104694910581,0.348375320839029,20.4908081194418,3.54747961707358,7.64199585791639,27.9312062472514,1.11038548687837,2.89660762811155,0.539051984971169,0.100156893551767,1.59332309984006,25.3780896805722,1.31555329654094,0.315553296472769,15.892270599225,0.0507694285188327,0.728511741762766,0.541522598294751,0.989016262801451,8.00000126285703,0.060173573646993,0.0186808502736753,0.0328499429526137,0.011247119897617,63.5833322312945,63.5516595854348
"66",4,0.0644336609435906,0.00274209346373731,0.001,0.232163631310306,0.730731397611186,2.29427637376209,1.55184536031836,15.3728305249093,0.718189172600011,60.0310101489024,19.6989683766218,6.21811757642881,1.01415789652208,3.62185563965641,9.93353136502435,218.582322421749,4.02798080377072,0.459675279214052,0.0217075226191895,0.299001397411624,1.28376250772062,0.309172386800336,0.358489992164886,0.161219638580478,0.839166565686578,7.03766658341915,0.743695709841418,0.402800477585846,0.00112152817487495,0.0178007502521899,28.8489847219098,6.94154000847225,349.390778305646,1.09051882756891,16.0580363038472,11.4979397916815,21.4889875224201,175.259557766566,1.26927664931776,0.400656079626995,0.698662289657829,0.233369418272252,1409.07966595218,1408.40592511856,116.203156668127,3.19085434156999,7.58440822300605,0.326066653346791,20.6147049544956,3.55484548868074,7.70358696854372,28.2552825609003,1.06513452671416,2.81968390303463,0.51959214744651,0.0940013131339943,1.58032254600876,25.0706821267399,1.31685758378255,0.316857584119567,15.9484952607725,0.0497784584859633,0.732994491529431,0.524841666301406,0.980898858642196,8,0.0579381422841818,0.0182885811071436,0.0318915463926206,0.0106525165872247,64.3196723264122,64.2889183593378
"67",4,0.0598454814667503,0.00250419494405234,0.001,0.215419599200937,0.704724194926187,2.19886910230465,1.50024966572052,15.3512280768074,0.659218907152149,60.4599887115116,19.1680169057881,6.12017983154466,0.994587642151004,3.49911100483508,9.72530015738641,219.403106213501,4.3911566490814,0.491275393819871,0.0238670701690002,0.30409351981971,1.37740613192834,0.339886375987896,0.390573956123497,0.175061864036229,0.88025699749989,7.37170607697657,0.77815211633021,0.420920050477266,0.00116667806895615,0.0183961537050336,26.8078219811147,6.46035828165197,324.990477727124,1.00848479892779,14.9277244824749,10.4738857518025,20.1014285217483,162.779709589561,1.1471192004897,0.366265108681885,0.635410370102925,0.20940598278996,1313.64110031773,1313.02845266475,117.717345739762,3.17381505903604,7.75657053617016,0.306673692190625,20.5615392378978,3.55993107069142,7.85109446147295,28.4965193880244,1.00975970319753,2.69999872745473,0.494445924233754,0.0881431768461912,1.53259626222011,24.1546732343032,1.31750189498232,0.317501894944591,15.9720387041637,0.0495631698309637,0.733640551152932,0.514751416043771,0.987908312279601,8,0.0563765203111414,0.0180005289163078,0.0312279888792073,0.0102915029553973,64.5604346453251,64.5303253569121
"68",4,0.0555195019961907,0.00228693602196561,0.001,0.200259491195209,0.681253467685079,2.12024244940373,1.45188661269354,15.4661403962778,0.601588486262433,61.3727927952925,18.7373712273573,6.02730504806485,0.979694045772419,3.40634489638513,9.55079979702546,219.404321233326,4.77458865996189,0.526119675393801,0.0263295622008821,0.308004823502488,1.47657197089269,0.371836331682202,0.424794882632454,0.189947542420053,0.915794585532944,7.65992830934066,0.807826802827724,0.43652153628261,0.00120747018721339,0.0188841471949295,24.8761980360361,5.9995673602881,301.648362672601,0.939280434296176,13.8246743628013,9.58114503264396,18.9299271783891,151.013045429639,1.04028951926063,0.334632974647687,0.579066135521945,0.189118572274568,1218.68002890907,1218.12186506865,118.773613045824,3.15649043209801,7.94226932778251,0.289302904384734,20.4131266708311,3.56261782225348,8.0413361939847,28.6845568527278,0.952691509125553,2.56326459574269,0.467785144884499,0.0825543297088683,1.47151980266006,23.0031926013184,1.31783041473071,0.317830414887353,15.9799896394062,0.0497589029675619,0.732369806778984,0.507566482372973,1.00282341168779,8,0.0551099153745802,0.017727367788426,0.03067635031792,0.0100186614599563,64.5602517553035,64.5306827156842
"69",4,0.0514441737633657,0.00208852604745717,0.001,0.186088393371493,0.657044589888955,2.04147559791194,1.40073218768952,15.5777280518614,0.545647464299608,62.2869424573374,18.3027239222398,5.93809883238141,0.965033182810373,3.31395486077176,9.37743463537061,219.407095866716,5.19425220321421,0.567107421285481,0.0291245685838229,0.311921044594832,1.58379924307094,0.407889220430347,0.462225662764097,0.206239904345576,0.954435332326911,7.97300147485562,0.840033955397445,0.453447131502531,0.00125231094707471,0.0194007989629312,23.0558653848735,5.56484630313504,279.645834305101,0.873442858797877,12.7875855854854,8.75143508190488,17.8016682831335,139.928152636355,0.941568509798613,0.305480588157068,0.526981665508527,0.170483669701493,1129.22948107547,1128.72167646828,119.757979572389,3.15586563682096,8.14456428039929,0.27244520891013,20.2529683709966,3.56961603320497,8.22838792047799,28.858768814975,0.898666253558193,2.43559717991607,0.442682492899061,0.0773053309941669,1.41414644091031,21.8981023302636,1.31815449288699,0.318154492761551,15.9879669122393,0.0499366477633864,0.731094370621342,0.500338776266023,1.01776049766891,8,0.053831540947764,0.0174649965658277,0.0301286999409216,0.00974692606109341,64.5605310897008,64.5314987843281
"70",4,0.0476121619487041,0.00190732972370518,0.001,0.172876313739946,0.632773417713357,1.96174032824051,1.35031482935464,15.7112843544827,0.493007521590625,63.2133994296805,17.8444859752721,5.84935311249807,0.94983840089867,3.22019794573444,9.18940473662204,219.41132257497,5.65349499515365,0.614107890575462,0.0322883280310032,0.316370305347212,1.69975837496085,0.448155104426681,0.503159471118359,0.224014159592218,0.997226055359069,8.31938191929292,0.875641439188062,0.472150799408814,0.00130110691504458,0.0199727280351126,21.3436066452546,5.1554716331261,258.9472393543,0.812339623444744,11.8140424591329,7.98001061685514,16.7207033943004,129.505080500475,0.849614556146033,0.278500347687415,0.478145734442741,0.153320586099193,1045.12529756771,1044.66474238188,120.665973347475,3.1660158095407,8.36097340699435,0.257000134714853,20.0810176120541,3.57628249132274,8.41318027660312,29.0109717712365,0.847257772401154,2.31695075706747,0.418684219049075,0.0723904372925618,1.35981975175337,20.8648047874643,1.31847223678156,0.318472239896855,15.996113100959,0.05018117407011,0.72979638565389,0.492954289423471,1.03289868349151,8,0.052483782280212,0.0172039797426414,0.0295368016510201,0.00947117042863072,64.5611921032778,64.5327419338146
"71",4,0.0440155078125971,0.0017418536289545,0.001,0.16059823065709,0.609117418214149,1.88297903368039,1.29656512736216,15.8138875855284,0.444105485141215,64.1475524390845,17.4056033851845,5.75292902488036,0.934565130825717,3.12545756317206,9.01055245170298,219.416088241234,6.15689757992441,0.667643076161875,0.0358892287506495,0.320648054475996,1.82510926252859,0.492896010132302,0.548258592144418,0.243533372954976,1.0441014742074,8.69858653624848,0.914603337003116,0.492605129361573,0.00135328193026982,0.0205776374300846,19.7358718322237,4.77059912679013,239.507332762049,0.753125265061311,10.9019326034123,7.26489021169342,15.686039419675,119.722181250264,0.766116471783557,0.253218092439938,0.43356462126314,0.137568601789741,966.188532557926,965.771054619154,121.511741521516,3.18505747614532,8.59573345295511,0.241488151018628,19.8972181739501,3.5808353993929,8.60000588855288,29.1563466174038,0.799903337603788,2.20263948963257,0.39653964941376,0.067766998880726,1.30752548234456,19.8732866024234,1.31877796586204,0.318777962577731,16.0042077590544,0.0503248609202665,0.72848205667908,0.485449906496914,1.04816262155367,8,0.0511929511328957,0.0169203794849422,0.0289713813587694,0.00919252224462372,64.5620400475818,64.534143600363
"72",4,0.0406466935949208,0.00159073390772101,0.001,0.149098071577418,0.586790559431813,1.80815036017251,1.24923311402586,15.9718048412922,0.400024810801962,64.9541868444265,16.9921151210001,5.66318243535904,0.921388729282171,3.04084247545478,8.84476347575998,219.41841989762,6.71390061936721,0.727565132712531,0.0399417969100698,0.325542953636399,1.96241840631088,0.542366149626317,0.597387127949869,0.264744030160588,1.0915600297452,9.08179398488425,0.953917424041706,0.513238306381378,0.00140488675491458,0.0211589802268604,18.2291248370052,4.40924898480785,221.275433536144,0.699978253156312,10.0518257954584,6.62010237616888,14.6676273909591,110.55902673864,0.690673296852912,0.230189641222176,0.393177476375297,0.123600192370231,892.241760256463,891.863328266022,122.388532533691,3.20801582279432,8.83813842748832,0.227872988013753,19.7258879580382,3.59051943589475,8.76225180092389,29.2698423094198,0.753911364456982,2.09053489903423,0.375058845455142,0.0634363534005098,1.25349863116598,18.8709185278427,1.31905127596196,0.319051273796657,16.011390867892,0.0506501116332882,0.727345594470409,0.47902763102252,1.06134292229455,8.0000014588015,0.049976809179412,0.0166564189275266,0.0284501453870971,0.00894365433957287,64.5622125503084,64.5348293816528
"73",4,0.0374966194752796,0.0014527250298822,0.001,0.138296898351198,0.564671885557677,1.73571729881323,1.20655936556534,16.1740007052789,0.359232448937243,65.6245769621666,16.6288999242018,5.5718496179962,0.911648086893422,2.96592581852553,8.6985117800981,219.420110253041,7.32989045466885,0.796778981293453,0.044497363359045,0.331114993087379,2.11282844580169,0.598272170689407,0.651113479181363,0.287820031346932,1.13987370011203,9.47104393649188,0.993779994201711,0.534155530118739,0.00145656623869579,0.0216960805169942,16.8195056814294,4.07065502063436,204.206251153767,0.651712247243677,9.26080709067392,6.04004856845181,13.670554392092,101.990838471231,0.6235275327503,0.208925524899485,0.356915194090024,0.111212191809159,823.094569292132,822.751237938217,123.285134146558,3.24341236053813,9.08663975777756,0.21579169624105,19.5664966522578,3.61359296811711,8.90108223257309,29.3550063258895,0.71074263587781,1.97874282577766,0.354695179513286,0.059404607271488,1.19889176088477,17.8504771037642,1.3192958471832,0.319295844108421,16.0176205067354,0.0511192943260119,0.726403294347743,0.473772008766083,1.07229700918573,8.00000262756788,0.0489085291888288,0.0163877929941065,0.0279958723091046,0.00872331123095743,64.5622569220402,64.5353265450121
"74",4,0.0345546641800441,0.00132668952500657,0.001,0.128367108831464,0.544689118783162,1.66253977882247,1.16034486753367,16.3237222159459,0.323267351763395,66.3498288634307,16.2597286542219,5.49130036366547,0.89609789153684,2.9082493531034,8.53026470940819,219.421599754572,8.00547965990223,0.871616048518379,0.0496905171051926,0.336804089372614,2.27544440830177,0.658341529765593,0.710927564886294,0.313211196290044,1.1877716594465,9.8551806564774,1.03297245990095,0.554728823081424,0.00151420786686373,0.0222971898222662,15.5026155435474,3.7540297212399,188.260005801023,0.604156066571002,8.52212383737668,5.4979631918181,12.7372003043291,93.9886865697199,0.561849463305279,0.189750039978214,0.322622052721258,0.100493579748318,758.514243476098,758.20396933673,124.105873409153,3.27207255164767,9.35473703847938,0.203482233840387,19.391619032614,3.61953749829645,9.05522679582567,29.438308958232,0.667348869389236,1.87002092355911,0.333259695417771,0.0557466852210238,1.1485482345997,16.9058178282968,1.31953034854234,0.319530348449349,16.0240567389032,0.0514237267161166,0.72537443800154,0.467968083604596,1.08414753044821,8,0.0478227313359469,0.0161508834225455,0.0274605010024852,0.00855367456795116,64.5621741219622,64.5357646336978
"75",4,0.031811813983215,0.00121158860731194,0.001,0.119048259405428,0.522725036796554,1.59101695033509,1.1129289326338,16.4835263756223,0.287508960687721,67.0301883922554,15.9066902773693,5.40868566863145,0.887580954813387,2.84841654869258,8.379101207654,219.422582519105,8.74722184457541,0.965085353358992,0.0555924668425711,0.342539813565987,2.45155343740807,0.728708559753383,0.775852373356689,0.340952857914359,1.24009415448977,10.2747088428888,1.07576807901112,0.577182040525472,0.00157370011056426,0.0228987063968086,14.2745239995453,3.45850724257996,173.382671207793,0.559775163030199,7.83519829812257,5.00319312448738,11.846399357746,86.5281398469652,0.506020672192287,0.172060102384185,0.291984133310191,0.0906132973937196,698.303621469824,698.02303788144,124.862428149739,3.33775468429992,9.63877040019566,0.191745279983234,19.2084073205363,3.64586965591322,9.19105705743841,29.5020165708361,0.627513277636641,1.76786745547513,0.31410721019283,0.0523003678884485,1.09892048631449,15.9838246026555,1.3197579408223,0.319757940575232,16.0301777582745,0.0517542803184003,0.724407004548382,0.462572612279054,1.09526451621332,8.0000005374086,0.0467843831687333,0.0159078990253866,0.0269955326386026,0.00837769573144877,64.5619951718966,64.5360536820897
