"","convergence","mu","x_C","x_P","x_N","x_Ace","x_H2O","C","P","N","Ace","H2O","ADP","ATP","AA","NT","Lip","DNA","tRNA","mRNA","rRNA","TC","P","tau tC","tau tP","tau tN","tau tAce","tau tH2O","tau Res","tau Fer","tau NTS","tau AAS","tau LipS","tau Deg","tau Maint","tau DNAp","tau tRNAp","tau mRNAp","tau rRNAp","tau tRNAc","tau r","v tC","v tP","v tN","v tAce","v tH2O","v Res","v Fer","v NTS","v AAS","v LipS","v Deg","v Maint","v DNAp","v tRNAp","v mRNAp","v rRNAp","v tRNAc","v r","p tC","p tP","p tN","p tAce","p tH2O","p Res","p Fer","p NTS","p AAS","p LipS","p Deg","p Maint","p DNAp","p tRNAp","p mRNAp","p rRNAp","p tRNAc","p r","f tC","f tP","f tN","f tAce","f tH2O","f Res","f Fer","f NTS","f AAS","f LipS","f Deg","f Maint","f DNAp","f tRNAp","f mRNAp","f rRNAp","f tRNAc","f r"
"1",4,0.43913144120839,1,1,1,1,1000,18.3937781961867,16.8829083264604,0.736940717286676,0.0849138595963294,781.773821029809,9.35171560324605,14.9906719977939,10.5839828419161,3.8538392534529,26.8817475507466,6.01565943287056,7.1193983923818,18.5240869539219,60.7326012147734,27.6420709842644,96.4318602178899,0.00562433271601791,0.00780920064878106,0.00430547828544716,0.0293617476635061,0.00107926175596167,0.0905438903147604,0.00584469552028432,0.0155637008941579,0.0627935997605044,0.122534831401315,0.0265202337460396,0.106670815025151,0.0305822634341401,0.0348147269928531,0.0349286776586252,0.0297351320818237,0.0838817102427005,0.800624349561964,82.4648729048201,33.3967424187236,29.654905382976,0.603146612831753,338.131209730461,320.217479187428,6.76848710148079e-15,298.090058402421,17.9317700712463,11.8046205441595,10.9084905861627,72.3210820952529,2.64166519657529,45.4179545282414,9.22535805976153,35.3963871687081,66.4200521607541,52.93282719486,0.463809882600838,0.26080186256347,0.127678551183393,0.0177094386500643,0.364932083159139,28.9937363124156,3.95597462411269e-17,4.63938450849734,1.12600039285123,1.44647718813508,0.289295720161509,7.71454877060152,0.0807881009464652,1.58121368747454,0.32222955795481,1.0525162476809,5.57142756965343,42.3793103433607,0.170718967584772,0.069138012169128,0.0613916526209771,0.00124863549069837,0.7,0.662914954256608,1.401213740315e-17,0.617106717383554,0.0371223912157602,0.0244379523188606,0.0225827820401461,0.149719268762657,0.0054687813026096,0.0940243528395746,0.0190983572530345,0.0732776812819109,0.137502943161001,0.109581659338511
"2",4,0.438896890047032,0.909090909090909,1,1,1,1000,18.301738559789,16.8863565682016,0.736757486194315,0.0850351471625912,781.791976512174,9.35922415629847,14.9990597200221,10.5784977281674,3.85280157307878,26.8911250671608,6.01382481793518,7.11822418319782,18.5212631125487,60.7213639685622,27.6386668631115,96.5040775930883,0.00610024561998118,0.00780986604789448,0.00430538544600333,0.0293219032583508,0.00107926357361146,0.0905876346655501,0.00585045317784704,0.0155769918896055,0.0628877915858667,0.122649396786779,0.0265213976002826,0.106667084595077,0.0305927411496398,0.0348254635659421,0.0349372693750864,0.0297435327388839,0.0838986668978249,0.80061840477378,82.3968742215584,33.3973455771287,29.6448307149912,0.603079845553711,337.950605336214,320.200753594032,1.95144761979296e-14,297.983207334489,17.9273768443261,11.8024311618426,10.9161814556758,72.3777731159386,2.6394490098794,45.4171419758963,9.22054292540802,35.3833629697565,66.4225354503194,52.9441744155799,0.502641171070202,0.260828795312616,0.127632422709556,0.017683448888387,0.364737778019318,29.00622888621,1.14168529286197e-16,4.64168200388796,1.12741313866727,1.44756106261749,0.289512388662811,7.72032604776111,0.0807479803369137,1.5816730231508,0.322140591969527,1.05242621490276,5.57276217625531,42.3880804626663,0.17066935535656,0.0691762095846286,0.0614035932258475,0.00124916447913331,0.7,0.663234579186012,4.04205026499679e-17,0.617215184232695,0.0371331300872907,0.0244464773337825,0.0226107806830854,0.149916704930156,0.00546711347085016,0.0940729174060769,0.0190985899888074,0.0732898645178884,0.137581569853875,0.1096637245376
"3",-1,0.43868805655922,0.826446280991735,1,1,1,1000,18.301738559789,16.8863565682016,0.736757486194315,0.0850351471625912,781.791976512174,9.35922415629847,14.9990597200221,10.5784977281674,3.85280157307878,26.8911250671608,6.01382481793518,7.11822418319782,18.5212631125487,60.7213639685622,27.6386668631115,96.5040775930883,0.00665778976355575,0.00780986604789448,0.00430538544600333,0.0293219032583508,0.00107926357361146,0.0905876346655501,0.00585045317784704,0.0155769918896055,0.0628877915858667,0.122649396786779,0.0265213976002826,0.106667084595077,0.0305927411496398,0.0348254635659421,0.0349372693750864,0.0297435327388839,0.0838986668978249,0.80061840477378,82.3576685971426,33.3814546370954,29.6307252757999,0.60279289144118,337.7898035506,320.048397444582,1.95051909279273e-14,297.84142261487,17.9188467391497,11.7968153944037,10.9109873786644,72.3433347247296,2.63819312186759,45.3955318429007,9.21615565773241,35.3665270539251,66.3909306473191,52.9189828116901,0.548320042936373,0.260704689199581,0.127571693356952,0.0176750348476598,0.364564230509532,28.9924273030046,1.14114206248806e-16,4.63947342446039,1.12687669919073,1.4468722921286,0.289374634481225,7.71665260497271,0.0807095592800553,1.5809204402515,0.321987312816924,1.05192545528905,5.57011057541602,42.3679116009464,0.17066935535656,0.0691762095846286,0.0614035932258475,0.00124916447913331,0.7,0.663234579186012,4.04205026499679e-17,0.617215184232695,0.0371331300872907,0.0244464773337825,0.0226107806830854,0.149916704930156,0.00546711347085016,0.0940729174060769,0.0190985899888074,0.0732898645178884,0.137581569853875,0.1096637245376
"4",4,0.438337583059079,0.751314800901578,1,1,1,1000,18.0779141563448,16.8956940669147,0.736403881809903,0.0850245656002453,781.835562063025,9.37695112407778,15.0195581936938,10.565741649147,3.85043588426508,26.9144157638527,6.0095009847938,7.1153759653225,18.5145973850093,60.6947985065538,27.6305426607395,96.6774797399769,0.00722854291094138,0.00781169002259091,0.00430517662354604,0.0293244329798757,0.00107926793721173,0.0906972257929187,0.00586461682716491,0.0156083707299918,0.0631148330680866,0.12292009852367,0.026524182494635,0.10665798545539,0.0306171070720163,0.0348504817597904,0.0349573919193721,0.0297631439102618,0.0839376283483826,0.800596427143389,82.233808543072,33.3995629405501,29.6210873290366,0.603057897400797,337.519938955492,320.163679993328,6.73874256743336e-14,297.730221511139,17.9171504787509,11.7975999553744,10.9346557905171,72.514011982695,2.63419013706567,45.4154915551946,9.20910944810864,35.3525359140343,66.4289441051855,52.9717160068307,0.594430613783734,0.260907032581593,0.127524012732984,0.0176843308953144,0.364274448284324,29.0379575750466,3.95201430549021e-16,4.64708367486843,1.13083796152215,1.45016214885746,0.290032805703693,7.73419843536228,0.0806512814745889,1.58275176005623,0.321926448205927,1.0522026140021,5.57588802187654,42.4089665747229,0.17054893455566,0.069269075275189,0.0614326999302401,0.00125071286006669,0.700000000000002,0.664003959851638,1.39758255817456e-16,0.617478053897374,0.0371593019776516,0.0244676506944115,0.0226779463075554,0.150390547429496,0.00546318271344891,0.0941895290305457,0.0190992467989458,0.0733194465974568,0.137770411483044,0.109860772431792
"5",4,0.438004015233018,0.683013455365071,1,1,1,1000,17.942124093735,16.9019135743929,0.736268170111182,0.0849855208113457,781.861469001266,9.38787303842336,15.0314284782707,10.5583434328283,3.84898303735981,26.929195545244,6.00699457735138,7.11373443757977,18.5106229460586,60.6797903256164,27.6258990215089,96.7803793537783,0.00789653927585943,0.00781291274168576,0.00430506310055528,0.0293365549655284,0.0010792705309044,0.0907647989918282,0.00587335391675547,0.0156265644101934,0.063250098827119,0.123077119157151,0.0265258009287063,0.106652727659554,0.0306316173176685,0.034865327018182,0.0349692238063729,0.0297747424995755,0.0839602766158182,0.800582129082133,82.1361574605959,33.4011469226468,29.6070816222461,0.603058983775982,337.263091729424,320.14149156401,4.18586541854384e-15,297.580272391544,17.9110909939354,11.795095775812,10.9456530238641,72.5947857777731,2.63108774436287,45.4143648217726,9.20229247722452,35.3345142252089,66.4324708807373,52.9877434409119,0.64859139335577,0.260960246378866,0.12746035460706,0.0176916730249998,0.363998116065275,29.0575781307515,2.45850690510157e-17,4.65015729372936,1.13287827546794,1.45170640826962,0.29034221314571,7.7424319170605,0.0805944729145311,1.58338668083412,0.321797025167766,1.05207606240318,5.57768863141899,42.4210404591831,0.170476140533468,0.0693251156714489,0.061450415547395,0.00125166761200736,0.7,0.664463588190656,8.68789341269344e-18,0.61763707853689,0.0371750244933812,0.0244810868593127,0.0227180421000582,0.150672727880967,0.00546090416122853,0.0942589217581658,0.0190996432518773,0.073337879430607,0.137882652317686,0.109977703811112
"6",4,0.437626930107417,0.620921323059155,1,1,1,1000,17.7858437788753,16.9080900916417,0.736074329439269,0.0849906852104614,781.891744599526,9.40047453112571,15.0455032175162,10.5491400971644,3.84742521458329,26.9447965364549,6.00391376073794,7.11146615604462,18.5060076007545,60.6621504106945,27.620769594459,96.9016096155596,0.00864542299641656,0.00781411756030536,0.00430493260783996,0.0293342665281278,0.00107927356196878,0.0908451509335204,0.00588365111227142,0.0156483858249939,0.0634103282475615,0.123266053883019,0.0265278522011744,0.10664650417831,0.0306484471184654,0.0348826892797885,0.034983354795931,0.0297884110384581,0.0839904475074107,0.800561562141847,82.0250277990729,33.4034074628828,29.5915106231887,0.603060902073559,336.972738231272,320.124848602193,0.000270876277628485,297.41437377578,17.9044079705879,11.7917685906177,10.9587840384128,72.6903872321287,2.62747434774142,45.4145738750331,9.194605698704,35.3144178886768,66.4391008729641,53.0084424231559,0.709141061615813,0.261018152829748,0.127389458997007,0.0176903492341189,0.363685767477238,29.0817901888366,1.59374151215678e-06,4.65405487074237,1.13532438649324,1.45352478246717,0.290713003275603,7.75217568567419,0.0805280086018775,1.58418246925678,0.321658153366451,1.05196039565178,5.58024981431026,42.4365214729878,0.170392181010806,0.0693895461362777,0.0614710189046293,0.00125275010742293,0.700000004255516,0.665001556387138,5.62696544794439e-07,0.617824646591477,0.03719317390893,0.0244952695785953,0.0227648946136982,0.151001151128442,0.00545810341885267,0.0943405750644649,0.019100132734783,0.0733593251552263,0.138015232739357,0.110115465472227
"7",4,0.437201658357879,0.564473930053777,1,1,1,1000,17.6072422248893,16.9168315225739,0.73592954761532,0.0849169674243601,781.925255569633,9.41461214686202,15.0610728251394,10.5394837117297,3.8455274144983,26.9628772883148,6.00084463250586,7.10996689026346,18.5015817944745,60.6424404505537,27.6149027989653,97.0365144164934,0.00948587605177312,0.00781586440872373,0.00430479849877518,0.0293575661228499,0.00107927691694487,0.0909387215285384,0.00589551700702504,0.0156726022244487,0.0635923135702846,0.123474805836501,0.026529567087557,0.106639633255945,0.0306667922449718,0.0349013816265912,0.0349980974316505,0.0298029604950546,0.0840169653627395,0.800537573442379,81.8992189691974,33.4062927912791,29.5741166199352,0.603081034024748,336.645276935567,320.1034365027,8.29692973642602e-16,297.22843194682,17.8969624128437,11.7882146645512,10.973088557874,72.7958311864553,2.62357922487954,45.4145218384989,9.18623109857558,35.2914463781502,66.445413279198,53.0306562801989,0.776885839878833,0.261099054854762,0.127310612828099,0.0177049913338183,0.363333476595072,29.1097972724472,4.89146903671914e-18,4.65834298369912,1.13810924571315,1.45554751686445,0.291111289053823,7.76292074028526,0.0804567590276048,1.58502955807461,0.321500611017606,1.05178958222135,5.58254198599129,42.4530328966073,0.170296324369378,0.0694630418307372,0.0614946445184108,0.00125401053494692,0.7,0.665603889029987,1.72521381210699e-18,0.618038976386994,0.0372138703475361,0.0245117066257408,0.0228167822832161,0.151367285750668,0.00545531330227805,0.094432233169378,0.0191012980414802,0.073382917145258,0.138162607593455,0.110268766382379
"8",4,0.436718945035086,0.513158118230707,1,1,1,1000,17.4029267819507,16.9266118559712,0.735895194428735,0.0849181359704902,781.963599979395,9.43089871907528,15.0786324509976,10.5285461535499,3.84359059895912,26.9855330396506,5.99716588195242,7.10754487443708,18.4959317246541,60.6202585581174,27.6081027477406,97.1898405922599,0.0104293350054561,0.00781779398648329,0.00430466194322875,0.0293563038843931,0.00107928075582446,0.0910490352407727,0.00590942002378225,0.0156988600316336,0.0637960042382787,0.123702698577453,0.0265319300681232,0.106631901157149,0.0306872871963328,0.0349224719194639,0.0350151554461211,0.0298195261171865,0.0840507410887894,0.800515960292122,81.7563066673139,33.4096515555426,29.5543642157332,0.603071760908261,336.273587677016,320.07855983182,2.2206581887696e-16,297.015425767795,17.8885059554739,11.7850935202857,10.9894168145958,72.9161523931964,2.61907595716667,45.4140769522643,9.1764654716915,35.2655488169318,66.4524519327122,53.0558058144749,0.85266391104222,0.261189773021423,0.127221546895788,0.017703957877319,0.362933611871853,29.1428440739431,1.31228019666911e-18,4.66280359636467,1.14121520175189,1.45784787144699,0.291570438414313,7.77518795475095,0.0803723360865839,1.58597182711382,0.321315364937241,1.05160195398341,5.58537783211161,42.4720193406467,0.170187064236777,0.0695468123156384,0.0615214982952623,0.00125537731212256,0.7,0.66628780877514,4.62260727307477e-19,0.618278704175693,0.0372374002232338,0.0245323027633187,0.022875991609563,0.151785059979976,0.00545196898359311,0.094535684726802,0.0191020825470055,0.0734101192495754,0.138329973145488,0.110443000673023
"9",4,0.436170776291012,0.466507380209733,1,1,1,1000,17.1694503978093,16.9393089113784,0.735934247039892,0.0850497065637192,782.006884147988,9.44962205671144,15.0981706509276,10.5163005434049,3.8413541315304,27.0113861773093,5.99309387259657,7.10494247357499,18.4897501235915,60.5957919112594,27.6009831118568,97.3619814053353,0.0114884599405065,0.00782033626116723,0.00430452303025955,0.0293124922061166,0.00107928508925177,0.0911781311971624,0.00592561924939753,0.0157284603447741,0.0640296498644648,0.123958801287036,0.0265344995236761,0.106623318964398,0.0307104266686367,0.0349462213135543,0.0350342381620774,0.0298381358904515,0.0840883174547243,0.800487774546971,81.5935434416259,33.4138753617859,29.5319389927422,0.602999932629095,335.851497744079,320.048064582158,1.33990797848901e-15,296.773477837524,17.8787917756019,11.7815772776533,11.0078047371698,73.0511765035103,2.61401240679535,45.4130531851336,9.16546913855073,35.2363573876385,66.459444019377,53.0830637634951,0.937384155233098,0.261307741117897,0.127120911522479,0.0176754308254792,0.36247951371806,29.1813844218699,7.93978450975579e-18,4.66778987754819,1.14477277739146,1.46043019660848,0.292086589555152,7.78895889305829,0.080277436329795,1.58701460713189,0.321105228667157,1.05138722001687,5.58846282656585,42.4923435781752,0.170061711181233,0.0696430205324653,0.0615520771346151,0.00125680533115267,0.7,0.667061623105297,2.79270925168545e-18,0.618551460635637,0.0372639524521578,0.0245558056157357,0.0229430667059001,0.15225724433548,0.00544826715690597,0.0946523610676795,0.0191031704193096,0.0734415369204105,0.138518396154403,0.110638615233336
"10",4,0.435547089541064,0.424097618372485,1,1,1,1000,16.9023090735154,16.9535875328003,0.736054386851418,0.0850573735251413,782.056456031558,9.47124315185687,15.1203898351568,10.502103795409,3.83877870905568,27.0409660354748,5.98844162881734,7.1020339040114,18.4826935502462,60.5679328662718,27.5926679024829,97.5592875396913,0.012676308138239,0.00782319046685526,0.00430438049123714,0.029308857229441,0.00107929005217848,0.0913317616045999,0.00594474851872462,0.0157622178405321,0.0642998213889789,0.124251798056035,0.0265374050012853,0.10661358609733,0.0307370018185393,0.0349734825524279,0.0350561134432554,0.0298594871973629,0.0841320547262753,0.800458394439321,81.4082003827508,33.4187905355975,29.5065342544752,0.602984179682412,335.37125894662,320.015335582647,9.95365024485405e-20,296.499163787093,17.8677225002404,11.7776140551298,11.0288971903841,73.2058971037612,2.60824832231794,45.4121681008726,9.15297310172753,35.2033046317305,66.4678087904594,53.1145796820155,1.03195543303125,0.261441563531919,0.127007350408983,0.0176727772339234,0.361962863567659,29.2275643392504,5.9171947548999e-22,4.67348440914777,1.1488913653933,1.46338972315991,0.292678311458761,7.80474321370411,0.0801697334262887,1.58822166874379,0.320867663397226,1.05115262395602,5.59207332669454,42.5160111735855,0.169918377761154,0.0697530058133028,0.0615871915888301,0.00125857214808283,0.7,0.667948516552841,2.07756478395987e-22,0.618864643627676,0.0372942087806012,0.0245826963958861,0.023019945291429,0.152798209761884,0.0054440378443794,0.0947860522409004,0.0191044432111849,0.0734777133842994,0.138734208469329,0.110862826749649
"11",4,0.434836322476381,0.385543289429531,1,1,1,1000,16.5978765697296,16.9709508299866,0.736308925947544,0.0849207132080753,782.112979757881,9.49600808974406,15.1454789908406,10.4860733790924,3.83602080088218,27.0752697207147,5.9831410279677,7.09847906124348,18.4746063940528,60.5352839395413,27.5833685903685,97.7832329544734,0.0140069814798706,0.0078266791530248,0.00430424015703329,0.0293519874534426,0.00107929571109425,0.0915140719213263,0.00596724847257733,0.0158002998576706,0.0646108169783833,0.124582508825513,0.0265408551758172,0.106602630399506,0.0307665409880692,0.0350038976662165,0.0350807496624693,0.0298833898904504,0.0841830239560069,0.800433598823713,81.1970027433719,33.4246025973235,29.4774038146973,0.603022848777585,334.823968306814,319.974729705528,1.00109152656104e-15,296.183616110841,17.8550399530137,11.7733107154117,11.0527852406377,73.3814803432806,2.60168704145903,45.4105926637196,9.13870842765231,35.1651684408438,66.4765718381585,53.1496267722181,1.13732491364741,0.26160364034661,0.126877825224306,0.0176999190914589,0.361374072965102,29.2821904272786,5.97376188278145e-18,4.67978994748049,1.15362871854589,1.46674858610829,0.293350372361176,7.82265882720334,0.0800449109991777,1.58954773856308,0.320592742588769,1.0508544390811,5.5961988395649,42.5427470334237,0.169754579422096,0.0698791724393117,0.0616269581136442,0.00126071020625831,0.700000000000001,0.668955427314646,2.09293280925034e-18,0.619216516446054,0.0373286537111246,0.0246138815642861,0.0231075143980037,0.153415051198565,0.00543921911633427,0.0949376922606556,0.0191058481616665,0.0735180878270768,0.138979298650658,0.111117310175538
"12",4,0.434025262317134,0.350493899481392,1,1,1,1000,16.2520862700614,16.9914148882581,0.736698157670784,0.0849519363986192,782.177078376703,9.52470196298564,15.1734012548897,10.4675297011278,3.83243990463834,27.1132754086951,5.97745420521721,7.09480277911989,18.4658781044044,60.4993428435591,27.5735742486876,98.0353709443647,0.0154943034374543,0.00783081666737725,0.00430410805668193,0.0293403530446726,0.00107930212837622,0.091730703647027,0.00599383189674665,0.0158439772352793,0.0649719582009461,0.124961755097149,0.0265445234266798,0.106590480164609,0.0308011311451321,0.0350390951551297,0.0351084130538422,0.0299107521848033,0.0842414638823177,0.800399774006265,80.9563608861316,33.4309438746455,29.4440095777545,0.602977345589699,334.199451984193,319.924316034729,7.28221144060175e-15,295.823185296597,17.8401020655896,11.7678464715356,11.0797439938105,73.579086014177,2.59436612940805,45.4078236822246,9.1226319875614,35.1220383427384,66.4846487062263,53.1872844881067,1.25436242076178,0.261791592499728,0.126730198844633,0.0176915681975413,0.360702179828704,29.3468826236595,4.36483512115321e-17,4.68701581350708,1.1591063657061,1.47053074879688,0.294106524005319,7.84283010832417,0.0799094113903862,1.59104905478882,0.320281131957499,1.05052658509481,5.60076413271414,42.5710904842876,0.169567760461117,0.0700230373608115,0.0616721738532443,0.00126297077809916,0.7,0.670099905594407,1.52530112726287e-17,0.619618699187491,0.0373671212557925,0.0246484321897229,0.0232071619196857,0.154115633356454,0.00543404927747019,0.0951093019119033,0.0191078781050635,0.0735651321208023,0.139255925819291,0.111403830618596
"13",-1,0.433098854528312,0.318630817710356,1,1,1,1000,15.8622866668432,17.0156731008096,0.737413441972136,0.0846361445775361,782.249836745515,9.55800879444131,15.2038598910037,10.4472163405336,3.82894404937822,27.1597441771801,5.9709773441104,7.09164632654128,18.4557624110901,60.4551279138313,27.5600507237742,98.3188272130204,0.0171522230002289,0.00783570791321176,0.00430399826634173,0.0294417606093292,0.00107930941263573,0.0919872732464973,0.00602518931680299,0.0158915757559321,0.0653805348141424,0.125376582810393,0.0265483221570296,0.106577277133366,0.0308379726546997,0.0350769396986,0.0351388861154089,0.0299404296547384,0.0843017590899994,0.800416718312835,80.6831123655418,33.4374806360356,29.4050845281703,0.603050648047602,333.4861179868,319.852562724146,6.69933766496115e-05,295.399982383889,17.8226150466059,11.7628540924187,11.1102672753905,73.8009630813482,2.58602344814872,45.4024708555077,9.10419628722885,35.0712604701553,66.4896880825564,53.2272143056577,1.3838947356463,0.262006331617649,0.126559432830877,0.0177548728151184,0.359934706126505,29.4223650858984,4.03647777285798e-07,4.69437119835457,1.16525210353367,1.4747864502047,0.29495895487777,7.86550569503017,0.0797477203784224,1.59257973236609,0.319911316509263,1.05004860700969,5.60519766670487,42.6039521994686,0.169356910556963,0.0701865390575309,0.0617223868087184,0.0012658261644643,0.7,0.671382650823757,1.40621636480185e-07,0.62005575799382,0.0374103444183482,0.0246906765247092,0.0233208720642493,0.154911018392042,0.00542816122191854,0.0953015069734127,0.0191100530346887,0.0736159048457916,0.139564375089315,0.111725940014796
"14",4,0.43204082446739,0.289664379736688,1,1,1,1000,15.4274062167667,17.0445832252377,0.738340527206988,0.0848441062208834,782.332264583865,9.59524706305287,15.2384560653461,10.4232446735737,3.82467373092509,27.2106828697141,5.96248148538697,7.08546522320609,18.4427277878251,60.4084725070186,27.5457293531735,98.6353789991273,0.0189948360027048,0.00784158418905206,0.00430390933780221,0.0293717634162764,0.00107931766496169,0.0922927239545136,0.00606197062679808,0.0159461443631827,0.0658534149137183,0.125851926870388,0.0265539886254821,0.10656234460835,0.0308850018632656,0.0351254547464667,0.0351783678998524,0.0299786219261224,0.0843870984309151,0.80041937297521,80.3728926907057,33.4439680991745,29.3594658870232,0.602855286305522,332.671434839891,319.755701954196,4.10546137070987e-15,294.906146372314,17.8015347541276,11.756125861352,11.143591465725,74.0489563166856,2.57603541681814,45.3926919363472,9.08237046545209,35.013799439328,66.4913376586575,53.2681380805456,1.52666991572295,0.262253691465648,0.126360479384045,0.0177069228436174,0.359058156250846,29.5111247333403,2.48871862386974e-17,4.70261598364281,1.17229185426454,1.47953109218195,0.29590680102788,7.8908304009073,0.0795608586482662,1.59443894643047,0.319502969636427,1.04966545558869,5.61101105580434,42.6368496819873,0.169118893272491,0.0703720705106207,0.061777549764101,0.00126851498571546,0.7,0.672822995685404,8.63862255224899e-18,0.620535101127554,0.0374576023754088,0.0247369844270129,0.0234481028699135,0.155812203854013,0.00542043771398815,0.0955143154107468,0.0191109264577414,0.0736752754841295,0.139909626997163,0.112085657953554
"15",4,0.430832609581285,0.26333125430608,1,1,1,1000,14.9457016436594,17.0782357765875,0.73956012993517,0.0850517560254856,782.424888016573,9.63747390524735,15.2765681048943,10.3960486665936,3.81910487257058,27.2661237015491,5.95515233287059,7.07858590174458,18.4297711869394,60.3518152972771,27.5319492558595,98.9839645465149,0.0210322397739825,0.00784846560606342,0.00430385852284863,0.0293020500839624,0.00107932693802752,0.0926553883971666,0.00610521854727158,0.0160082829443004,0.0663994592905151,0.126393284591796,0.0265601865850769,0.106545972846346,0.0309343508524273,0.0351750688979786,0.0352161309350491,0.0300167571319478,0.0844853161076927,0.800434982727596,80.0220515634347,33.4492931544392,29.3060164576832,0.602602127035541,331.741109377589,319.622598516736,8.22187891653231e-15,294.329669421162,17.7762615021564,11.7471352275045,11.1803066251357,74.322068291886,2.56567382002471,45.3775928699515,9.05817707696863,34.9457753776021,66.4865236289693,53.3068996903455,1.68304297568815,0.262525626869749,0.126128948702142,0.0176574777070977,0.358057115802366,29.6147560060798,5.01963676546342e-17,4.71171262699636,1.18033415194998,1.48475900594829,0.296951030041974,7.91871707011159,0.0793674541215318,1.59615995562496,0.318993949975388,1.04895885229709,5.61713496569506,42.6687073329034,0.168852863003624,0.0705806562594476,0.061838014465156,0.0012715381874628,0.7,0.674428982833894,1.73488153228001e-17,0.621058900361693,0.0375093188626989,0.0247873851832265,0.0235913319644902,0.156825447114257,0.00541377484806417,0.0957503128525796,0.0191134706391212,0.0737383522054805,0.14029182764716,0.112481777893767
"16",-1,0.429708267310691,0.239392049369163,1,1,1,1000,14.9457016436594,17.0782357765875,0.73956012993517,0.0850517560254856,782.424888016573,9.63747390524735,15.2765681048943,10.3960486665936,3.81910487257058,27.2661237015491,5.95515233287059,7.07858590174458,18.4297711869394,60.3518152972771,27.5319492558595,98.9839645465149,0.0242687724222801,0.00784846560606342,0.00430385852284863,0.0293020500839624,0.00107932693802752,0.0926553883971666,0.00610521854727158,0.0160082829443004,0.0663994592905151,0.126393284591796,0.0265601865850769,0.106545972846346,0.0309343508524273,0.0351750688979786,0.0352161309350491,0.0300167571319478,0.0844853161076927,0.800434982727596,79.8132183109104,33.3620006575886,29.2295366547312,0.601029518489419,330.875365829232,318.788480601431,8.20042230947895e-15,293.561558369537,17.7298708581441,11.7164787720717,11.1511294202137,74.1281102646612,2.55897819052904,45.2591711333725,9.03453798569359,34.8545775166188,66.3130139937226,53.1677848710323,1.93696883147724,0.261840514710549,0.125799790450381,0.0176113970527168,0.357122695469201,29.5374704866682,5.00653703792906e-17,4.69941648794929,1.17725383827143,1.48088423585218,0.296176078035215,7.89805162340956,0.0791603291695349,1.59199446288178,0.31816147264186,1.04622138825299,5.6024759493135,42.5573549649093,0.168852863003624,0.0705806562594476,0.061838014465156,0.0012715381874628,0.7,0.674428982833894,1.73488153228001e-17,0.621058900361693,0.0375093188626989,0.0247873851832265,0.0235913319644902,0.156825447114257,0.00541377484806417,0.0957503128525796,0.0191134706391212,0.0737383522054805,0.14029182764716,0.112481777893767
"17",4,0.42788558737983,0.217629135790148,1,1,1,1000,13.8511458199264,17.1618384533091,0.743411756761925,0.0849615699612779,782.645416010554,9.7412945263516,15.3602857532998,10.3299949916586,3.80727365182805,27.4017649492593,5.93181956592167,7.06561779462138,18.3927734717511,60.2103522103431,27.4853442180176,99.7867083856021,0.0257300002355162,0.0078655900983664,0.00430392386868482,0.0293262305763436,0.00107934901635705,0.0935801254362367,0.00621489140387566,0.016153592909342,0.0677198208022023,0.12766191677551,0.0265744085991235,0.106510295550883,0.0310652496875313,0.0353099949049597,0.0353257153816956,0.0301228969989607,0.0847186540032777,0.800741085173783,79.184786557935,33.4522234108246,29.1672390411236,0.602003835613917,329.471902282469,319.178833440755,8.01923969223071e-15,292.834745839936,17.7078423694411,11.7248202905579,11.2655650353509,74.9501252560247,2.53814009919556,45.3199231143198,8.99655918403945,34.7755939501498,66.4389319740228,53.3716179128414,2.03742457678496,0.263121477228522,0.125533576292728,0.017654503291057,0.355615173645868,29.8687952699776,4.98387038288631e-17,4.73033327400895,1.1991719120522,1.49681303214101,0.299375728349414,7.98295999259489,0.0788479559234455,1.6002462542598,0.317809889149958,1.04754163463804,5.62861689025454,42.7368472450091,0.168236958012379,0.0710729996256291,0.0619690698579881,0.00127902465129927,0.7,0.678131221086579,1.70377739214583e-17,0.622160253022772,0.0376222966897543,0.0249106954084176,0.023934956122555,0.159239945244973,0.00539256324174698,0.0962872583678645,0.0191141987683929,0.0738846487256287,0.141156960759414,0.113393986801821
"18",4,0.426106315172374,0.197844668900135,1,1,1,1000,13.2475540171144,17.2140908203859,0.746114126546892,0.0849519862445684,782.773921764026,9.80207977326036,15.4064848095024,10.2913890456918,3.80022878475952,27.4783800793525,5.91887298326386,7.056045497528,18.3701661424019,60.1205937839952,27.4572552999648,100.23187044697,0.0284057036130772,0.00787638072213675,0.00430407596623608,0.029326469899836,0.00107936188180973,0.0941628530916544,0.00628307441885811,0.0162390147522283,0.0685147489454463,0.128407000833474,0.0265839698025373,0.106490773283879,0.0311406390954242,0.0353873604632618,0.0353878565304414,0.0301835119482573,0.0848700776511682,0.801016263217212,78.6919100893105,33.4467584237574,29.0778722856704,0.601457064133517,328.101862682728,318.827820979382,1.22720108659831e-15,291.875906289103,17.6625196380389,11.7087112825188,11.3111656341629,75.2980604062295,2.52206915687188,45.2695911958909,8.95876036745945,34.6666971906036,66.3864688688692,53.3867912237413,2.23529907474387,0.263439403266848,0.125153371254036,0.0176386124873553,0.354140643930505,30.0217372684138,7.71059575400072e-18,4.73977714804874,1.21014309874425,1.5034804994133,0.300695685650084,8.01854867943559,0.078538845387848,1.60197134167349,0.31703132657426,1.0463626688592,5.63422476788779,42.7636880111987,0.167887913259985,0.0713581163642161,0.0620371686815199,0.00128319888662316,0.7,0.680213982513657,2.61821360474721e-18,0.622712509864478,0.0376826990421048,0.0249803455266841,0.0241321883367986,0.160647190032351,0.00538079362114896,0.0965819382371698,0.019113369872227,0.0739608359276163,0.141634454093743,0.113899852780647
"19",4,0.424093355355651,0.179858789909214,1,1,1,1000,12.6153742942209,17.2716122741694,0.749320606068578,0.0849917278563141,782.916390509772,9.86992208109071,15.4552805266909,10.2463510440966,3.79149952550625,27.5592532878618,5.90356673612318,7.0461205543979,18.3437278413729,60.015039217509,27.4236510921558,100.707893238359,0.0313077387015817,0.00788829827992227,0.00430431419584882,0.0293105231591171,0.00107937614517854,0.0948386725512826,0.00636171887321793,0.0163354696010177,0.0694140186881112,0.129248555705575,0.0265946033349506,0.106470280486162,0.0312321595058425,0.0354809973391097,0.0354624934903057,0.0302566728426039,0.0850482277603161,0.801419374807735,78.1454930099929,33.433957061423,28.9720484382095,0.600693550494376,326.551883623852,318.368988769217,2.78768725890063e-14,290.746863350175,17.6072827514008,11.6876961979456,11.3603757220242,75.6702358893858,2.50366342568849,45.2021136854287,8.91549066218112,34.5402799311737,66.30936678479,53.3869354428177,2.44655867586314,0.263737025978618,0.124704799375405,0.0176066422232977,0.352472313346703,30.1936922763667,1.77344826475773e-16,4.74948654784804,1.22219225395259,1.51061785311,0.302124686063236,8.05663123959691,0.078194815460047,1.60381607539483,0.316165529570479,1.04507394976948,5.63949412895516,42.7853244254839,0.167513488208829,0.071669376649361,0.0621047831103841,0.0012876529165283,0.7,0.682459061835202,5.97571528167388e-17,0.623247987690546,0.0377431536734836,0.0250538666253289,0.0243522190629192,0.162207501407599,0.00536687885102108,0.0968957190773618,0.0191113381257218,0.0740409018117072,0.142141445439706,0.114440787770862
"20",-1,0.422194445418034,0.163507990826558,1,1,1,1000,12.6153742942209,17.2716122741694,0.749320606068578,0.0849917278563141,782.916390509772,9.86992208109071,15.4552805266909,10.2463510440966,3.79149952550625,27.5592532878618,5.90356673612318,7.0461205543979,18.3437278413729,60.015039217509,27.4236510921558,100.707893238359,0.0371040463390015,0.00788829827992227,0.00430431419584882,0.0293105231591171,0.00107937614517854,0.0948386725512826,0.00636171887321793,0.0163354696010177,0.0694140186881112,0.129248555705575,0.0265946033349506,0.106470280486162,0.0312321595058425,0.0354809973391097,0.0354624934903057,0.0302566728426039,0.0850482277603161,0.801419374807735,77.7955906798037,33.2842540007265,28.8423239094055,0.598003899883038,325.089722971886,316.943467645227,2.77520517925461e-14,289.445022373007,17.5284448168544,11.6353636580039,11.3095087841644,75.3314167093689,2.49245308414588,44.9997178171732,8.87557088130421,34.3856232265093,66.0124616011679,53.1478914187342,2.88653120155343,0.262556123582427,0.124146424244524,0.0175278071567641,0.350894092018553,30.0584977452738,1.76550751659162e-16,4.72822036414015,1.21671979609066,1.50385394790614,0.300771900027992,8.02055706646642,0.0778446922848731,1.59663486813181,0.314749874600997,1.04039455245353,5.61424286927525,42.5937499131513,0.167513488208829,0.071669376649361,0.0621047831103841,0.0012876529165283,0.7,0.682459061835202,5.97571528167388e-17,0.623247987690546,0.0377431536734836,0.0250538666253289,0.0243522190629192,0.162207501407599,0.00536687885102108,0.0968957190773618,0.0191113381257218,0.0740409018117072,0.142141445439706,0.114440787770862
"21",-1,0.165119458561169,0.148643628024143,1,1,1,1000,4.6669188825416,4.5773285788724,0.899948826593492,0.00408340983969037,812.5368187587,30.2295749106531,6.57235604489039,31.566570562791,4.3561885175847,38.8130878064845,21.8973571530207,2.38004682922844,15.5950839301617,20.7742544047091,24.6008065537083,79.9656771360422,0.0173357239690388,0.00506995849654129,0.00429232057571981,0.785548801928813,0.00108234162611804,0.15009873339635,0.0288388837752262,0.0206473769454799,0.223188004038958,0.228838772687538,0.0366734947233902,0.115215243866428,0.0156431893257178,0.0180871556265186,0.0186569631798907,0.0156283883473384,0.131362408204622,2.08318860027133,28.0018506786931,15.6997805224901,9.84802705428165,0.500147651253833,128.488783331128,138.815801185906,11.1595149651917,84.9841248270924,9.41591000318751,6.40879604369381,159.117022069489,55.4696653801508,3.61567975702731,29.3670004580116,18.4867540217131,130.723851294908,21.0182748161327,16.5048616402256,0.485432353988064,0.0795972356538319,0.0422708891553385,0.392890388229958,0.139068758688541,20.836075933404,0.321827955069061,1.75469925968669,2.10151815982188,1.46658102104364,5.83537726926695,6.39095102396323,0.0565607629803434,0.5311655075681,0.344906689098799,2.04300311429654,2.76101119615376,34.3827396179735,0.154168552341096,0.0864375881079514,0.0542198475306423,0.00275364083022107,0.707415018583096,0.764272024605317,0.0614404485886897,0.467893342011756,0.0518407597705688,0.0352846252786223,0.876043559647474,0.305396886392582,0.0199066883209279,0.161684597177606,0.101781704992167,0.719720533540442,0.115719387203794,0.0908700876545935
"22",-1,0.16500117007074,0.135130570931039,1,1,1,1000,4.6669188825416,4.5773285788724,0.899948826593492,0.00408340983969037,812.5368187587,30.2295749106531,6.57235604489039,31.566570562791,4.3561885175847,38.8130878064845,21.8973571530207,2.38004682922844,15.5950839301617,20.7742544047091,24.6008065537083,79.9656771360422,0.0193829808961912,0.00506995849654129,0.00429232057571981,0.785548801928813,0.00108234162611804,0.15009873339635,0.0288388837752262,0.0206473769454799,0.223188004038958,0.228838772687538,0.0366734947233902,0.115215243866428,0.0156431893257178,0.0180871556265186,0.0186569631798907,0.0156283883473384,0.131362408204622,2.08318860027133,27.9817906768323,15.6885334934951,9.84097211197443,0.499789354835145,128.396736371008,138.716356143432,11.1515204974854,84.9232437902735,9.40916462145,6.40420490212832,159.003033612246,55.4299279498105,3.6130895517053,29.3459624883934,18.4735104570527,130.630203173921,21.0032177173445,16.4930378661825,0.542370514130261,0.0795402136836182,0.0422406070813127,0.392608928907523,0.138969132432046,20.8211493584861,0.321597403544035,1.75344222597066,2.1000126715354,1.46553038984256,5.83119691418175,6.38637266623596,0.0565202439080989,0.530784990537549,0.344659604400559,2.04153954509376,2.75903325939637,34.3581084666747,0.154168552341096,0.0864375881079514,0.0542198475306423,0.00275364083022107,0.707415018583096,0.764272024605317,0.0614404485886897,0.467893342011756,0.0518407597705688,0.0352846252786223,0.876043559647474,0.305396886392582,0.0199066883209279,0.161684597177606,0.101781704992167,0.719720533540442,0.115719387203794,0.0908700876545935
"23",-1,0.164864233302719,0.122845973573672,1,1,1,1000,4.6669188825416,4.5773285788724,0.899948826593492,0.00408340983969037,812.5368187587,30.2295749106531,6.57235604489039,31.566570562791,4.3561885175847,38.8130878064845,21.8973571530207,2.38004682922844,15.5950839301617,20.7742544047091,24.6008065537083,79.9656771360422,0.0217566585531962,0.00506995849654129,0.00429232057571981,0.785548801928813,0.00108234162611804,0.15009873339635,0.0288388837752262,0.0206473769454799,0.223188004038958,0.228838772687538,0.0366734947233902,0.115215243866428,0.0156431893257178,0.0180871556265186,0.0186569631798907,0.0156283883473384,0.131362408204622,2.08318860027133,27.9585681992155,15.675513361149,9.83280495222266,0.499374572692007,128.290178132084,138.6012335084,11.1422656953844,84.8527648080366,9.4013558247458,6.39888996332719,158.871074781172,55.3839258809657,3.61009099838857,29.3216078655995,18.4581790335549,130.521791349806,20.9857868545754,16.479350064458,0.60828502194658,0.0794742021530039,0.0422055510134649,0.392283097291919,0.138853800014453,20.8038695967825,0.321330505381881,1.75198701985768,2.09826984178504,1.4643141257704,5.82635752268666,6.38107252665564,0.056473336970862,0.530344484684851,0.344373566596865,2.03984524300504,2.75674349928593,34.3295941941594,0.154168552341096,0.0864375881079514,0.0542198475306423,0.00275364083022107,0.707415018583096,0.764272024605317,0.0614404485886897,0.467893342011756,0.0518407597705688,0.0352846252786223,0.876043559647474,0.305396886392582,0.0199066883209279,0.161684597177606,0.101781704992167,0.719720533540442,0.115719387203794,0.0908700876545935
"24",4,0.409813470499825,0.111678157794247,1,1,1,1000,9.32617661073539,17.6691643483997,0.775648070347687,0.0846231630001066,783.850672317432,10.3189053163649,15.7197921880522,9.93863586797388,3.73034505661002,28.0211322445007,5.79392193617017,6.96333857691686,18.1324346188345,59.178891559884,27.1454363553491,103.350881406543,0.0495708234314783,0.00797171976455274,0.00430742444029848,0.0294138745707242,0.0010794696815353,0.09993709275536,0.00694619659045684,0.0169973069763151,0.0756614552399869,0.134999926616321,0.0266823447331423,0.106361407250409,0.0318984628285733,0.0361631925636204,0.0360072480373967,0.0307900367655972,0.0864747019203856,0.806426106738044,74.5358070801478,33.1857252949613,28.1093005262321,0.592387785114307,315.556372284866,313.533748614026,2.46029760549925e-14,281.637296817455,17.1337583666446,11.4834374524534,11.6201587277475,77.7356251420909,2.37442725646696,44.4340631811392,8.59293183253051,33.5484339126868,65.3038575477811,52.9432292355392,3.69480133209274,0.264547302234861,0.121078688086387,0.0174244200085813,0.34063353669678,31.3336513171757,1.7089710838828e-16,4.78707558998585,1.29636509175064,1.55026321338432,0.31005308102759,8.26807048360307,0.0757405795795627,1.60687758320361,0.309407827862367,1.03295751359984,5.6471316156957,42.6948022305557,0.165343087760569,0.0736160310700437,0.0623549771024737,0.001314096262983,0.7,0.695513205582458,5.45768830899971e-17,0.624757175222709,0.0380078867360793,0.0254737565859098,0.0257770459538692,0.172441257343208,0.0052672017601547,0.0985682653200194,0.0190617360670547,0.0744206290902626,0.144863816098697,0.117444183416526
"25",4,0.405983011408089,0.10152559799477,1,1,1,1000,8.6965848999076,17.7716896877454,0.783137420227483,0.0845651018749299,784.087900136803,10.4332710118391,15.7747982979147,9.85773361988152,3.7134494905064,28.1181296645936,5.76434643891009,6.93885046537864,18.0709593383461,58.9357021301536,27.0622528559892,103.906627262396,0.0540916818236943,0.00799347123713795,0.00430850377516335,0.0294294191594013,0.00107949343178749,0.101370721245421,0.00710960483562849,0.0171748341543033,0.0773172373090948,0.136533814309197,0.0267085071926957,0.106339225270045,0.0320854768069559,0.0363542502610819,0.0361589657252406,0.0309391130335671,0.0868972093853411,0.808225129698085,73.6240586000647,33.0851550337417,27.85467212312,0.589492876298435,312.606918784229,311.912435508826,3.42918213269871e-15,278.970787244661,16.9896681654055,11.4154829563949,11.6713481183343,78.1699333924844,2.34022672606821,44.167734785938,8.5036373030483,33.2639723249173,64.9379789237362,52.7304068015566,3.98244915236373,0.264465235138465,0.1200119599984,0.0173484329480678,0.337457115558901,31.6187885529454,2.43801298728856e-17,4.7912770048225,1.31359420534743,1.55859943021822,0.311724285166986,8.3125301563678,0.0750872903422801,1.60568488387308,0.307482729780801,1.02915779970606,5.64292915159677,42.6180398762209,0.164861485537426,0.0740853996888173,0.0623731252078984,0.00132001241371668,0.7,0.698444889528764,7.6787407720363e-18,0.624680835058712,0.0380438403667982,0.0255619360587215,0.026134877995049,0.175040762333568,0.00524031494446372,0.0989018876178386,0.0190416326525468,0.0744858134234516,0.145411321743621,0.118075712798177
"26",4,0.401789031707545,0.092295998177064,1,1,1,1000,8.08947993568292,17.8829063943428,0.7914727825456,0.0844252728949997,784.344432960981,10.5571252424199,15.8298402431459,9.77048611942405,3.69490556091767,28.2159504517394,5.7314205657154,6.91172558854616,18.001773096815,58.6628060026794,26.967690157202,104.463554526241,0.0589596083191009,0.00801714634639667,0.00430976172375573,0.029471875149629,0.00107951911477689,0.102968367239949,0.00729179064057467,0.0173702315998527,0.0791263442536726,0.138217665140217,0.0267379673123707,0.106317183146766,0.0322951417437404,0.0365685607738881,0.0363293768932237,0.0311064134080818,0.0873699420436439,0.810363679586127,72.6444729590887,32.9636431438319,27.5684017372843,0.586139425319763,309.37755441481,310.030286983945,2.57959819865684e-14,275.979080550963,16.8266011217257,11.3368594107124,11.7208771079795,78.6052216986166,2.3028219194075,43.8558488154358,8.40500269238618,32.9467737074477,64.5046348224513,52.4653880272832,4.28308967221538,0.264274351194496,0.118813242592469,0.0172746279632994,0.333978983673715,31.9233124456695,1.88098900014092e-16,4.79382054588463,1.3314274329769,1.56695423777156,0.31339242898547,8.35708575162396,0.0743699602978574,1.60374527269771,0.305348510600257,1.02485596340639,5.63576620598399,42.5160448927031,0.164365935232591,0.0745837888735273,0.0623764747659252,0.00132620350723218,0.7,0.70147687765927,5.83661844012995e-17,0.62443235984293,0.0380719952599255,0.0256508640470358,0.0265197454000978,0.177852770518887,0.00521038233246854,0.0992285759995506,0.0190172228098416,0.0745456199588778,0.145948675756791,0.11870858468891
"27",4,0.397217352417001,0.08390545288824,1,1,1,1000,7.50842932733654,18.0031469144301,0.800632174788523,0.0841923422630733,784.621744480496,10.6909965306416,15.8851898536832,9.67614659802716,3.67521098606286,28.3130040795201,5.69553975836433,6.88123156897674,17.9246719698741,58.3589361544483,26.8617686833732,105.019165230412,0.0642125906930271,0.00804283511492412,0.00431120187627936,0.0295453132726751,0.00107954687804352,0.104742680829783,0.00749437814093167,0.0175858449367952,0.0811002665477802,0.140070194353013,0.0267712302412013,0.106295171850075,0.0325243886240427,0.0368031659753733,0.0365164939634685,0.0312897573277344,0.0879022972771177,0.812857170420343,71.5950259285534,32.8198559475947,27.2491557511347,0.582308687105486,305.857361361091,307.875673196505,6.96599586506143e-15,272.650630664801,16.6434943886558,11.2464165194387,11.7685125568829,79.0396552915014,2.26236722340324,43.4956301890123,8.2968419985049,32.595992154649,63.9998052769432,52.144293457335,4.59730209560686,0.263964689882066,0.117476611401321,0.0172044925819317,0.330187359583994,32.2477233728761,5.22058071409368e-17,4.7947917127906,1.34979183120647,1.57528774765271,0.31505755925678,8.40153374218082,0.0735821107842636,1.60077689704967,0.302971580754257,1.0199206843757,5.62572990913151,42.3858628332973,0.163855850736973,0.0751131150189764,0.062363740211815,0.00133269991985779,0.7,0.704619206412109,1.59427161858832e-17,0.624001464656722,0.0380911089411534,0.0257390946177455,0.0269339889455607,0.18089399077347,0.00517776341669484,0.0995462100268476,0.0189885552308052,0.0746007694786743,0.14647306016928,0.119339960489105
"28",4,0.392254974017387,0.0762776844438546,1,1,1,1000,6.95559303658569,18.133087630511,0.810796576922756,0.0839512687394089,784.921566664739,10.8351706568267,15.9411435361407,9.57509925929859,3.6534745544318,28.4125674434532,5.65642204582943,6.84724407897574,17.8390893159546,58.0214142910193,26.7425074547067,105.570871441778,0.0698896994657503,0.00807065672565958,0.00431284560525172,0.029621811792045,0.00107957689498525,0.106709189230586,0.0077192343460429,0.0178212070385708,0.0832373472126133,0.142087663478734,0.0268086138164398,0.106273075690793,0.0327797133966,0.0370641648409152,0.0367240641396764,0.0314935168226964,0.0884958281904361,0.815748273028959,70.4739921324618,32.6525492250607,26.8955353912184,0.577935614875122,302.036329993388,305.432958806613,3.58283044845178e-19,268.968571495007,16.4396399623905,11.144970904299,11.8138822468719,79.471395424884,2.2187596826182,43.0840751229496,8.17885974081083,32.2102941526734,63.4187982561022,51.7633742929847,4.92540613028941,0.263527516013166,0.115996291612908,0.0171195000117507,0.326071443307002,32.5925033985525,2.76567078537373e-21,4.79334459948114,1.36839201959985,1.58356287533032,0.316713806829284,8.44566962124161,0.0727303064921558,1.59687526237538,0.300360969710954,1.01441544076122,5.61229907451595,42.2258831856538,0.163330664538942,0.0756756131225764,0.0623331463942268,0.00133942473218848,0.7,0.707872033703063,8.30357498374831e-22,0.623362097038546,0.0381005423219295,0.0258296067667757,0.0273798770266855,0.184183064330826,0.00514220185984493,0.0998517383214295,0.0189553416262637,0.0746506418859114,0.14697953315829,0.119966899365657
"29",4,0.386890522560119,0.0693433494944132,1,1,1,1000,6.43236461020964,18.2735332814551,0.821665364626371,0.0836809000027906,785.245463019198,10.9928653018559,15.9959054294099,9.46705932073037,3.6293569315198,28.50631264101,5.61411486036222,6.81042634854807,17.7452293722704,57.6520391119892,26.6129341806343,106.117049569277,0.0760377442347041,0.00810087122504314,0.00431467192545088,0.0297088020579415,0.00107960932213412,0.108878272140112,0.00796868704779083,0.0180836691357969,0.0855778395994231,0.144326896509052,0.0268498420987365,0.106251599851056,0.0330639573440769,0.0373541526261978,0.0369535213074002,0.0317194955980637,0.0891535766446549,0.8190383771452,69.2790653074252,32.4607899683445,26.5070412893314,0.573024026209037,297.905702371292,302.699686669709,1.28208691039248e-16,264.93420476751,16.2147006093603,11.0288221939425,11.856728009367,79.8986917202848,2.17204783203807,42.6205499005278,8.05113386572357,31.7904099461875,62.7599254082765,51.3196009504947,5.26782384866535,0.262960679396731,0.114369186877846,0.017023857369089,0.32162177339696,32.9574188619511,1.02165493569867e-18,4.79098250177112,1.38761904790051,1.59175567940187,0.31835127485917,8.48936382128655,0.0718164968678014,1.59205452599679,0.297517746855747,1.00837576834874,5.59527182009961,42.0327226782324,0.162787571131337,0.0762743136400967,0.0622845711070217,0.00134645565745633,0.7,0.711264601456704,3.01256682947342e-19,0.622525657820804,0.0381002791695673,0.0259148296736454,0.0278601904578941,0.187740898408493,0.00510374078214747,0.100147075711849,0.0189180457478534,0.0746990970135783,0.147469308026335,0.120587556328724
"30",-1,0.314037401578511,0.0630394086312847,1,1,1,1000,5.93355176521369,14.0422207724379,1.55161989321055,0.00845849393990313,791.585890018503,11.7212985179148,17.7875368600079,10.0524878665844,4.7317159436701,45.3969134456435,9.34466797696218,5.01005984957126,15.637020572504,46.0342451189115,22.8964361525528,98.2658748391081,0.0815305546438542,0.00707768375846543,0.00441348915961517,0.312151680131027,0.00108024409960055,0.115064813449251,0.00902764286357354,0.0122970739472965,0.0548617055817997,0.103391853437508,0.0288240870281059,0.10562191385952,0.0212881620842061,0.0248722870709553,0.0261211423589439,0.021655370250399,0.0976361806562926,0.94466592555897,56.2192074602719,27.4927639719438,20.3620926201784,0.626220764427021,241.993297847558,245.932205071927,6.85063188706611,193.206413620133,12.4694999052123,14.2563287381544,194.002174838335,74.4295848519524,2.93457525009912,49.7104182376237,24.3108267928523,169.658214591439,46.563213680953,38.5739499978908,4.58358316587388,0.19458508903955,0.0898678750462373,0.19547586374883,0.261411832142704,28.2981432977641,0.0618450580662417,2.37587355537873,0.684098032552035,1.47398825145219,5.59193557118198,7.86139519983274,0.0624717135724096,1.23641179282343,0.635026567519724,3.67401145299926,4.54625434289108,36.439496177223,0.16274612565743,0.0795874047710452,0.0589451867771981,0.00181281465571622,0.700534095710712,0.711936637992068,0.0198315459838726,0.559303424742576,0.0360973213628645,0.0412699213142213,0.561607033438987,0.215462421406529,0.00849515270632925,0.143904162624504,0.0703761765916296,0.491134940495654,0.13479348014803,0.111665766862623
"31",-1,0.310004048425579,0.0573085533011679,1,1,1,1000,5.93355176521369,14.0422207724379,1.55161989321055,0.00845849393990313,791.585890018503,11.7212985179148,17.7875368600079,10.0524878665844,4.7317159436701,45.3969134456435,9.34466797696218,5.01005984957126,15.637020572504,46.0342451189115,22.8964361525528,98.2658748391081,0.104271938576499,0.00707768375846543,0.00441348915961517,0.312151680131027,0.00108024409960055,0.115064813449251,0.00902764286357354,0.0122970739472965,0.0548617055817997,0.103391853437508,0.0288240870281059,0.10562191385952,0.0212881620842061,0.0248722870709553,0.0261211423589439,0.021655370250399,0.0976361806562926,0.94466592555897,55.4971536013193,27.1396594509802,20.1005711897466,0.618177870548976,238.88524630352,242.773564000041,6.76264549569239,190.724958565339,12.3093473357879,14.0732269541751,191.510499389402,73.4736452115623,2.89688490405114,49.071960298778,23.9985896217305,167.4792018646,45.9651770019883,38.0785237777559,5.78679579148732,0.192085926906485,0.0887136530480197,0.192965260911683,0.258054377801002,27.9346948520744,0.0610507483480652,2.34535891907303,0.675311789440104,1.45505701863885,5.52011530119615,7.76042702548056,0.0616693553767304,1.22053188368572,0.626870575923097,3.62682412561922,4.4878643256646,35.9714839084331,0.16274612565743,0.0795874047710452,0.0589451867771981,0.00181281465571622,0.700534095710712,0.711936637992068,0.0198315459838726,0.559303424742576,0.0360973213628645,0.0412699213142213,0.561607033438987,0.215462421406529,0.00849515270632925,0.143904162624504,0.0703761765916296,0.491134940495654,0.13479348014803,0.111665766862623
"32",-1,0.303870650909734,0.0520986848192436,1,1,1,1000,5.93355176521369,14.0422207724379,1.55161989321055,0.00845849393990313,791.585890018503,11.7212985179148,17.7875368600079,10.0524878665844,4.7317159436701,45.3969134456435,9.34466797696218,5.01005984957126,15.637020572504,46.0342451189115,22.8964361525528,98.2658748391081,0.140011101196158,0.00707768375846543,0.00441348915961517,0.312151680131027,0.00108024409960055,0.115064813449251,0.00902764286357354,0.0122970739472965,0.0548617055817997,0.103391853437508,0.0288240870281059,0.10562191385952,0.0212881620842061,0.0248722870709553,0.0261211423589439,0.021655370250399,0.0976361806562926,0.94466592555897,54.3991482502166,26.6027041411934,19.7028835013813,0.605947286352312,234.158926812883,237.970314552451,6.62884726533225,186.951485305827,12.0658081924946,13.7947896380205,187.721484287249,72.0199768633282,2.83957034069484,48.101076721861,23.5237800483806,164.165643458221,45.0557608060671,37.3251441869678,7.61648465064585,0.188285527031385,0.0869584627465069,0.189147463505711,0.252948799058415,27.3820098504373,0.0598428657085957,2.29895623936267,0.661950816663107,1.42626886845547,5.41090040014087,7.60688779242307,0.0604492336622161,1.19638378864817,0.614468007464233,3.55506779148276,4.39907240166787,35.2597918800039,0.16274612565743,0.0795874047710452,0.0589451867771981,0.00181281465571622,0.700534095710712,0.711936637992068,0.0198315459838726,0.559303424742576,0.0360973213628645,0.0412699213142213,0.561607033438987,0.215462421406529,0.00849515270632925,0.143904162624504,0.0703761765916296,0.491134940495654,0.13479348014803,0.111665766862623
"33",4,0.361241928733534,0.0473624407447669,1,1,1,1000,4.64036338263841,18.9571200114871,0.875246028472668,0.0825573822577116,786.827977060973,11.7636989521227,16.2208554041976,8.96814731237121,3.51422507739857,28.8767477853243,5.41177941512334,6.62547479840456,17.2773129791058,55.8143022598981,25.9540452660919,108.190146976983,0.106462689313988,0.00824889079159266,0.00432417256077101,0.0300774001751199,0.00107976775685408,0.11998333631655,0.00926270585215933,0.0194135343859838,0.0970264504755021,0.155572394523627,0.0270637284047968,0.106164902991128,0.0344983445706653,0.038815660105166,0.0381061524424175,0.0328570603263774,0.0925276728506907,0.836945692759956,63.7359063870701,31.4321980444353,24.5892568075587,0.547524723456481,278.156285124822,288.673955727224,9.76093769486475e-15,245.092565369508,15.0938617000167,10.4314920655224,11.9928243854412,81.5261122021733,1.95496163379959,40.1969976000563,7.44057230244925,29.756725707635,59.2709543386463,48.8535217049124,6.78549599983206,0.259280769008259,0.106328189576997,0.0164681202131724,0.300344188044092,34.6360643158483,9.04126947087863e-17,4.75811294554993,1.46450382472075,1.62285219908753,0.324570541974006,8.65521179318759,0.0674429400652491,1.56027299609196,0.283531582415961,0.97771853169123,5.48420347259449,40.8877445670815,0.160395924366506,0.0791013534755513,0.061880607003243,0.00137788476089098,0.7,0.726468463289902,2.4564091310535e-17,0.616792806539196,0.0379847724284582,0.0262515888957493,0.0301807923054539,0.205166237807325,0.00491979946829394,0.101158592578315,0.0187247273933689,0.0748849086260887,0.149159556176967,0.122943348837481
"34",4,0.353757102013411,0.0430567643134244,1,1,1,1000,4.26498046089921,19.1638748105442,0.8912438606334,0.0821337000622862,787.308057337148,11.9994098634121,16.2783633827592,8.8272252708478,3.48078581486753,28.9654215058243,5.35296661237893,6.56944967980469,17.1362535320722,55.2615895541022,25.7536376923755,108.664617437525,0.115871235750345,0.00829392558872194,0.00432712614317707,0.0302209238599846,0.00107981582050331,0.12346996105102,0.00967607481766929,0.0198312545053382,0.100493397801099,0.159072323040369,0.0271309690032128,0.106143123706522,0.0349402951994733,0.0392653280914588,0.0384594812602304,0.0332065986081636,0.0935832186647966,0.842766824454621,62.155109016013,31.106434022213,24.0179999458534,0.539695599807427,272.392968550326,284.37548975955,3.40523932306783e-17,239.203117626937,14.757476388849,10.2467235704973,12.0156294413981,81.9004643003319,1.89364995596971,39.4421820589288,7.26363433301275,29.1616833264322,58.1739137910717,48.0511001951183,7.20198928988283,0.257994449110724,0.103928915472528,0.016310099629349,0.294134236834502,35.1118306444763,3.29493504620738e-19,4.74369790413014,1.48302894528493,1.62997012191152,0.325995669928662,8.69317111385168,0.0661646884660515,1.54871021918689,0.27935560851167,0.968360312959213,5.44410209489689,40.4958731229907,0.159727237243904,0.079937833679896,0.0617218574017307,0.0013869187662067,0.7,0.730792883131662,8.75084088562691e-20,0.614708166770905,0.0379240092986678,0.0263322013689312,0.0308779652196664,0.210469181034092,0.00486633328398084,0.101359178205619,0.0186662088238505,0.0749401808612806,0.149496295262213,0.123482519815369
"35",-1,0.346635539566691,0.039142513012204,1,1,1,1000,4.26498046089921,19.1638748105442,0.8912438606334,0.0821337000622862,787.308057337148,11.9994098634121,16.2783633827592,8.8272252708478,3.48078581486753,28.9654215058243,5.35296661237893,6.56944967980469,17.1362535320722,55.2615895541022,25.7536376923755,108.664617437525,0.151789349545153,0.00829392558872194,0.00432712614317707,0.0302209238599846,0.00107981582050331,0.12346996105102,0.00967607481766929,0.0198312545053382,0.100493397801099,0.159072323040369,0.0271309690032128,0.106143123706522,0.0349402951994733,0.0392653280914588,0.0384594812602304,0.0332065986081636,0.0935832186647966,0.842766824454621,60.9038507720911,30.4802235203655,23.534488277858,0.528830868345152,266.909365466352,278.650663891426,3.3366876972567e-17,234.387666771153,14.4603903683535,10.0404445124481,11.7737401481046,80.2517079429032,1.85552846996445,38.6481627700754,7.11740850405193,28.5746230308829,57.0028018685824,47.0837728715805,9.24455589349078,0.252800705805524,0.101836699493414,0.0159817574070684,0.288212955471066,34.4049866175151,3.22860398018525e-19,4.64820147265113,1.45317376164614,1.59715683295304,0.319432979010109,8.51816696384321,0.0648327124915851,1.51753279129911,0.27373183898299,0.948866037366118,5.33450567177362,39.6806417463245,0.159727237243904,0.079937833679896,0.0617218574017307,0.0013869187662067,0.7,0.730792883131662,8.75084088562691e-20,0.614708166770905,0.0379240092986678,0.0263322013689312,0.0308779652196664,0.210469181034092,0.00486633328398084,0.101359178205619,0.0186662088238505,0.0749401808612806,0.149496295262213,0.123482519815369
"36",-1,0.33536102717918,0.0355841027383673,1,1,1,1000,4.26498046089921,19.1638748105442,0.8912438606334,0.0821337000622862,787.308057337148,11.9994098634121,16.2783633827592,8.8272252708478,3.48078581486753,28.9654215058243,5.35296661237893,6.56944967980469,17.1362535320722,55.2615895541022,25.7536376923755,108.664617437525,0.211772404349322,0.00829392558872194,0.00432712614317707,0.0302209238599846,0.00107981582050331,0.12346996105102,0.00967607481766929,0.0198312545053382,0.100493397801099,0.159072323040369,0.0271309690032128,0.106143123706522,0.0349402951994733,0.0392653280914588,0.0384594812602304,0.0332065986081636,0.0935832186647966,0.842766824454621,58.9229193856689,29.4888374147052,22.7690160474164,0.511630352254077,258.227990927969,269.587397136496,3.22816008689395e-17,226.764078446094,13.9900581844694,9.71387350887116,11.3907927465974,77.6414768152693,1.79517638158325,37.3911099287815,6.88591086117833,27.6452176336959,55.1487542524795,45.5523471523511,12.4782483095844,0.244578223215485,0.0985244045931939,0.0154619419199275,0.278838669900805,33.2859454242889,3.12359185241997e-19,4.49701615233296,1.40590848239241,1.54520842477644,0.309043244929954,8.24110887836015,0.0627239927076413,1.46817419905741,0.264828559725105,0.918003645397466,5.16099792830092,38.3900069560415,0.159727237243904,0.079937833679896,0.0617218574017307,0.0013869187662067,0.7,0.730792883131662,8.75084088562691e-20,0.614708166770905,0.0379240092986678,0.0263322013689312,0.0308779652196664,0.210469181034092,0.00486633328398084,0.101359178205619,0.0186662088238505,0.0749401808612806,0.149496295262213,0.123482519815369
"37",4,0.328736243254726,0.0323491843076066,1,1,1,1000,3.29569806147133,19.8890347453915,0.945690246022364,0.0809548916906299,789.001459159333,12.83986729265,16.4550167236282,8.36854320478734,3.36925879529283,29.2161554347741,5.15753510403899,6.37694119098255,16.6529805599509,53.3730227515929,25.0623206448367,109.915521362882,0.149830408039794,0.0084526054353893,0.00433744460590335,0.0306282451809961,0.00107998535691818,0.136040035263263,0.0111969211278955,0.0213465950576133,0.112666995291306,0.171664152032157,0.0273715688580932,0.106077174012009,0.036501357896268,0.0408509354973647,0.0396998216253083,0.0344371694987912,0.097357510311979,0.864078202981305,56.9488776584063,29.9569554878323,22.0896668063716,0.51253962288694,253.126907306139,269.576214927205,2.60939765134211e-14,219.383652906024,13.6152124880511,9.60440917997381,12.0470467233962,82.8947576742916,1.69546871455615,36.8089760337727,6.67914294061188,27.1832843692246,54.3208451669721,45.1665194602732,8.53267357696733,0.253214324784167,0.0958127061354987,0.0156981892347565,0.273373353332616,36.6731577848339,2.92172196933934e-16,4.68309400084488,1.53398508128138,1.64873275765006,0.329746568926104,8.79324163449912,0.0618869103519396,1.50368110567969,0.265160783352228,0.936115371356829,5.28854224349891,39.027404970153,0.157487067594404,0.0828433020600258,0.061087013344492,0.00141738284498906,0.7,0.745489100535725,7.21605765020611e-17,0.606686024289335,0.0376516619393177,0.0265601413043401,0.0333150386741709,0.229238096374422,0.00468866827639909,0.101791956840362,0.0184705771037361,0.0751729607135121,0.150219476947555,0.12490400154873
"38",-1,0.320502873362052,0.0294083493705515,1,1,1,1000,3.29569806147133,19.8890347453915,0.945690246022364,0.0809548916906299,789.001459159333,12.83986729265,16.4550167236282,8.36854320478734,3.36925879529283,29.2161554347741,5.15753510403899,6.37694119098255,16.6529805599509,53.3730227515929,25.0623206448367,109.915521362882,0.199411895813564,0.0084526054353893,0.00433744460590335,0.0306282451809961,0.00107998535691818,0.136040035263263,0.0111969211278955,0.0213465950576133,0.112666995291306,0.171664152032157,0.0273715688580932,0.106077174012009,0.036501357896268,0.0408509354973647,0.0396998216253083,0.0344371694987912,0.097357510311979,0.864078202981305,55.5225634495072,29.2066679839425,21.5364196322172,0.499702801920381,246.78721248878,262.82453865997,2.544043932361e-14,213.889075414665,13.2742124222487,9.36386176543743,11.7453221833636,80.8186154292541,1.65300482031015,35.8870761177302,6.51186033784303,26.5024648985946,52.9603513962995,44.0353005298648,11.0718596378951,0.246872440550683,0.0934130271642316,0.0153050199348482,0.266526575762538,35.7546595073532,2.84854592565472e-16,4.56580348012416,1.49556562847329,1.60743938971015,0.321487894902427,8.57301033229859,0.0603369205503969,1.46602063167442,0.258519693861288,0.912669875848665,5.15608795719126,38.0499433495872,0.157487067594404,0.0828433020600258,0.061087013344492,0.00141738284498906,0.7,0.745489100535725,7.21605765020611e-17,0.606686024289335,0.0376516619393177,0.0265601413043401,0.0333150386741709,0.229238096374422,0.00468866827639909,0.101791956840362,0.0184705771037361,0.0751729607135121,0.150219476947555,0.12490400154873
"39",-1,0.307113055932973,0.0267348630641377,1,1,1,1000,3.29569806147133,19.8890347453915,0.945690246022364,0.0809548916906299,789.001459159333,12.83986729265,16.4550167236282,8.36854320478734,3.36925879529283,29.2161554347741,5.15753510403899,6.37694119098255,16.6529805599509,53.3730227515929,25.0623206448367,109.915521362882,0.285722844683376,0.0084526054353893,0.00433744460590335,0.0306282451809961,0.00107998535691818,0.136040035263263,0.0111969211278955,0.0213465950576133,0.112666995291306,0.171664152032157,0.0273715688580932,0.106077174012009,0.036501357896268,0.0408509354973647,0.0396998216253083,0.0344371694987912,0.097357510311979,0.864078202981305,53.2029680587241,27.9864856251561,20.6366812806497,0.478826454646718,236.477053068389,251.844379413275,2.43776006841764e-14,204.953318802456,12.719648655053,8.97266277818622,11.2546316693248,77.4422135451867,1.583946366883,34.387802828105,6.2398109170914,25.3952574570816,50.747798888618,42.195614575276,15.2013033793374,0.236558720512639,0.0895104619045008,0.0146656140520668,0.255391754561024,34.2609182562365,2.72954072148054e-16,4.37505550218995,1.43308459512592,1.54028454728783,0.3080569257094,8.2148511621079,0.0578161932260898,1.40477391522701,0.24771938038418,0.87454078551496,4.94067935360887,36.4603108158962,0.157487067594404,0.0828433020600258,0.061087013344492,0.00141738284498906,0.7,0.745489100535725,7.21605765020611e-17,0.606686024289335,0.0376516619393177,0.0265601413043401,0.0333150386741709,0.229238096374422,0.00468866827639909,0.101791956840362,0.0184705771037361,0.0751729607135121,0.150219476947555,0.12490400154873
