"","convergence","mu","x_C","x_W","x_CO2","C","AA","NT","ADP","ATP","CI1","LIP","rRNA","mRNA","tRNA","DNA","TC","p","tau tC","tau CCM","tau FERM","tau ATPS","tau ADPS","tau EAA","tau ENT","tau LIPS","tau rRNAp","tau mRNAp","tau tRNAp","tau DNAp","tau tRNAc","tau r","v tC","v CCM","v FERM","v ATPS","v ADPS","v EAA","v ENT","v LIPS","v rRNAp","v mRNAp","v tRNAp","v DNAp","v tRNAc","v r","p tC","p CCM","p FERM","p ATPS","p ADPS","p EAA","p ENT","p LIPS","p rRNAp","p mRNAp","p tRNAp","p DNAp","p tRNAc","p r","f tC","f CCM","f FERM","f ATPS","f ADPS","f EAA","f ENT","f LIPS","f rRNAp","f mRNAp","f tRNAp","f DNAp","f tRNAc","f r"
"1",4,1.12653003853235,0.1,0.001,0.001,1.67061253664401,6.9041315370531,10.7349270314936,1.75176242831903,18.4275634931755,3.32170703504651,19.4759917890896,48.4395416537679,14.4269705656945,1.94259431367314,11.0059799967965,12.8583681346122,149.039849632163,0.0221905691368788,0.0331417035174601,0.0018854532080907,0.0538740460055255,0.0907967028187022,0.104445591610436,0.0131309000640545,0.0423990860170025,0.158022592469072,0.237033888703608,0.158022592469072,0.168254346584469,0.000219473261724494,0.00366491522831941,855.153517060642,147.237987620514,2585.9725266737,4.64665792292951e-16,22.7326168078981,243.111390171423,402.894214457466,121.890498781216,54.5685987257086,16.2524157072769,16.5212515556022,12.3985670698775,16805.0344790557,16789.7867548977,18.9763432429792,4.87971773222656,4.87573019645134,2.50334262711844e-17,2.06404665259816,25.3919129736898,5.29036366642672,5.16804574248013,8.62307143804095,3.85237329592344,2.61073100164994,2.08611280092595,3.68825573051095,61.5331451582599,2.53034684032849,0.435668180413359,7.65173419918365,1.37491759769471e-18,0.0672644197383151,0.719351701999145,1.19213928516976,0.360666514612771,0.161465138845893,0.0480899018856482,0.0488853706825434,0.0366865999893217,49.7250669585618,49.6799498773877
"2",4,1.11720167485297,0.0930232558139535,0.001,0.001,1.60936048469259,6.88646992836873,10.6591676361827,1.75339604959035,18.4067757416617,3.25283905673837,19.6907749403923,48.2809736469524,14.393570211583,1.9366520156872,10.9459824242844,12.8246210409209,149.359418429133,0.0228438279972193,0.0340003463383532,0.00192554388093641,0.055019656545364,0.0909480803881168,0.105192427101129,0.0133551363686342,0.0431073339702723,0.158692770945002,0.238039156417503,0.158692770945002,0.169072279083001,0.000219998886794546,0.00367437707701518,849.016764906448,146.242360476784,2569.28130328062,1.83221546829444e-15,22.5229776905105,241.219432984019,398.266150015503,122.214259680884,53.9395846219072,16.0805207474943,16.3405012122627,12.2288698973217,16701.5410193632,16686.4592424092,19.3947929442785,4.97229090554895,4.94726389193633,1.00807865782663e-16,2.04842158557631,25.374457619547,5.31889874446795,5.26833090799345,8.55982214727286,3.82779359348769,2.59311941600413,2.06756290414968,3.67432043201335,61.3123433368565,2.53316473356876,0.436335306234453,7.66582364107406,5.46668075405328e-18,0.0672005726375073,0.719713185821368,1.18828485784335,0.364643980377636,0.160936578823175,0.0479785673719433,0.0487542568188304,0.036486608080948,49.8314714800299,49.7864728097109
"3",4,1.10757630959936,0.0865332612222823,0.001,0.001,1.54985184052273,6.86839713667624,10.5820054810841,1.75477753073476,18.3863364511115,3.18371199304852,19.9104136247699,48.1176110621859,14.3590778277863,1.93052710079513,10.884669205438,12.7898089707919,149.682810743367,0.023529910920323,0.0348982727903491,0.00196767703078295,0.0562236332865544,0.0911024144157967,0.105978382842433,0.0135899465711662,0.0438511077515003,0.159386730791802,0.239080096187703,0.159386730791802,0.169919505865692,0.000220540740803544,0.00368417455014977,842.649691475307,145.208338359529,2551.88399869087,1.27000382368757e-15,22.3078206952331,239.259663868644,393.521809948084,122.512791361775,53.2939260869931,15.9037744297495,16.1547829820164,12.0556017497688,16593.4247653811,16578.5135133597,19.8274721774516,5.06752020350417,5.02128352944657,7.14042292555319e-17,2.03229632569041,25.3563522562229,5.3479403717831,5.37232161494226,8.49434465006574,3.80227592041203,2.57485804615462,2.04848189223429,3.65952619022503,61.0781375652339,2.53601695934949,0.437015301191167,7.68008481394226,3.82217102538957e-18,0.0671370466061537,0.720069764930212,1.1843331742696,0.368711363421665,0.160392036873953,0.0478635927592876,0.0486190216782445,0.0362822306847934,49.9391467704934,49.8942702477889
"4",4,1.09764773327159,0.0804960569509603,0.001,0.001,1.49193869253603,6.84973690145403,10.502452079092,1.75595064427867,18.3651831406296,3.11409979044022,20.1320748336684,47.947812797883,14.3231261647236,1.92418381538459,10.8211673316695,12.7536615671552,150.018613619287,0.0242519842060996,0.0358381257608303,0.00201199418942477,0.0574900207434114,0.0912620505793057,0.106808069165792,0.0138366593446851,0.0446351813036951,0.160114961235768,0.240172441853652,0.160114961235768,0.170808796281184,0.000221104995054377,0.00369443617446926,836.063403395389,144.134644644486,2533.84540950567,1.04773838318519e-15,22.0859168898585,237.237067522196,388.643832123528,122.766257262389,52.6298080329266,15.7217469680718,15.9637455270331,11.8778297929596,16481.4949374179,16466.7591187757,20.2761964544428,5.16551552126167,5.09808224082602,6.02345013829851e-17,2.01560606429261,25.3388331166004,5.37753231150623,5.47969415088282,8.42681967303796,3.77593035952705,2.55603449623858,2.0288378093682,3.64414085662652,60.8353905646764,2.53895482753065,0.437707655123217,7.6947741146832,3.18176876917929e-18,0.0670704459496932,0.720440812752377,1.18023241987712,0.372816200623489,0.15982604265961,0.0477437538824119,0.0484786543780383,0.0360705577722316,50.0509542294717,50.0062045397624
"5",4,1.08740981862339,0.0748800529776375,0.001,0.001,1.43561247679943,6.82743553271242,10.4207682388045,1.75673642230185,18.3447865784392,3.04392257583806,20.3575775934715,47.7727761156804,14.2859669744587,1.91776165935096,10.7560098782087,12.7162837534534,150.364363099545,0.0250106468744443,0.0368201987987762,0.00205879556462781,0.0588273979164715,0.0914253606453069,0.107683981213561,0.0140979238672461,0.0454619255643824,0.160874296733855,0.241311445100782,0.160874296733855,0.17173665992306,0.000221730434546166,0.00370506721423908,829.249656180782,143.020092944777,2515.13354808056,5.36918032102055e-15,21.8585934802896,235.146143780305,383.644806148082,122.983498658492,51.9485858110879,15.5347007565559,15.767648754277,11.6961907507743,16365.3240719286,16350.7684805498,20.7400703214918,5.26602825444614,5.17814579323487,3.15854907229964e-16,1.99842979213463,25.3214729292798,5.40859526914004,5.59106666165967,8.35719220867706,3.74870108877271,2.53660940449076,2.00866473336097,3.62869041795755,60.5806962248986,2.54197219232571,0.438412119317424,7.70986094664414,1.64586225268705e-17,0.0670050766691364,0.720814237506117,1.17602029942357,0.37699217765688,0.159242587052268,0.0476198899148623,0.048333965981161,0.0358533662606957,50.1660729060007,50.1214543665149
"6",-1,1.07654469482449,0.0696558632350116,0.001,0.001,1.43561247679943,6.82743553271242,10.4207682388045,1.75673642230185,18.3447865784392,3.04392257583806,20.3575775934715,47.7727761156804,14.2859669744587,1.91776165935096,10.7560098782087,12.7162837534534,150.364363099545,0.0268406938295838,0.0368201987987762,0.00205879556462781,0.0588273979164715,0.0914253606453069,0.107683981213561,0.0140979238672461,0.0454619255643824,0.160874296733855,0.241311445100782,0.160874296733855,0.17173665992306,0.000221730434546166,0.00370506721423908,820.964003411884,141.59107235938,2490.00296998327,5.31553282962638e-15,21.64018794434,232.79662300235,379.811524305104,121.754678654053,51.4295286843737,15.3794819567913,15.6101023970538,11.5793253718654,16201.80589414,16187.3957385478,22.0352434606878,5.21341143240427,5.12640707051164,3.12698964906499e-16,1.97846198724351,25.0684671779656,5.35455395355604,5.53520213808588,8.27368925845221,3.71124501589471,2.51126424506949,1.9885946635265,3.5924334613403,59.9753892348067,2.54197219232571,0.438412119317424,7.70986094664414,1.64586225268705e-17,0.0670050766691364,0.720814237506117,1.17602029942357,0.37699217765688,0.159242587052268,0.0476198899148623,0.048333965981161,0.0358533662606957,50.1660729060007,50.1214543665149
"7",4,1.0659823286955,0.0647961518465225,0.001,0.001,1.32763004989777,6.78101339432211,10.2499859325596,1.75750741491707,18.3017973170486,2.90285524040087,20.8151815511889,47.4012744973399,14.2068847817209,1.90416263832276,10.6187044107869,12.6371285649739,151.095875663042,0.0266513432860695,0.0389286668242037,0.0021600265711453,0.0617201404141027,0.0917686092825052,0.109587415535218,0.01466147673164,0.0472520799401573,0.162509155222393,0.24376373283359,0.162509155222393,0.173735137711753,0.00022305852690816,0.0037279106436424,814.927225544067,140.666066910306,2475.66262691394,1.25616698790364e-15,21.3828643701938,230.766117638244,373.235594368943,123.2700872342,50.5289209718092,15.1442881231276,15.3589599250705,11.3193512555399,16120.7332929636,16106.5533395575,21.7189052411391,5.47594245222246,5.34749705532549,7.75308028769734e-17,1.96227572572912,25.2890624250711,5.47218498226007,5.82476801622058,8.21141226142777,3.69162820400097,2.4959716025178,1.96656904918892,3.59586702100779,60.0437916269305,2.54828247337938,0.439863661037254,7.74141234262154,3.92804193868417e-18,0.0668643491065532,0.721607076797243,1.16711001149425,0.385466325022016,0.158004248324466,0.0473562826057364,0.0480275626578353,0.0353956813692898,50.4096326896629,50.3652918876806
"8",4,1.05478144600773,0.0602754900897883,0.001,0.001,1.27590269311015,6.7543622213084,10.1608008297694,1.75739433835629,18.2801435027924,2.83190280888931,21.0477287347303,47.2052675883046,14.1650311932624,1.8971162485812,10.5467424735299,12.5952700332654,151.48233758025,0.0275375560518876,0.0400591204893214,0.00221491409333086,0.0632885910938576,0.0919484958012481,0.110622395734201,0.0149674522102012,0.0482223680705668,0.163387157395226,0.24508073609284,0.163387157395226,0.174809188531349,0.000223794840707436,0.00374010239069351,807.409734349851,139.424248070911,2454.8765014395,9.62576342935939e-16,21.1352231385213,228.472911562399,367.831926480456,123.337520833318,49.7912404059737,14.9410120847739,15.1464553464816,11.124508276901,15992.0603889512,15978.0759077527,22.2340908164987,5.58521275260564,5.43734056042511,6.09201005646935e-17,1.94335197601077,25.2742208374009,5.50550678098246,5.94762732653546,8.13524923311439,3.6617542397084,2.47473628367537,1.94466626469534,3.57894060732902,59.7596399012682,2.55158619954189,0.440610228146065,7.75793099360702,3.04194562952423e-18,0.0667917928038287,0.722022912667999,1.16242699019995,0.389772754346857,0.157350891961015,0.0472167706442079,0.0478660149734015,0.0351558082450997,50.5383064566912,50.4941125267499
"9",4,1.04324871437128,0.056070223339338,0.001,0.001,1.22567043546059,6.72654180054116,10.0689181242634,1.75693572598008,18.2576283021447,2.76091195243696,21.2824611902103,47.001239189148,14.1214537105229,1.88978059528679,10.4722549503222,12.5517217134053,151.884482465883,0.0284718599811706,0.0412457629601805,0.00227284953555252,0.0649441410775598,0.0921345138498554,0.111717682156429,0.0152900232194741,0.0492461939680207,0.16431088735921,0.246466331038815,0.16431088735921,0.175939580911168,0.000224569740343032,0.00375291061320796,799.64950967754,138.138543608112,2433.37447601911,4.27604918869531e-15,20.8801681910428,226.110650975792,362.287821986065,123.349445974132,49.0339823579359,14.7321884285567,14.9282411640708,10.9251665134919,15859.112861854,15845.329106548,22.7675088735506,5.69762962532474,5.5306940476454,2.77704341765213e-16,1.92378414538494,25.2605578378968,5.53938921029964,6.07449074228998,8.05681715198828,3.63098843015884,2.45287255238075,1.9221692177685,3.56147685745739,59.4661037737371,2.55499798741489,0.441372997334137,7.77498993448105,1.36626071034661e-17,0.0667152134270821,0.72245684038396,1.1575629633195,0.394119651670562,0.15667079729716,0.0470715123684097,0.0476979297407754,0.0349075165010739,50.67220195078,50.628160821961
"10",4,1.03137922581293,0.0521583472924074,0.001,0.001,1.17687349001127,6.69679119777213,9.97474857402091,1.75613913069501,18.2352350060873,2.68979127257643,21.5191609276209,46.7904674850805,14.0762052773473,1.88227955246205,10.3956118935836,12.5066897970207,152.300007331605,0.0294567351770243,0.0424912663480168,0.00233411548954095,0.0666948662258073,0.0923261747059696,0.112878679711392,0.0156310194434795,0.0503280268287829,0.165277969009801,0.247916953514701,0.165277969009801,0.177123535472625,0.000225389481091736,0.00376625847739407,791.636469539184,136.806893092377,2411.11350415027,6.42264596331617e-16,20.6186879801311,223.67656542879,356.615509181738,123.302308542631,48.2587161301873,14.5179057013344,14.7047036464394,10.721818146656,15721.4844074451,15707.9063652974,23.3190258396902,5.81309813263285,5.62781737707849,4.28357513339093e-17,1.90364458866146,25.2483153879807,5.57426395786607,6.20556189238438,7.97610258901787,3.59923495288853,2.43036355357451,1.89908633683026,3.54345721258587,59.1600355104135,2.55850434617528,0.442148693285105,7.79252171527835,2.07574666445761e-18,0.0666379137892742,0.722904371902228,1.15255216916182,0.398502980141128,0.155968224950268,0.0469206842578245,0.0475243999439978,0.0346520396452788,50.8105522326297,50.7666691105349
"11",4,1.01916846492592,0.0485193928301464,0.001,0.001,1.12954113101615,6.66506714656024,9.8781814134305,1.75500333553882,18.2127474411032,2.61882332144884,21.7582374129352,46.5726351598711,14.0292172631463,1.8745776874006,10.3167763859179,12.4601857916659,152.729007224734,0.0304960022035032,0.0438000804099308,0.00239885183213009,0.0685447641863673,0.0925240049673473,0.114108232917428,0.0159913721293281,0.0514695050648561,0.166291223829207,0.24943683574381,0.166291223829207,0.178364657945179,0.000226257910167279,0.0037801829358065,783.365337117742,135.428857572149,2388.07398455748,2.1192318530974e-15,20.3505019070536,221.169052008161,350.814155266164,123.196163464638,47.4653610834409,14.2981358221931,14.4758649066054,10.51453315222,15579.0261826324,15565.6587842892,23.8895110468907,5.93179485148517,5.7286356531179,1.452622476268e-16,1.88290993953624,25.2372097006739,5.60999970509712,6.34084555941404,7.89307298406058,3.56648175652306,2.40720929130568,1.87542110914897,3.52487790652371,58.8410377209567,2.56210614854755,0.442939063340531,7.81053073082492,6.93124485313111e-18,0.0665591692554733,0.723364388451836,1.1473868725313,0.402930322461762,0.15524211719957,0.0467640575438211,0.0473453454287611,0.0343892546197265,50.9533890250575,50.9096690749113
"12",4,1.00661237290884,0.0451343189117641,0.001,0.001,1.08359926319797,6.63089477064265,9.77843139632501,1.7534614837222,18.1895472752441,2.5479106349979,21.9988031861574,46.3452764764071,13.9802455612584,1.8666147570471,10.2349461987314,12.411587232473,153.178682097405,0.0315929095347948,0.0451760274505346,0.00246738467766141,0.0705031545764034,0.0927295275881193,0.115412980610656,0.0163731939479188,0.0526768416519593,0.167362536068393,0.251043804102589,0.167362536068393,0.17967744869536,0.000227187873916106,0.00379486111518254,774.844932001092,134.004458722322,2364.30609896314,5.06999760012948e-15,20.0748793698049,218.590865751389,344.868599909206,123.023708202069,46.6517287270323,14.0726881582665,14.2411026036906,10.3026234796994,15432.3068846966,15419.1556665117,24.4796058402047,6.05378910573363,5.83365264188307,3.57450824503923e-16,1.86153408035049,25.2282233506315,5.64660047286062,6.48050039639722,7.80775163173081,3.53286116920069,2.38342704816384,1.85114910170129,3.50603299075511,58.5135542677918,2.56585008243044,0.443747306407149,7.82925040659209,1.67889770235937e-17,0.0664766958632215,0.723849854006597,1.14201059974599,0.407385244188099,0.154484254921357,0.0466008185375279,0.0471585123428648,0.0341164873291048,51.1031101280208,51.0595606991349
"13",4,0.993707340134692,0.0419854129411759,0.001,0.001,1.03892594746194,6.59298260869063,9.67290119175106,1.75149660461544,18.1627086943684,2.4768654685414,22.2351346532507,46.1027832077598,13.9281048572637,1.85822761953673,10.1477470738886,12.3598080153393,153.67231256578,0.0327545070331497,0.0466247030747591,0.00253999581399798,0.0725780901927906,0.0929489009050104,0.116801841808518,0.0167804428477828,0.0539590657773073,0.168525548175607,0.25278832226341,0.168525548175607,0.181103041963271,0.000228214876712855,0.00381074746525858,766.112418169017,132.533846170009,2340.00108805487,6.74716657970428e-15,19.7888919785498,215.95470051915,338.734226279099,122.751202854547,45.8126740741893,13.8404600308286,13.9992818258574,10.0838907531535,15283.4589518904,15270.5304972088,25.0936345891004,6.17935122503248,5.94359296841009,4.8969646456756e-16,1.83935575953418,25.2239067678436,5.68411032466435,6.6235402290721,7.72060601174317,3.49870667054695,2.35923664376743,1.82622329022139,3.48791270045165,58.1921353853925,2.56987943776006,0.444577059452417,7.84939721366284,2.26329768909954e-17,0.0663806843299474,0.72440745142622,1.13626421179897,0.411761752837976,0.153675944025866,0.046427016190879,0.0469597746420318,0.0338258235796288,51.2674719360156,51.2241041885934
"14",4,0.98045073488927,0.0390561980848148,0.001,0.001,0.995834989094699,6.55662258767753,9.57255500320331,1.74933208656678,18.1435663206496,2.40674270992259,22.4839363726637,45.8696114963698,13.8773788351366,1.8501366606344,10.0652666109805,12.3098588776045,154.119157675393,0.0339759185848195,0.0481486644593518,0.00261681709007434,0.0747733406519188,0.093159589688631,0.118269827329238,0.0172055199510258,0.0553025226034645,0.169653011472038,0.254479517208058,0.169653011472038,0.182486655882763,0.00022920224001539,0.00382603389668422,756.99317282038,131.008209623042,2314.28976066059,1.39740479057967e-15,19.5040068624329,213.208250049255,332.613885591053,122.468844109898,44.9728943007011,13.6060862772465,13.7561337137804,9.86849804559222,15123.328572107,15110.6241403354,25.7195384090095,6.30787032656029,6.05607299708068,1.04488624434637e-16,1.81698527658849,25.2161029184944,5.72279484452507,6.77283601960783,7.62978695272762,3.46247026692486,2.33376951075487,1.80086920692571,3.46630078521566,57.8137601609783,2.57362301467693,0.445401300174585,7.86811506961969,4.7508924241104e-18,0.066309661357388,0.724864739798595,1.13081964500276,0.416369192086365,0.152898704987899,0.0462579294504554,0.0467680602545656,0.0335508887032682,51.4162450457542,51.3730525584644
"15",4,0.966839954343189,0.0363313470556417,0.001,0.001,0.953886573052529,6.5127890053332,9.46276387390795,1.746533576374,18.1178013645249,2.33631031271019,22.7248090612001,45.6133663127982,13.8219858023491,1.84150148586184,9.97427625098243,12.2549170637583,154.639058681543,0.0352717731310782,0.0497539392961252,0.00269847495788481,0.0771068071482362,0.0933916902221972,0.119837040277536,0.017664097460241,0.0567366515755703,0.170920827279983,0.256381240919975,0.170920827279983,0.184042938135477,0.000230364139682271,0.00384315870547088,747.708320464962,129.438192785355,2288.28167388267,3.29102801262123e-15,19.2056326873164,210.416202548188,326.248119630188,122.062518639936,44.1008250033049,13.3636481220754,13.5042591568703,9.64352879510621,14963.5941945384,14951.1220435337,26.3729982476597,6.44005998644269,6.17487079355911,2.53760662288629e-16,1.79364649845515,25.2156549398134,5.76287858136801,6.92541859051058,7.53774949329466,3.4261886887556,2.30815914689557,1.77482337344542,3.44707550317946,57.4595348381641,2.57784244126495,0.446258598105781,7.88921221691816,1.13463384773507e-17,0.0662144498029958,0.72544306705216,1.12479188227115,0.420829797429632,0.152044554375994,0.0460732860078304,0.0465580647421089,0.0332475875032748,51.5893526028435,51.5463528938478
"16",4,0.952873690210049,0.0337966019122248,0.001,0.001,0.913317535273103,6.47024495645434,9.3515601178199,1.74337061408658,18.0919715840337,2.26661093076302,22.9690777550031,45.3493349803071,13.7646049728321,1.83245835811334,9.88124802376161,12.1985948878176,155.167605412113,0.0366418776261868,0.0514492097789829,0.00278494422171896,0.0795777713222792,0.0936296167229967,0.121502617045501,0.0181463267373313,0.0582513646808549,0.172243448971264,0.258365173456896,0.172243448971264,0.185666902298032,0.000231538759755946,0.00386100752897905,738.13056779991,127.818478062795,2261.34230307284,6.28150177608867e-15,18.9005757169019,207.544108519594,319.768255165156,121.592388228507,43.2121881712569,13.1159299347462,13.2474665352864,9.41558126828248,14797.7483718793,14785.5128770097,27.0464899374721,6.57615969148305,6.29771218027137,4.99867911898074e-16,1.7696536602175,25.2171523375061,5.80261923845323,7.08292254911487,7.44301632821253,3.38869951263918,2.28178932616913,1.74816180741738,3.42625230520551,57.0869765379512,2.58212106313622,0.447133337734122,7.91060531354146,2.19738874824147e-17,0.0661178073270672,0.726028750896471,1.11861015246301,0.425353291759316,0.151164449934357,0.0458820165761071,0.046342156613175,0.0329374934125387,51.7653372246967,51.722535137371
"17",4,0.938551390651006,0.0314386994532324,0.001,0.001,0.874057820807822,6.42363427987847,9.24063727683684,1.73992881545981,18.0705166362285,2.19739273151183,23.2159891761338,45.0846366135467,13.7066719510848,1.82364736610054,9.78879275917709,12.1419234450343,155.692171902937,0.0380906607760018,0.0532362333602529,0.00287685308163947,0.0822041865032311,0.0938702547519153,0.123274553899917,0.018659572571488,0.0598517416459591,0.173593335368662,0.260390003052993,0.173593335368662,0.187326217012398,0.00023278275413836,0.00387902698741406,728.236906476739,126.143583965296,2233.35744277152,6.37287439507033e-15,18.5931211280981,204.58363806946,313.231537360357,121.052216258884,42.3142483906395,12.8644160208878,12.9874499151371,9.18728505692016,14624.5060443867,14612.5104452977,27.7390249691704,6.71540927287515,6.42504124163971,5.23876955334027e-16,1.74534101692778,25.2199567182348,5.84476660305433,7.24518597319749,7.34547151174915,3.34976532695394,2.25453474870209,1.72101935432739,3.40433279492543,56.6823223711797,2.58638618950712,0.448008087150132,7.93193093462328,2.26337256135753e-17,0.0660348181722947,0.726593628249293,1.11246452238519,0.42992572548396,0.150282122045156,0.045688906503616,0.0461258703022062,0.032629309197257,51.9399938744705,51.8973906343125
"18",4,0.923873129832805,0.0292453018169604,0.001,0.001,0.836029697405791,6.37470725162069,9.12311990386874,1.73575068751992,18.0429474643264,2.12867495011292,23.4614662029674,44.8003348972757,13.6447554935792,1.81412427897953,9.68973017639889,12.0810839378144,156.267275065047,0.0396261056852455,0.0551253683444651,0.00297451151931569,0.0849949111980707,0.0941270388582667,0.125164634093325,0.0192060276698016,0.0615543383236479,0.175070100078719,0.262605150118078,0.175070100078719,0.189141816204009,0.000234130909975314,0.00389876479351145,718.12136656315,124.423432632878,2204.7971380346,6.6985677947601e-15,18.2730077655647,201.562777665837,306.495401899748,120.418990063345,41.3898256191039,12.6060229636564,12.7199212014587,8.95208134530502,14448.8624808256,14437.1136504789,28.4563531662643,6.85888755457015,6.55819448483818,5.69344174869891e-16,1.71998411200671,25.2285313133787,5.88655916955353,7.41231125495114,7.24612091337724,3.31040655276293,2.22687787773279,1.69321292445702,3.38292532074389,56.2869104204108,2.59098117614594,0.448919621158356,7.95490588061446,2.41684259395095e-17,0.065928993839488,0.727238301296176,1.10583510514124,0.434471596351249,0.149334449657586,0.0454825183119307,0.0458934630406113,0.0322991005879963,52.131481456552,52.0890916883491
"19",4,0.908840447238631,0.0272049319227538,0.001,0.001,0.799258295035107,6.32269077736073,9.00500643996761,1.73127641918422,18.01792162202,2.06064137512137,23.7075425360097,44.5129017215517,13.5813074138225,1.80464870141748,9.59026935209318,12.0193552352298,156.847179275138,0.0412534963597874,0.0571225804187827,0.00307833796315041,0.0879619050347729,0.0943895353840106,0.127179114735994,0.0197876174388925,0.0633558841744491,0.176594417087835,0.264891625631752,0.176594417087835,0.191017809508858,0.000235550061313531,0.00391896890043607,707.699554017306,122.648400563977,2175.23710302777,7.11235091162326e-15,17.9488699803723,198.458465547314,299.689232382039,119.702075340866,40.4551255085043,12.3432415040637,12.4488278552787,8.7160246870953,14266.4046625665,14254.9060560534,29.1950809754761,7.00599312445084,6.69611495310369,6.25615935462186e-16,1.69418549811535,25.2397719601712,5.93013588093115,7.58383082073711,7.14414930738951,3.26962130757676,2.19839349852974,1.66491594335408,3.36045249299119,55.864533512311,2.59561347710533,0.449834735152999,7.97806739946079,2.60858068587397e-17,0.0658306601373471,0.727881577565124,1.0991633470708,0.439028565481661,0.148376339071839,0.0452710247127416,0.0456582813595152,0.0319675645069773,52.3245662679765,52.2823930917126
"20",4,0.893455702442364,0.0253069134165152,0.001,0.001,0.763681793827864,6.26726696804633,8.88377033112253,1.7263770067991,17.9927043225536,1.99319584181259,23.9521075204331,44.2138362881148,13.5156540825969,1.79489767422965,9.48730643878408,11.955352855518,157.453848535309,0.0429798805017452,0.0592347526383779,0.00318885160769117,0.0911200063429228,0.0946635744362748,0.129330910598174,0.0204082958755068,0.0652693405108695,0.178210949853734,0.267316424780602,0.178210949853734,0.193008149493331,0.000237069959800356,0.00394024347952785,697.008989738929,120.821833554549,2144.86139655379,2.35448269969716e-15,17.618125660635,195.281708627908,292.764710815093,118.889705831353,39.5031041584693,12.0756382123346,12.1728020807228,8.47648803854979,14079.0476510457,14067.8038845368,29.9573630876213,7.15685142391899,6.8396447126753,2.14540478530707e-16,1.66779474990316,25.2559612000146,5.97482884022162,7.7598526931437,7.03988571425182,3.22801643386529,2.16932662118712,1.63603127052285,3.33771926066071,55.4305725273228,2.60042360553364,0.450765991062451,8.00211803334912,8.78417994781727e-18,0.0657302710978425,0.728563293043265,1.09225601976232,0.443557546674687,0.147379454293716,0.0450521802753229,0.0454146823673781,0.0316243547959469,52.526564784947,52.4846161784364
"21",-1,0.877088572734181,0.0235413148060607,0.001,0.001,0.763681793827864,6.26726696804633,8.88377033112253,1.7263770067991,17.9927043225536,1.99319584181259,23.9521075204331,44.2138362881148,13.5156540825969,1.79489767422965,9.48730643878408,11.955352855518,157.453848535309,0.0471953307902604,0.0592347526383779,0.00318885160769117,0.0911200063429228,0.0946635744362748,0.129330910598174,0.0204082958755068,0.0652693405108695,0.178210949853734,0.267316424780602,0.178210949853734,0.193008149493331,0.000237069959800356,0.00394024347952785,684.240548604532,118.608509921422,2105.56988541619,2.31135115592138e-15,17.2953808987912,191.70436165255,287.401582030095,116.711776661513,38.7794505650453,11.8544257488738,11.9498096816339,8.32120806348493,13821.1349213576,13810.0971283338,32.2929590315001,7.02574574600203,6.71434991421553,2.10610331988278e-16,1.63724257711645,24.7932996581659,5.86537652115893,7.61770069254882,6.91092272000267,3.16888270901604,2.12958693393534,1.60606096988221,3.27657590020154,54.4151451615636,2.60042360553364,0.450765991062451,8.00211803334912,8.78417994781727e-18,0.0657302710978425,0.728563293043265,1.09225601976232,0.443557546674687,0.147379454293716,0.0450521802753229,0.0454146823673781,0.0316243547959469,52.526564784947,52.4846161784364
"22",4,0.861646300411932,0.0218988974940099,0.001,0.001,0.696160611766367,6.14858087335379,8.63494473824636,1.71503983827432,17.9432606296105,1.86091141140935,24.445466523221,43.590686374761,13.3774797322275,1.77478100139439,9.27601861796551,11.8211593980242,158.715512072623,0.0467531057294719,0.0638420136723129,0.00343199167889515,0.0980681565098599,0.0952386159295475,0.134081728157742,0.0217735076393305,0.0694515873873491,0.181678935656969,0.272518403485453,0.181678935656969,0.197284785261666,0.000240373326417152,0.00398562577351103,674.766925429597,117.014045091382,2081.36516867671,2.43348251767732e-15,16.9385018705391,188.69450373354,278.639224673541,117.018587730984,37.5597536472297,11.5266559201095,11.6076742903907,7.99264712472219,13686.385125075,13675.6633795361,31.5474494073606,7.47041226657666,7.14322793964067,2.38647144407587e-16,1.61319947407019,25.3004851544605,6.06695328704646,8.1271266717426,6.82381606616663,3.14122586887438,2.10886991053094,1.57682767167309,3.28984191914049,54.5060764353402,2.61037862483716,0.452676251014833,8.05189309380451,9.41408137930815e-18,0.0655276682262827,0.729976649132131,1.07793350372935,0.452693824504092,0.14530228791587,0.0445915991074251,0.0449050238086531,0.030920062059885,52.9466484431483,52.9051706908745
"23",-1,0.844538939667289,0.0203710674362883,0.001,0.001,0.696160611766367,6.14858087335379,8.63494473824636,1.71503983827432,17.9432606296105,1.86091141140935,24.445466523221,43.590686374761,13.3774797322275,1.77478100139439,9.27601861796551,11.8211593980242,158.715512072623,0.0515177328949807,0.0638420136723129,0.00343199167889515,0.0980681565098599,0.0952386159295475,0.134081728157742,0.0217735076393305,0.0694515873873491,0.181678935656969,0.272518403485453,0.181678935656969,0.197284785261666,0.000240373326417152,0.00398562577351103,661.369918785039,114.690816313389,2040.04117672681,2.38516749180674e-15,16.6022002328084,184.948111571979,273.10704548143,114.695268762185,36.81403205031,11.2978025484761,11.3772123579283,7.83395892795063,13414.651900534,13404.1430274564,34.0722788207427,7.32209266316812,7.00140434312988,2.33908978888734e-16,1.58117057155788,24.7981624190819,5.9464983411449,7.96576848135237,6.68833416014186,3.07885911340459,2.06699983193172,1.54552090484945,3.22452450005951,53.4238979220586,2.61037862483716,0.452676251014833,8.05189309380451,9.41408137930815e-18,0.0655276682262827,0.729976649132131,1.07793350372935,0.452693824504092,0.14530228791587,0.0445915991074251,0.0449050238086531,0.030920062059885,52.9466484431483,52.9051706908745
"24",-1,0.825541228077664,0.0189498301732914,0.001,0.001,0.696160611766367,6.14858087335379,8.63494473824636,1.71503983827432,17.9432606296105,1.86091141140935,24.445466523221,43.590686374761,13.3774797322275,1.77478100139439,9.27601861796551,11.8211593980242,158.715512072623,0.0570402549610239,0.0638420136723129,0.00343199167889515,0.0980681565098599,0.0952386159295475,0.134081728157742,0.0217735076393305,0.0694515873873491,0.181678935656969,0.272518403485453,0.181678935656969,0.197284785261666,0.000240373326417152,0.00398562577351103,646.492552708725,112.110872455313,1994.15091390283,2.33151369092914e-15,16.2287375101773,180.787745817767,266.963564536437,112.115224747285,35.9859087625685,11.0436610467272,11.1212845505557,7.65773580154653,13112.8923535059,13102.6198751409,36.8761000369089,7.15738385210705,6.84390934297567,2.2864724954692e-16,1.54560249875322,24.2403333889888,5.81273321185701,7.78658032898834,6.53788160263223,3.00960087708858,2.02050314028324,1.51075476319868,3.15198955396224,52.2221394748795,2.61037862483716,0.452676251014833,8.05189309380451,9.41408137930815e-18,0.0655276682262827,0.729976649132131,1.07793350372935,0.452693824504092,0.14530228791587,0.0445915991074251,0.0449050238086531,0.030920062059885,52.9466484431483,52.9051706908745
"25",4,0.811428242995854,0.0176277489984106,0.001,0.001,0.60331516315496,5.94116802650646,8.23571413581421,1.69397951651753,17.8601858876674,1.66875773965395,25.1641674470907,42.5596326591187,13.1484282623479,1.74239945337646,8.93118690384371,11.5992467928727,160.851817135368,0.0533571181077918,0.0718593534767246,0.00386143555351844,0.110340394259119,0.096206995084569,0.142545545218424,0.0242078519761782,0.0767834803893313,0.187765165828635,0.281647748742953,0.187765165828635,0.204802964174999,0.000246319561186985,0.00406401147268033,639.464350762694,110.924379340106,1980.17939287645,2.48624288586487e-15,15.866802077168,178.302772002772,256.665628042515,113.438423211368,34.5340879511377,10.669006043074,10.7267153465268,7.24701729725349,13061.8780586581,13051.9707360842,34.1199748893675,7.97095418418694,7.64633510999769,2.7433302025026e-16,1.52649734944593,25.4162658490916,6.21332353102601,8.71019694404674,6.48429875088604,3.00490153335675,2.01410348583718,1.48421062390501,3.21739607168657,53.0433588125341,2.62690860747687,0.45567545168079,8.1345430519955,1.02134432191049e-17,0.0651805513472829,0.732464735449948,1.05437800675545,0.46600310087205,0.141865442197062,0.0438280942078263,0.0440651630386235,0.0297706230128124,53.6579714900099,53.617272378456
"26",4,0.794057957066854,0.0163979060450332,0.001,0.001,0.574533326155019,5.86420025863179,8.09925617926943,1.68638873068256,17.8368053648106,1.60659496399245,25.3948571738195,42.2031253930144,13.067356840984,1.73155747237388,8.81352240103583,11.5218292797962,161.599970337352,0.0558513591370296,0.074871445617738,0.00402454631925218,0.115001663566306,0.0965562770305134,0.145787234297125,0.0251401240923595,0.0795459404044773,0.189990318763571,0.284985478145356,0.189990318763571,0.207558382319581,0.00024855694949657,0.00409207213823293,627.142991708543,108.788972192468,1944.62803198708,3.45647015913313e-15,15.5025476188869,174.696508540158,249.245186163752,112.027713374709,33.5117275314133,10.3762386774153,10.4276519431765,6.99844759232946,12841.6047573611,12831.9742308142,35.026788460185,8.145187615318,7.82624558844821,3.97499818367605e-16,1.49686828256797,25.4685208214336,6.26605490957998,8.91134981175447,6.36690379601115,2.95707734083354,1.98115291663967,1.45258646101227,3.19187010513031,52.5093642284375,2.632649947556,0.456679394848878,8.16324977574803,1.45097308005949e-17,0.0650773136516438,0.733349108779011,1.04629300647202,0.470275132848509,0.140677084643381,0.0435578561366133,0.0437736811289983,0.0293784080034528,53.9070842502744,53.8666567791172
"27",4,0.776391492227515,0.0152538660884029,0.001,0.001,0.546843054218665,5.78210749301516,7.95363052252719,1.67729630983087,17.8024606279993,1.54570732313677,25.6270953959615,41.813982132609,12.9788669616258,1.71971953772641,8.68514435843511,11.4376906849763,162.429455426477,0.0585047394644496,0.078080442038149,0.00419930750315532,0.119995896976511,0.0969324752735471,0.149260035444012,0.0261438210897201,0.0824972070375099,0.192484641980748,0.288726962971122,0.192484641980748,0.210646744288167,0.000251042199297386,0.00412358501316927,614.653422088175,106.618645786568,1908.6798727652,6.13164085256914e-15,15.1239175571912,171.043825870966,241.630685737752,110.53699353293,32.4640199839109,10.0766818877591,10.12182634888,6.74307218865682,12620.2322288039,12610.8847280265,35.960138320201,8.32483099252403,8.01513371082445,7.35771744041854e-16,1.4659987646516,25.5300075119798,6.31714941771417,9.11899324079004,6.24882526385894,2.90940975827879,1.94829612095547,1.42040620304064,3.16821085436269,52.0020552672954,2.63893249836581,0.457752937162634,8.19466249468672,2.63253822929679e-17,0.0649325231261003,0.734353856197945,1.03740912566545,0.474575840665954,0.13937994044203,0.0432628898720861,0.043456711595503,0.0289504811947837,54.1832840568431,54.1431518088257
"28",-1,0.757594552792704,0.014189642872933,0.001,0.001,0.546843054218665,5.78210749301516,7.95363052252719,1.67729630983087,17.8024606279993,1.54570732313677,25.6270953959615,41.813982132609,12.9788669616258,1.71971953772641,8.68514435843511,11.4376906849763,162.429455426477,0.0650614314626615,0.078080442038149,0.00419930750315532,0.119995896976511,0.0969324752735471,0.149260035444012,0.0261438210897201,0.0824972070375099,0.192484641980748,0.288726962971122,0.192484641980748,0.210646744288167,0.000251042199297386,0.00412358501316927,599.772265784874,104.037339515782,1862.4695003848,5.98318986760139e-15,14.757757745826,166.902744383364,235.780650786476,107.860821532663,31.678045094236,9.83271891154892,9.87677039611097,6.57981805616872,12314.6882561652,12305.5670644184,39.0220421635677,8.12328145786522,7.82108214736382,7.17958234943602e-16,1.43050598779027,24.9119095423638,6.1642071505794,8.89821652521604,6.097537168614,2.83897106908023,1.90112661362147,1.38601725154044,3.09150642348942,50.7430519253852,2.63893249836581,0.457752937162634,8.19466249468672,2.63253822929679e-17,0.0649325231261003,0.734353856197945,1.03740912566545,0.474575840665954,0.13937994044203,0.0432628898720861,0.043456711595503,0.0289504811947837,54.1832840568431,54.1431518088257
"29",4,0.740227664603054,0.0131996677887749,0.001,0.001,0.494303305484325,5.59829086947924,7.64318317099766,1.65744391120426,17.7162937425351,1.42640686097496,26.0438384697563,40.9646947203414,12.7874167284957,1.69428974788133,8.4097782938194,11.2537052890382,164.310354968581,0.0643824869780226,0.085138657444909,0.00458685960951649,0.131071254159956,0.097777965216309,0.157042212324434,0.0284172674696253,0.0890564623748042,0.198163821996753,0.29724573299513,0.198163821996753,0.217690574953316,0.000256828420763595,0.00419497954979969,589.121689962426,102.14096915358,1835.26695261668,6.106406709864e-16,14.3409765780597,163.61346721268,226.07604609428,107.102054043149,30.3232003040153,9.46559962124041,9.4967767171098,6.22515054626339,12171.4757738852,12162.7070328491,37.9291195324765,8.69614498385767,8.41811185763789,8.00374385872646e-17,1.40223150901743,25.6942208571505,6.4244634703365,9.53813004615798,6.00896126741678,2.81360909765403,1.88191757091225,1.35515660158703,3.12598090136929,51.022307273007,2.65288513310898,0.459952948882526,8.26442566423509,2.74978766752729e-18,0.0645791255124646,0.736770928893511,1.01804736076485,0.482293304995488,0.136548982401138,0.0426247224283191,0.0427651166041483,0.0280325943127313,54.809605008085,54.7701183228603
"30",-1,0.720869130979481,0.012278760733744,0.001,0.001,0.494303305484325,5.59829086947924,7.64318317099766,1.65744391120426,17.7162937425351,1.42640686097496,26.0438384697563,40.9646947203414,12.7874167284957,1.69428974788133,8.4097782938194,11.2537052890382,164.310354968581,0.0718723857785267,0.085138657444909,0.00458685960951649,0.131071254159956,0.097777965216309,0.157042212324434,0.0284172674696253,0.0890564623748042,0.198163821996753,0.29724573299513,0.198163821996753,0.217690574953316,0.000256828420763595,0.00419497954979969,573.714900147796,99.4697647657189,1787.2708039865,5.94671113880546e-16,13.9659294262756,159.334625772723,220.163674875154,104.301106694796,29.5301838838922,9.21805398454319,9.24841573280057,6.06234957039569,11853.165699452,11844.6262797131,41.2342586303113,8.46872222851422,8.19796026207375,7.79442887090214e-17,1.3655601616558,25.0222621312342,6.25645003602286,9.28868758401551,5.851814102699,2.74002721342422,1.83270140902666,1.31971636354743,3.04422982763949,49.6879650184164,2.65288513310898,0.459952948882526,8.26442566423509,2.74978766752729e-18,0.0645791255124646,0.736770928893511,1.01804736076485,0.482293304995488,0.136548982401138,0.0426247224283191,0.0427651166041483,0.0280325943127313,54.809605008085,54.7701183228603
"31",-1,0.699192787514279,0.011422103008134,0.001,0.001,0.494303305484325,5.59829086947924,7.64318317099766,1.65744391120426,17.7162937425351,1.42640686097496,26.0438384697563,40.9646947203414,12.7874167284957,1.69428974788133,8.4097782938194,11.2537052890382,164.310354968581,0.0807512596932397,0.085138657444909,0.00458685960951649,0.131071254159956,0.097777965216309,0.157042212324434,0.0284172674696253,0.0890564623748042,0.198163821996753,0.29724573299513,0.198163821996753,0.217690574953316,0.000256828420763595,0.00419497954979969,556.463445352097,96.4787353363759,1733.52804521432,5.76789511299237e-16,13.5459776346884,154.543475859762,213.543411598419,101.164800095781,28.642219091187,8.94086954750365,8.9703183260483,5.88005632763267,11496.7441524479,11488.4615107943,44.935124185422,8.21406999852175,7.95144977255766,7.56005246322993e-17,1.32449812998546,24.2698493493247,6.06832024376856,9.00937921338449,5.67585160557798,2.65763532226156,1.77759256401725,1.28003284272024,2.95269064459628,48.1938610964429,2.65288513310898,0.459952948882526,8.26442566423509,2.74978766752729e-18,0.0645791255124646,0.736770928893511,1.01804736076485,0.482293304995488,0.136548982401138,0.0426247224283191,0.0427651166041483,0.0280325943127313,54.809605008085,54.7701183228603
"32",-1,0.674823674181129,0.0106252121005898,0.001,0.001,0.494303305484325,5.59829086947924,7.64318317099766,1.65744391120426,17.7162937425351,1.42640686097496,26.0438384697563,40.9646947203414,12.7874167284957,1.69428974788133,8.4097782938194,11.2537052890382,164.310354968581,0.09141421800132,0.085138657444909,0.00458685960951649,0.131071254159956,0.097777965216309,0.157042212324434,0.0284172674696253,0.0890564623748042,0.198163821996753,0.29724573299513,0.198163821996753,0.217690574953316,0.000256828420763595,0.00419497954979969,537.068907811528,93.1161416746054,1673.10902752078,5.56686545105616e-16,13.0738568261177,149.157139579729,206.100738144521,97.6388820330044,27.6439458028891,8.62925154000872,8.65767393407873,5.67511748728391,11096.0457095917,11088.0517445903,49.0957342204138,7.92778328862584,7.67431622065249,7.29656036409661e-17,1.27833511798714,23.423967183585,5.85681980154006,8.6953734240902,5.4780299553716,2.56500819920924,1.71563775637871,1.23541958873446,2.8497798963151,46.5141503156772,2.65288513310898,0.459952948882526,8.26442566423509,2.74978766752729e-18,0.0645791255124646,0.736770928893511,1.01804736076485,0.482293304995488,0.136548982401138,0.0426247224283191,0.0427651166041483,0.0280325943127313,54.809605008085,54.7701183228603
"33",4,0.665134671985223,0.00988391823310676,0.001,0.001,0.40160280624037,5.19988476030817,7.03490527905057,1.61190228678212,17.5980038042832,1.20534838431874,26.9014903318303,39.2235373055708,12.3933192975544,1.64574561627191,7.87181489387024,10.8859176989228,168.026527571865,0.0786797150386432,0.102326073719668,0.00554738276226496,0.158521443339224,0.0995781280127682,0.176415892161636,0.034066490233658,0.104869988159278,0.210848644346279,0.316272966519418,0.210848644346279,0.233497029236601,0.000270193987813134,0.00434957519047201,534.884815137464,92.6632225802044,1676.72206758688,1.66378274240901e-15,12.7771745867477,147.936779260394,195.459098556226,99.4061885987531,26.088934619841,8.24322636578694,8.25902691281269,5.23581701736277,11183.6486157096,11176.0269301328,42.084584833513,9.48186374484404,9.30141909484071,2.63745241729569e-16,1.27232712664065,26.0983988967415,6.65860547204526,10.4247258213102,5.50081649703217,2.60710965639852,1.74140462818599,1.22254771918065,3.02175461777941,48.6109694633527,2.68058403641775,0.46438326193217,8.40292018147431,8.33807454082008e-18,0.0640330203035511,0.741387599090013,0.979546482783908,0.498175746885746,0.130745124351903,0.0413110643251812,0.0413902490261209,0.0262393829795675,56.0470387264073,56.0088425239549
"34",4,0.645895511938076,0.00919434254242489,0.001,0.001,0.380441868592482,5.08215548716753,6.84808963418512,1.59770017088241,17.5128905774153,1.15237624238089,27.0317810099573,38.6833245399029,12.2626428379447,1.62888755011821,7.69411309864241,10.7590898129736,169.366507180396,0.082977610180751,0.107418378557798,0.00583242524365338,0.166667639501385,0.100193415295759,0.182329656815934,0.0358443376776314,0.109678781882936,0.215412440906635,0.323118661359953,0.215412440906635,0.239181371076864,0.000274811540772753,0.00440387027792615,521.246704363749,90.2209370453881,1637.39025387753,3.54543849104689e-15,12.3434447948108,144.033832736692,187.335775323545,96.9983668556907,24.9853857071673,7.92038597352808,7.92818900373075,4.9695931187571,10946.6216837527,10939.3066860445,43.2518058426964,9.69138676938076,9.54995625042732,5.90909864300136e-16,1.23673189050675,26.2616392927647,6.71492678979803,10.6386627213663,5.38216292217467,2.55922451322054,1.70783054526279,1.18863409583847,3.00825797116851,48.1752875757904,2.69004658250731,0.465611621786269,8.45023291236055,1.82972757745724e-17,0.0637019691609924,0.743328861890284,0.966801243962945,0.500588537221431,0.12894441513301,0.0408754761264824,0.0409157459537142,0.0256470436621414,56.4932535857914,56.4555023934652
"35",-1,0.625512527201814,0.00855287678365106,0.001,0.001,0.380441868592482,5.08215548716753,6.84808963418512,1.59770017088241,17.5128905774153,1.15237624238089,27.0317810099573,38.6833245399029,12.2626428379447,1.62888755011821,7.69411309864241,10.7590898129736,169.366507180396,0.0935656600122714,0.107418378557798,0.00583242524365338,0.166667639501385,0.100193415295759,0.182329656815934,0.0358443376776314,0.109678781882936,0.215412440906635,0.323118661359953,0.215412440906635,0.239181371076864,0.000274811540772753,0.00440387027792615,504.797350834425,87.3737706714194,1585.71796333638,3.4335525631984e-15,11.9539139152873,139.488454482912,181.423886823936,93.937320301691,24.1969040935226,7.67043671173602,7.67799349615655,4.81276412890839,10601.1713460904,10594.0871929753,47.2316973032691,9.38554877400475,9.24858147867771,5.72262100812207e-16,1.19770346132413,25.4328820356544,6.50301906210554,10.3029308640366,5.21231417316945,2.47846124234238,1.65393532027235,1.15112352302186,2.91332423161506,46.6549857109021,2.69004658250731,0.465611621786269,8.45023291236055,1.82972757745724e-17,0.0637019691609924,0.743328861890284,0.966801243962945,0.500588537221431,0.12894441513301,0.0408754761264824,0.0409157459537142,0.0256470436621414,56.4932535857914,56.4555023934652
"36",4,0.607151266033315,0.00795616444990797,0.001,0.001,0.342563699481643,4.93090636197976,6.64298757793925,1.57422787121688,17.6458593894532,1.05776776057964,27.7043781245568,38.0744858681769,12.1168408616191,1.61335417281805,7.53238511704252,10.6309162802667,170.133326862514,0.0920483523909791,0.118625715858424,0.00647821504667888,0.185124013580616,0.1008143670906,0.195159911640595,0.0392718044423656,0.119328633608374,0.220249275950094,0.330373913925141,0.220249275950094,0.245285525988529,0.000280089523689518,0.00445758369564941,491.278362522751,85.171181346226,1545.66491372271,2.16456920088582e-15,11.6695003135866,135.416416116461,174.000014310863,93.4486014055017,23.1169722984311,7.35675526945626,7.36618142010214,4.57329716006286,10336.4607686179,10329.6664799035,45.2213638355573,10.1034923577037,10.0131497012021,4.0071373814097e-16,1.17645328837779,26.4278558039746,6.83329453498504,11.1510939183321,5.09149641088784,2.43048003215967,1.62239612429453,1.12176359940786,2.89513437331758,46.0453528823143,2.69717718360592,0.467600009591638,8.48588591890214,1.18837447490779e-17,0.0640669575355668,0.743452379949034,0.9552809656351,0.513044039343644,0.126914952893923,0.0403894695387305,0.0404412202372972,0.0251079503901417,56.748410414804,56.7111089541715
"37",4,0.587644712010817,0.00740108320921671,0.001,0.001,0.324379876602898,4.8121585023872,6.48786764512294,1.56155498713009,17.6745718343997,1.01044069277542,27.9428890447326,37.5785533003942,12.0090886858275,1.60013552358578,7.39668862987666,10.5155714672826,171.086099685619,0.0971598630551478,0.124821843202618,0.00683983614715571,0.195459134808584,0.101372973685221,0.202456525936386,0.0413890814092222,0.124873423371637,0.224328239147998,0.336492358721997,0.224328239147998,0.25041267809987,0.000284713500697701,0.00450572726516014,476.762610232191,82.6440836397925,1502.34598350984,2.5245378288437e-15,11.3040082062414,131.259625048881,166.640103274384,91.2249499191228,22.0828381319933,7.05707746229545,7.05468461949393,4.34662495973755,10060.2888304773,10053.784177881,46.3221899199745,10.3157868497102,10.2758003635448,4.93443979817332e-16,1.14592092642882,26.574367683109,6.89708080046466,11.391571793307,4.95380419354032,2.37465264097164,1.58256497843554,1.08844999686362,2.86430005095517,45.2996094883139,2.70436995057095,0.468787131354698,8.52184975492577,1.43200915862079e-17,0.0641204227384323,0.744552064459342,0.945242932611274,0.517460908235789,0.125261844334647,0.040030295619425,0.0400167225496624,0.0246556287662555,57.0655966371968,57.0286998952064
"38",-1,0.566884675374839,0.00688472856671322,0.001,0.001,0.324379876602898,4.8121585023872,6.48786764512294,1.56155498713009,17.6745718343997,1.01044069277542,27.9428890447326,37.5785533003942,12.0090886858275,1.60013552358578,7.39668862987666,10.5155714672826,171.086099685619,0.110301393198694,0.124821843202618,0.00683983614715571,0.195459134808584,0.101372973685221,0.202456525936386,0.0413890814092222,0.124873423371637,0.224328239147998,0.336492358721997,0.224328239147998,0.25041267809987,0.000284713500697701,0.00450572726516014,459.919764456864,79.7244722333729,1449.27180957427,2.43535214105563e-15,10.9046655086921,126.62254660821,160.753119901111,88.0021976953244,21.3027059887501,6.80776834121297,6.8054600316391,4.19306943279639,9704.88366742465,9698.60880814295,50.7297907792075,9.95135557252556,9.91278171017988,4.76011822444967e-16,1.10543836965878,25.6355608915163,6.65342396637354,10.9891356904427,4.77879852354382,2.29076202676769,1.52665686548968,1.04999774612525,2.76311140281641,43.699286140972,2.70436995057095,0.468787131354698,8.52184975492577,1.43200915862079e-17,0.0641204227384323,0.744552064459342,0.945242932611274,0.517460908235789,0.125261844334647,0.040030295619425,0.0400167225496624,0.0246556287662555,57.0655966371968,57.0286998952064
"39",4,0.548430443226532,0.00640439866670997,0.001,0.001,0.288268372427877,4.48468556372765,6.00375601399572,1.52759074713975,17.2703557387394,0.911824251242774,27.636300334059,36.0425944260094,11.6575434181298,1.55876365852876,6.92982444763255,10.1953867121978,175.493106285732,0.109635367666157,0.138865374107791,0.00762136620087703,0.217795370673252,0.103378945027465,0.219948504143799,0.0471124731054677,0.138805011411653,0.239321251646315,0.358981877469473,0.239321251646315,0.269219560168262,0.000300290879492617,0.00468231956349454,449.747011336228,77.5262943230518,1426.08939192481,1.05281287796364e-16,10.3093661229993,123.739267406897,149.551555529988,84.2032691186085,19.7668560360905,6.39335170373745,6.38747641911178,3.80052669329718,9630.46195419423,9624.57620634851,49.3081789446026,10.7657178643613,10.868749491045,2.29297771005664e-17,1.06577139369756,27.2162667699966,7.0457436377874,11.6878357309069,4.73062872766969,2.29509739793032,1.52865885148316,1.02317612477721,2.89193989014518,45.0653414613297,2.73354027474157,0.471201014218858,8.66770137421513,6.39894503162952e-19,0.0626598216195972,0.752081197869037,0.908967018984482,0.511783339519611,0.120141981420031,0.0388584780604326,0.0388227683686614,0.0230994148254418,58.5334753819536,58.4977020952442
"40",4,0.527094137865817,0.00595758015507905,0.001,0.001,0.268782526500264,4.1369084881006,5.36567092745802,1.46872069540831,16.0844492393899,0.854635783933404,26.5346139174329,33.7610983631538,11.1196837595303,1.48117330545503,6.21134161914363,9.70018496140526,183.012736413876,0.118027196730687,0.14712628315655,0.00804404456182644,0.229875174874076,0.106372302918354,0.230986347407243,0.0523878895558423,0.150137949506293,0.266239975504348,0.399359963256523,0.266239975504348,0.302901012053236,0.000324685588975104,0.00500958752916294,439.76427078057,74.9990018459679,1408.1801427334,4.36864397594593e-05,9.25217297359472,121.124577775669,134.283095402873,77.7013302578423,17.7952770351296,5.86112012457014,5.83980828395253,3.27396175573258,9651.87606304243,9646.49405185362,51.9041441025455,11.0343243820485,11.3274638192266,1.00424279793315e-05,0.984174946200224,27.9781238016464,7.03480797118237,11.6659183988237,4.737814121926,2.34069671759039,1.55479041446961,0.991686329234988,3.13382506424364,48.3249563023104,2.78106090979724,0.474292265575404,8.9053045213458,2.76272216675525e-07,0.0585105664493279,0.7659895331417,0.849203749110044,0.49138173921172,0.112536994543846,0.0370656125317676,0.0369308368558077,0.0207044720638121,61.0382812079988,61.0042454712921
"41",4,0.509110344742762,0.00554193502798051,0.001,0.001,0.25646744738283,4.17507355702225,5.51498255655431,1.47189231979463,16.7496321721066,0.824311708289137,27.5997911805616,34.4266336202763,11.2580526534978,1.5044055931817,6.42540877346975,9.80192555415371,179.991422442849,0.123645373408358,0.155158359110187,0.00855354130559025,0.244437774835495,0.105454187776307,0.239983613479116,0.0537821079030593,0.154917475784599,0.258225995830938,0.387338993746407,0.258225995830938,0.292972276220228,0.000318915501889545,0.00489930585757029,422.11489041893,72.4572861948293,1346.90893605183,1.20186517576775e-15,9.27676661581057,115.972562748165,132.688415623349,78.0629955709109,17.5269553107516,5.73159106755445,5.70364107769003,3.27124207577435,9168.80242011241,9163.54951306186,52.192553247077,11.2423536315669,11.520841219388,2.93781249216941e-16,0.97827388866066,27.8315146727382,7.13626268654095,12.0933222260298,4.52591548900318,2.22006871667244,1.47282839714875,0.958383237006995,2.92407322553622,44.8950318054794,2.76374198493395,0.474404595801589,8.81870993168411,7.86905489925451e-18,0.0607384149730045,0.759315172344173,0.868760030731602,0.511107244084475,0.114755445400921,0.0375268421783262,0.0373438432786898,0.0214180292448992,60.0315335355255,59.9971408142828
"42",-1,0.488734485176709,0.0051552883981214,0.001,0.001,0.25646744738283,4.17507355702225,5.51498255655431,1.47189231979463,16.7496321721066,0.824311708289137,27.5997911805616,34.4266336202763,11.2580526534978,1.5044055931817,6.42540877346975,9.80192555415371,179.991422442849,0.141422603411475,0.155158359110187,0.00855354130559025,0.244437774835495,0.105454187776307,0.239983613479116,0.0537821079030593,0.154917475784599,0.258225995830938,0.387338993746407,0.258225995830938,0.292972276220228,0.000318915501889545,0.00489930585757029,405.220804850385,69.5573657683663,1293.00229751531,1.15376354850432e-15,8.9054873916842,111.331052952748,127.377895908513,74.9387207423137,16.8254830587729,5.50219856769955,5.47536720579905,3.14031884895165,8801.84419105601,8796.80151838291,57.3073811784345,10.7924067366468,11.0597485600203,2.82023394482702e-16,0.939120939642196,26.7176283800353,6.85065174221632,11.6093174559262,4.34477711818821,2.13121605660567,1.41388214925752,0.920026361234651,2.8070445577442,43.0982212068966,2.76374198493395,0.474404595801589,8.81870993168411,7.86905489925451e-18,0.0607384149730045,0.759315172344173,0.868760030731602,0.511107244084475,0.114755445400921,0.0375268421783262,0.0373438432786898,0.0214180292448992,60.0315335355255,59.9971408142828
"43",-1,0.46560116086499,0.00479561711453154,0.001,0.001,0.25646744738283,4.17507355702225,5.51498255655431,1.47189231979463,16.7496321721066,0.824311708289137,27.5997911805616,34.4266336202763,11.2580526534978,1.5044055931817,6.42540877346975,9.80192555415371,179.991422442849,0.163491675141446,0.155158359110187,0.00855354130559025,0.244437774835495,0.105454187776307,0.239983613479116,0.0537821079030593,0.154917475784599,0.258225995830938,0.387338993746407,0.258225995830938,0.292972276220228,0.000318915501889545,0.00489930585757029,386.040442954968,66.2649991574718,1231.80047445712,1.09915232880097e-15,8.48396295615911,106.061407711754,121.348703646521,71.3916378516711,16.0290805782743,5.24176238454778,5.21620103451547,2.9916777839596,8385.22551079387,8380.42152351311,63.1143986910536,10.2815685357112,10.5362562385147,2.68674349457362e-16,0.894669422666032,25.4529998733485,6.52638907341358,11.0598123281091,4.13912529457923,2.0303389674885,1.34695870659213,0.876478650084134,2.67417840223184,41.0582482590559,2.76374198493395,0.474404595801589,8.81870993168411,7.86905489925451e-18,0.0607384149730045,0.759315172344173,0.868760030731602,0.511107244084475,0.114755445400921,0.0375268421783262,0.0373438432786898,0.0214180292448992,60.0315335355255,59.9971408142828
"44",-1,0.439184126251895,0.00446103917630841,0.001,0.001,0.25646744738283,4.17507355702225,5.51498255655431,1.47189231979463,16.7496321721066,0.824311708289137,27.5997911805616,34.4266336202763,11.2580526534978,1.5044055931817,6.42540877346975,9.80192555415371,179.991422442849,0.191536739074176,0.155158359110187,0.00855354130559025,0.244437774835495,0.105454187776307,0.239983613479116,0.0537821079030593,0.154917475784599,0.258225995830938,0.387338993746407,0.258225995830938,0.292972276220228,0.000318915501889545,0.00489930585757029,364.137482651669,62.5052903691013,1161.91122480468,1.03678920010719e-15,8.0026043129532,100.043751154735,114.463684505828,67.3410565242762,15.1196310063152,4.94435801792428,4.92024695437173,2.82193753798757,7909.46898100833,7904.93755983982,69.74570600178,9.69821828937552,9.93845565479578,2.53430445047674e-16,0.843908137917648,24.0088609081187,6.1560982310742,10.4323064934088,3.90428177320206,1.91514265938477,1.27053566952678,0.826749463855526,2.52245226975806,38.7287068906506,2.76374198493395,0.474404595801589,8.81870993168411,7.86905489925451e-18,0.0607384149730045,0.759315172344173,0.868760030731602,0.511107244084475,0.114755445400921,0.0375268421783262,0.0373438432786898,0.0214180292448992,60.0315335355255,59.9971408142828
"45",-1,0.408816317955467,0.00414980388493805,0.001,0.001,0.25646744738283,4.17507355702225,5.51498255655431,1.47189231979463,16.7496321721066,0.824311708289137,27.5997911805616,34.4266336202763,11.2580526534978,1.5044055931817,6.42540877346975,9.80192555415371,179.991422442849,0.228254116217167,0.155158359110187,0.00855354130559025,0.244437774835495,0.105454187776307,0.239983613479116,0.0537821079030593,0.154917475784599,0.258225995830938,0.387338993746407,0.258225995830938,0.292972276220228,0.000318915501889545,0.00489930585757029,338.958846617889,58.1833020230272,1081.56975701652,9.65099414910797e-16,7.44925655031447,93.1261298776397,106.548983085171,62.6846944820943,14.0741695962432,4.60247563315176,4.58003175225,2.62681195612865,7362.5611503641,7358.34305866523,77.3687519687568,9.02762566950531,9.25125159151803,2.35906753475834e-16,0.785555299050744,22.3487451573614,5.73042890524793,9.71095463949481,3.63431645948342,1.78271828048736,1.18268326016207,0.769583077989523,2.34803488446083,36.0507732493303,2.76374198493395,0.474404595801589,8.81870993168411,7.86905489925451e-18,0.0607384149730045,0.759315172344173,0.868760030731602,0.511107244084475,0.114755445400921,0.0375268421783262,0.0373438432786898,0.0214180292448992,60.0315335355255,59.9971408142828
"46",-1,0.373639296201728,0.00386028268366331,0.001,0.001,0.25646744738283,4.17507355702225,5.51498255655431,1.47189231979463,16.7496321721066,0.824311708289137,27.5997911805616,34.4266336202763,11.2580526534978,1.5044055931817,6.42540877346975,9.80192555415371,179.991422442849,0.27824736475251,0.155158359110187,0.00855354130559025,0.244437774835495,0.105454187776307,0.239983613479116,0.0537821079030593,0.154917475784599,0.258225995830938,0.387338993746407,0.258225995830938,0.292972276220228,0.000318915501889545,0.00489930585757029,309.792783040167,53.1768597870513,988.504971684493,8.82056440299065e-16,6.80827758687658,85.1129959769913,97.3808659352243,57.2909252889984,12.8631431564748,4.20645087005494,4.18593819603519,2.40078521192765,6729.04198203726,6725.18684038939,86.1990255002725,8.25083430719136,8.45521810608463,2.15607913546021e-16,0.717961383079702,20.4257243285918,5.23734823942158,8.87536553113566,3.32159795109662,1.62932244725078,1.08091805915795,0.703363508254306,2.14599580093723,32.9487472803744,2.76374198493395,0.474404595801589,8.81870993168411,7.86905489925451e-18,0.0607384149730045,0.759315172344173,0.868760030731602,0.511107244084475,0.114755445400921,0.0375268421783262,0.0373438432786898,0.0214180292448992,60.0315335355255,59.9971408142828
"47",-1,0.33252920622717,0.00359096063596587,0.001,0.001,0.25646744738283,4.17507355702225,5.51498255655431,1.47189231979463,16.7496321721066,0.824311708289137,27.5997911805616,34.4266336202763,11.2580526534978,1.5044055931817,6.42540877346975,9.80192555415371,179.991422442849,0.350076253005809,0.155158359110187,0.00855354130559025,0.244437774835495,0.105454187776307,0.239983613479116,0.0537821079030593,0.154917475784599,0.258225995830938,0.387338993746407,0.258225995830938,0.292972276220228,0.000318915501889545,0.00489930585757029,275.707478540037,47.3260151017271,879.743584059172,7.85007173822137e-16,6.05918907554089,75.7483414607563,86.6664250263213,50.98742585171,11.4478611508241,3.74363131253132,3.72537556888037,2.13663607912699,5988.6714585504,5985.24048326196,96.5186410129756,7.3430268464079,7.52492308457814,1.91885406798984e-16,0.638966862544234,18.1783606988022,4.66110302233801,7.8988433097013,2.95613534580585,1.45005438555342,0.96198881611838,0.625975135556097,1.90988016385519,29.3235237586122,2.76374198493395,0.474404595801589,8.81870993168411,7.86905489925451e-18,0.0607384149730045,0.759315172344173,0.868760030731602,0.511107244084475,0.114755445400921,0.0375268421783262,0.0373438432786898,0.0214180292448992,60.0315335355255,59.9971408142828
"48",-1,0.283985470726956,0.0033404284985729,0.001,0.001,0.25646744738283,4.17507355702225,5.51498255655431,1.47189231979463,16.7496321721066,0.824311708289137,27.5997911805616,34.4266336202763,11.2580526534978,1.5044055931817,6.42540877346975,9.80192555415371,179.991422442849,0.461670121807601,0.155158359110187,0.00855354130559025,0.244437774835495,0.105454187776307,0.239983613479116,0.0537821079030593,0.154917475784599,0.258225995830938,0.387338993746407,0.258225995830938,0.292972276220228,0.000318915501889545,0.00489930585757029,235.458770567796,40.4172037361237,751.315647346139,6.70409177922316e-16,5.17464821019537,64.690342994484,74.0145678828237,43.5441093909861,9.77666375419862,3.19712338227245,3.18153267367573,1.82472273514692,5114.42499286418,5111.49488292468,108.704279288702,6.27106701151907,6.42640942311148,1.63873327680625e-16,0.545688324034271,15.5246222690197,3.98065947627233,6.74574351214,2.52458873383218,1.23837055377252,0.821554442928581,0.534593173186795,1.63106941347571,25.0427768208535,2.76374198493395,0.474404595801589,8.81870993168411,7.86905489925451e-18,0.0607384149730045,0.759315172344173,0.868760030731602,0.511107244084475,0.114755445400921,0.0375268421783262,0.0373438432786898,0.0214180292448992,60.0315335355255,59.9971408142828
"49",-1,0.22595832252806,0.00310737534750967,0.001,0.001,0.25646744738283,4.17507355702225,5.51498255655431,1.47189231979463,16.7496321721066,0.824311708289137,27.5997911805616,34.4266336202763,11.2580526534978,1.5044055931817,6.42540877346975,9.80192555415371,179.991422442849,0.657978946257205,0.155158359110187,0.00855354130559025,0.244437774835495,0.105454187776307,0.239983613479116,0.0537821079030593,0.154917475784599,0.258225995830938,0.387338993746407,0.258225995830938,0.292972276220228,0.000318915501889545,0.00489930585757029,187.347150844814,32.1587000000788,597.798270907464,5.33423533475027e-16,4.11730510809398,51.4720747838981,58.8910677670615,34.6466806515802,7.77898438312573,2.54385069251694,2.53144565520105,1.4518745880103,4069.38738494229,4067.05598846254,123.27048089716,4.98969112312898,5.11329220261743,1.30388861567523e-16,0.434187066001289,12.3524544999072,3.16728576117448,5.3673763108579,2.00873598888596,0.985332567480613,0.653685075206193,0.425359002835684,1.29779072025185,19.9257512273409,2.76374198493395,0.474404595801589,8.81870993168411,7.86905489925451e-18,0.0607384149730045,0.759315172344173,0.868760030731602,0.511107244084475,0.114755445400921,0.0375268421783262,0.0373438432786898,0.0214180292448992,60.0315335355255,59.9971408142828
"50",-1,0.155572019617565,0.00289058171861365,0.001,0.001,0.25646744738283,4.17507355702225,5.51498255655431,1.47189231979463,16.7496321721066,0.824311708289137,27.5997911805616,34.4266336202763,11.2580526534978,1.5044055931817,6.42540877346975,9.80192555415371,179.991422442849,1.09265066143203,0.155158359110187,0.00855354130559025,0.244437774835495,0.105454187776307,0.239983613479116,0.0537821079030593,0.154917475784599,0.258225995830938,0.387338993746407,0.258225995830938,0.292972276220228,0.000318915501889545,0.00489930585757029,128.98827668941,22.1412243254123,411.583354348072,3.67261428947555e-16,2.83475936571601,35.4384584663526,40.5464257631798,23.8541958610168,5.35582092094033,1.75143798826554,1.74289713574428,0.999613819757107,2801.76807385838,2800.16291032722,140.939125841661,3.43539603502152,3.52049522210962,8.97725664748446e-17,0.29893724645286,8.50464931888488,2.18067224547872,3.69543180966014,1.38301219080199,0.678400227984007,0.450061348508456,0.292859136115437,0.893527271452647,13.7188545487172,2.76374198493395,0.474404595801589,8.81870993168411,7.86905489925451e-18,0.0607384149730045,0.759315172344173,0.868760030731602,0.511107244084475,0.114755445400921,0.0375268421783262,0.0373438432786898,0.0214180292448992,60.0315335355255,59.9971408142828
"51",-1,0.0686618774693171,0.00268891322661735,0.001,0.001,0.25646744738283,4.17507355702225,5.51498255655431,1.47189231979463,16.7496321721066,0.824311708289137,27.5997911805616,34.4266336202763,11.2580526534978,1.5044055931817,6.42540877346975,9.80192555415371,179.991422442849,2.85891765940718,0.155158359110187,0.00855354130559025,0.244437774835495,0.105454187776307,0.239983613479116,0.0537821079030593,0.154917475784599,0.258225995830938,0.387338993746407,0.258225995830938,0.292972276220228,0.000318915501889545,0.00489930585757029,56.9291140579026,9.77205306834288,181.652754230023,1.62091224987583e-16,1.25112408196709,15.6408015972267,17.8952084341,10.5280748901026,2.36379729931648,0.772999031837589,0.769229517430434,0.441180629894254,1236.56333997343,1235.85489932989,162.755649514543,1.51621571922175,1.55377433658074,3.96212183563243e-17,0.131936273871217,3.75353608501239,0.962442030950503,1.6309827868459,0.61039391155848,0.299412667158918,0.198635058161026,0.129253693364394,0.394359218185839,6.0548311473939,2.76374198493395,0.474404595801589,8.81870993168411,7.86905489925451e-18,0.0607384149730045,0.759315172344173,0.868760030731602,0.511107244084475,0.114755445400921,0.0375268421783262,0.0373438432786898,0.0214180292448992,60.0315335355255,59.9971408142828
"52",-1,0.000214517970243712,0.00250131462941149,0.001,0.001,0.398302369328243,13.4909730960069,3.16989920697702e-05,5.49737767156286,5.82354385598856,90.7451567880896,20.8293927407234,6.55097030863256,3.24377423211222,0.447597579474035,2.21350511213741,2.89238868299435,148.647073105777,-0.345447348313975,-0.0110121301158064,0.00234071577164931,0.0668799509267612,-1.18200609752438,0.136454197606417,0.0367413261840773,0.0251425173909993,38816.9136969131,58225.3705453697,38816.9136969131,54586.1406932425,0.000471970445184757,0.0473160508170538,0.152408266604948,0.0427573960757902,0.439387139885282,0.000405241152481834,0.00242854110737866,0.0376453003600254,0.0171092487019621,0.0248237725119394,0.00140530085373468,0.000695847864201571,0.000709955817357174,0.000474836623779799,3.18939996616298,3.188746840532,-0.0526490315598087,-0.00047085000899967,0.00102848040818936,2.71025083914892e-05,-0.0028705503970102,0.00513685925427983,0.000628616487323288,0.000624132132091646,54.5494419576175,40.5159997363405,27.5582936909748,25.9194987519483,0.00150530252190219,0.150878907549332,2.36822842754227,0.664394938214482,6.8275109910543,0.00629692626716296,0.0377364050918378,0.584959546236877,0.265855718016294,0.385729495198581,0.0218365676954419,0.0108125807737074,0.0110318002193569,0.00737835037379137,49.5591731008133,49.5490243685923
"53",-1,3.41764768629718e-05,0.00232680430642929,0.001,0.001,9.47370706825512,0.479354588786074,3.51047386784598e-06,2.7775747376678,1.7735570461884,9.4250031135383,44.0661296476791,13.9753353376983,4.64989450698587,0.0733401610162332,10.5708955113261,7.07655287392157,195.669129810974,-0.0364968047168603,0.0162856578781144,0.000758537497388535,0.0216726018829324,-1.3600516446496,0.0878072485903715,0.112281971914754,0.260820557164852,133451.799825125,200177.699737688,133451.799825125,187666.538604241,0.0354957269522538,0.0288879225459969,0.0118251652431858,0.00553003713895601,4.80451383694127e-05,0.0781127529208809,0.000155541650111296,0.00740379735553623,0.00417717011943365,0.00836680589080344,0.000477627724821116,0.000158917012033262,0.000241812347085806,0.000361275965863728,0.6689827294578,0.668728148778258,-0.000431580746625157,9.00602928983045e-05,3.64440390204202e-08,0.00169290659603412,-0.000211544677045381,0.000650107074910305,0.000469020898033398,0.00218223497412952,63.7402795237576,31.8116419180049,32.2702929385386,67.7994099945499,0.0237460283006076,0.0193181669662342,1.1533435010088,0.539360952966599,0.00468598509651794,7.61856888038992,0.0151704392795206,0.722114354191749,0.4074118129244,0.816039437919984,0.0465844511256609,0.0154996483566196,0.0235846766822821,0.035236318371087,65.2478732804087,65.2230432703248
"54",-1,3.41764767185628e-05,0.00216446912225981,0.001,0.001,9.47370706825512,0.479354588786074,3.51047386784598e-06,2.7775747376678,1.7735570461884,9.4250031135383,44.0661296476791,13.9753353376983,4.64989450698587,0.0733401610162332,10.5708955113261,7.07655287392157,195.669129810974,-0.0364268878558309,0.0162856578781144,0.000758537497388535,0.0216726018829324,-1.3600516446496,0.0878072485903715,0.112281971914754,0.260820557164852,133451.799825125,200177.699737688,133451.799825125,187666.538604241,0.0354957269522538,0.0288879225459969,0.0118251651932199,0.00553003711558945,4.80451381664033e-05,0.078112752590824,0.000155541649454072,0.0074037973242523,0.00417717010178347,0.00836680585545042,0.000477627722802953,0.000158917011361776,0.000241812346064054,0.000361275964337196,0.668982726631087,0.668728145952621,-0.000430753966370096,9.00602925177646e-05,3.64440388664299e-08,0.00169290658888093,-0.000211544676151522,0.000650107072163349,0.000469020896051602,0.00218223496490873,63.7402792544301,31.8116417835883,32.2702928021841,67.799409708071,0.0237460282002713,0.0193181668846074,1.1533435010088,0.539360952966599,0.00468598509651794,7.61856888038992,0.0151704392795206,0.722114354191749,0.4074118129244,0.816039437919984,0.0465844511256609,0.0154996483566196,0.0235846766822821,0.035236318371087,65.2478732804087,65.2230432703248
"55",-1,1.39800203570584e-05,0.00201345964861377,0.001,0.001,21.3859811535638,0.00923989155776073,3.32776240182367,0.00351984965987207,21.2220934132487,0.000458872432818058,47.8998549614635,25.7529250979667,11.4978960593897,4.08941884634189,7.03807588712944,21.1126577576273,136.661913679462,-0.0332761452259889,0.0104676838691365,0.177617027452129,5.07872757678495,0.0929755920163325,46.0623443316371,1.77237034788507,36662.7561042756,0.3136650543376,0.4704975815064,0.3136650543376,0.374320410708881,0.0615873419387765,0.00514929022349739,0.00471468247818969,0.0019544423212443,4.75916648212572e-05,0.0255566451912696,0.000296734505506509,0.00256958991747388,0.00392705095530731,0.0037202274858967,0.000360026417123376,0.00016074082097361,0.000349218645171607,9.83924441765916e-05,0.191364323406548,0.191053633527345,-0.000156886458838665,2.04584843592466e-05,8.45309003704977e-06,0.129795238703009,2.75890663211414e-05,0.118361335569785,0.00696018866782042,136.393792967853,0.000112927705689975,7.56281675174369e-05,0.000109537685313455,3.68303001148324e-05,0.0117856200205217,0.000983790607286009,1.12414773793212,0.466008458577937,0.0113475430425556,6.09361182090272,0.0707520442096948,0.612681491596566,0.936348411282193,0.887034351138213,0.0858430836598892,0.0383263201979657,0.0832661270041924,0.0234602529570981,45.6280507273914,45.5539712264874
"56",-1,1.39800203453951e-05,0.00187298571964072,0.001,0.001,21.3859811535638,0.00923989155776073,3.32776240182367,0.00351984965987207,21.2220934132487,0.000458872432818058,47.8998549614635,25.7529250979667,11.4978960593897,4.08941884634189,7.03807588712944,21.1126577576273,136.661913679462,-0.0332519622201205,0.0104676838691365,0.177617027452129,5.07872757678495,0.0929755920163325,46.0623443316371,1.77237034788507,36662.7561042756,0.3136650543376,0.4704975815064,0.3136650543376,0.374320410708881,0.0615873419387765,0.00514929022349739,0.00471468247425629,0.00195444231961373,4.75916647815522e-05,0.025556645169948,0.000296734505258948,0.0025695899153301,0.00392705095203103,0.00372022748279297,0.000360026416823011,0.000160740820839506,0.000349218644880258,9.83924440945042e-05,0.191364323246895,0.191053633367951,-0.000156772443513835,2.04584843421783e-05,8.45309002999748e-06,0.129795238594723,2.75890662981242e-05,0.118361335471037,0.00696018866201363,136.393792854062,0.000112927705595761,7.56281674543414e-05,0.000109537685222069,3.68303000841054e-05,0.0117856200106891,0.000983790606465246,1.12414773793212,0.466008458577937,0.0113475430425556,6.09361182090272,0.0707520442096948,0.612681491596566,0.936348411282193,0.887034351138213,0.0858430836598892,0.0383263201979657,0.0832661270041924,0.0234602529570981,45.6280507273914,45.5539712264874
"57",-1,1.39800203345593e-05,0.0017423122973402,0.001,0.001,21.3859811535638,0.00923989155776073,3.32776240182367,0.00351984965987207,21.2220934132487,0.000458872432818058,47.8998549614635,25.7529250979667,11.4978960593897,4.08941884634189,7.03807588712944,21.1126577576273,136.661913679462,-0.0332294951568545,0.0104676838691365,0.177617027452129,5.07872757678495,0.0929755920163325,46.0623443316371,1.77237034788507,36662.7561042756,0.3136650543376,0.4704975815064,0.3136650543376,0.374320410708881,0.0615873419387765,0.00514929022349739,0.004714682470602,0.00195444231809887,4.75916647446644e-05,0.0255566451501394,0.000296734505028952,0.00256958991333844,0.00392705094898722,0.00372022747990946,0.000360026416543959,0.000160740820714918,0.000349218644609583,9.83924440182413e-05,0.191364323098571,0.191053633219868,-0.000156666518322976,2.04584843263212e-05,8.45309002344558e-06,0.12979523849412,2.75890662767403e-05,0.118361335379297,0.00696018865661887,136.393792748345,0.000112927705508232,7.56281673957229e-05,0.000109537685137168,3.68303000555587e-05,0.0117856200015542,0.000983790605702721,1.12414773793212,0.466008458577937,0.0113475430425556,6.09361182090272,0.0707520442096948,0.612681491596566,0.936348411282193,0.887034351138213,0.0858430836598892,0.0383263201979657,0.0832661270041924,0.0234602529570981,45.6280507273914,45.5539712264874
"58",-1,1.39800203244916e-05,0.00162075562543275,0.001,0.001,21.3859811535638,0.00923989155776073,3.32776240182367,0.00351984965987207,21.2220934132487,0.000458872432818058,47.8998549614635,25.7529250979667,11.4978960593897,4.08941884634189,7.03807588712944,21.1126577576273,136.661913679462,-0.0332086204007079,0.0104676838691365,0.177617027452129,5.07872757678495,0.0929755920163325,46.0623443316371,1.77237034788507,36662.7561042756,0.3136650543376,0.4704975815064,0.3136650543376,0.374320410708881,0.0615873419387765,0.00514929022349739,0.00471468246720669,0.00195444231669136,4.7591664710391e-05,0.0255566451317346,0.000296734504815257,0.00256958991148794,0.00392705094615913,0.00372022747723032,0.000360026416284684,0.00016074082059916,0.000349218644358091,9.83924439473834e-05,0.191364322960759,0.191053633082279,-0.00015656810036334,2.04584843115879e-05,8.45309001735804e-06,0.129795238400647,2.75890662568718e-05,0.118361335294058,0.00696018865160645,136.39379265012,0.000112927705426907,7.56281673412588e-05,0.000109537685058284,3.68303000290351e-05,0.0117856199930667,0.000983790604994239,1.12414773793212,0.466008458577937,0.0113475430425556,6.09361182090272,0.0707520442096948,0.612681491596566,0.936348411282193,0.887034351138213,0.0858430836598892,0.0383263201979657,0.0832661270041924,0.0234602529570981,45.6280507273914,45.5539712264874
"59",-1,1.39800203151365e-05,0.00150767965156535,0.001,0.001,21.3859811535638,0.00923989155776073,3.32776240182367,0.00351984965987207,21.2220934132487,0.000458872432818058,47.8998549614635,25.7529250979667,11.4978960593897,4.08941884634189,7.03807588712944,21.1126577576273,136.661913679462,-0.0331892234786994,0.0104676838691365,0.177617027452129,5.07872757678495,0.0929755920163325,46.0623443316371,1.77237034788507,36662.7561042756,0.3136650543376,0.4704975815064,0.3136650543376,0.374320410708881,0.0615873419387765,0.00514929022349739,0.00471468246405176,0.00195444231538351,4.7591664678544e-05,0.0255566451146328,0.000296734504616691,0.00256958990976844,0.00392705094353126,0.00372022747474085,0.000360026416043764,0.000160740820491596,0.000349218644124404,9.8392443881542e-05,0.191364322832703,0.191053632954432,-0.000156476649930519,2.04584842978976e-05,8.45309001170147e-06,0.129795238313792,2.758906623841e-05,0.118361335214854,0.00696018864694889,136.393792558849,0.000112927705351339,7.56281672906506e-05,0.000109537684984984,3.68303000043893e-05,0.0117856199851801,0.000983790604335914,1.12414773793212,0.466008458577937,0.0113475430425556,6.09361182090272,0.0707520442096948,0.612681491596566,0.936348411282193,0.887034351138213,0.0858430836598892,0.0383263201979657,0.0832661270041924,0.0234602529570981,45.6280507273914,45.5539712264874
"60",-1,1.39800203064431e-05,0.00140249269913056,0.001,0.001,21.3859811535638,0.00923989155776073,3.32776240182367,0.00351984965987207,21.2220934132487,0.000458872432818058,47.8998549614635,25.7529250979667,11.4978960593897,4.08941884634189,7.03807588712944,21.1126577576273,136.661913679462,-0.0331711983670284,0.0104676838691365,0.177617027452129,5.07872757678495,0.0929755920163325,46.0623443316371,1.77237034788507,36662.7561042756,0.3136650543376,0.4704975815064,0.3136650543376,0.374320410708881,0.0615873419387765,0.00514929022349739,0.00471468246111995,0.00195444231416814,4.75916646489493e-05,0.0255566450987405,0.000296734504432168,0.00256958990817055,0.00392705094108923,0.00372022747242744,0.000360026415819883,0.00016074082039164,0.000349218643907244,9.8392443820357e-05,0.191364322713704,0.191053632835626,-0.00015639166715536,2.04584842851756e-05,8.45309000644495e-06,0.129795238233079,2.75890662212538e-05,0.118361335141252,0.00696018864262072,136.393792474033,0.000112927705281115,7.56281672436215e-05,0.000109537684916869,3.68302999814865e-05,0.0117856199778513,0.000983790603724148,1.12414773793212,0.466008458577937,0.0113475430425556,6.09361182090272,0.0707520442096948,0.612681491596566,0.936348411282193,0.887034351138213,0.0858430836598892,0.0383263201979657,0.0832661270041924,0.0234602529570981,45.6280507273914,45.5539712264874
"61",-1,1.39800202983639e-05,0.00130464437128424,0.001,0.001,21.3859811535638,0.00923989155776073,3.32776240182367,0.00351984965987207,21.2220934132487,0.000458872432818058,47.8998549614635,25.7529250979667,11.4978960593897,4.08941884634189,7.03807588712944,21.1126577576273,136.661913679462,-0.0331544468378516,0.0104676838691365,0.177617027452129,5.07872757678495,0.0929755920163325,46.0623443316371,1.77237034788507,36662.7561042756,0.3136650543376,0.4704975815064,0.3136650543376,0.374320410708881,0.0615873419387765,0.00514929022349739,0.0047146824583953,0.00195444231303865,4.75916646214457e-05,0.0255566450839711,0.000296734504260682,0.00256958990668556,0.00392705093881976,0.00372022747027749,0.000360026415611821,0.000160740820298747,0.000349218643705427,9.83924437634951e-05,0.191364322603113,0.191053632725214,-0.000156312688924218,2.04584842733525e-05,8.45309000155984e-06,0.12979523815807,2.75890662053099e-05,0.11836133507285,0.00696018863859836,136.39379239521,0.000112927705215853,7.56281671999153e-05,0.000109537684853566,3.6830299960202e-05,0.0117856199710403,0.000983790603155606,1.12414773793212,0.466008458577937,0.0113475430425556,6.09361182090272,0.0707520442096948,0.612681491596566,0.936348411282193,0.887034351138213,0.0858430836598892,0.0383263201979657,0.0832661270041924,0.0234602529570981,45.6280507273914,45.5539712264874
"62",-1,1.39800202908551e-05,0.00121362267096208,0.001,0.001,21.3859811535638,0.00923989155776073,3.32776240182367,0.00351984965987207,21.2220934132487,0.000458872432818058,47.8998549614635,25.7529250979667,11.4978960593897,4.08941884634189,7.03807588712944,21.1126577576273,136.661913679462,-0.0331388778605017,0.0104676838691365,0.177617027452129,5.07872757678495,0.0929755920163325,46.0623443316371,1.77237034788507,36662.7561042756,0.3136650543376,0.4704975815064,0.3136650543376,0.374320410708881,0.0615873419387765,0.00514929022349739,0.00471468245586298,0.0019544423119889,4.75916645958836e-05,0.0255566450702443,0.000296734504101303,0.0025695899053054,0.00392705093671049,0.00372022746827931,0.000360026415418446,0.000160740820212411,0.000349218643517858,9.83924437106473e-05,0.191364322500329,0.191053632622597,-0.000156239286055893,2.0458484262364e-05,8.45308999701958e-06,0.129795238088355,2.75890661904915e-05,0.118361335009276,0.00696018863485996,136.393792321951,0.000112927705155198,7.56281671592945e-05,0.000109537684794732,3.683029994042e-05,0.0117856199647101,0.0009837906026272,1.12414773793212,0.466008458577937,0.0113475430425556,6.09361182090272,0.0707520442096948,0.612681491596566,0.936348411282193,0.887034351138213,0.0858430836598892,0.0383263201979657,0.0832661270041924,0.0234602529570981,45.6280507273914,45.5539712264874
"63",-1,1.39800202838759e-05,0.00112895132182519,0.001,0.001,21.3859811535638,0.00923989155776073,3.32776240182367,0.00351984965987207,21.2220934132487,0.000458872432818058,47.8998549614635,25.7529250979667,11.4978960593897,4.08941884634189,7.03807588712944,21.1126577576273,136.661913679462,-0.0331244070521002,0.0104676838691365,0.177617027452129,5.07872757678495,0.0929755920163325,46.0623443316371,1.77237034788507,36662.7561042756,0.3136650543376,0.4704975815064,0.3136650543376,0.374320410708881,0.0615873419387765,0.00514929022349739,0.00471468245350929,0.00195444231101319,4.75916645721246e-05,0.0255566450574858,0.000296734503953165,0.0025695899040226,0.00392705093475,0.00372022746642207,0.000360026415238711,0.000160740820132165,0.000349218643343518,9.83924436615272e-05,0.191364322404795,0.191053632527218,-0.000156171060711436,2.04584842521506e-05,8.45308999279957e-06,0.129795238023558,2.75890661767183e-05,0.118361334950187,0.00696018863138525,136.39379225386,0.000112927705098822,7.56281671215389e-05,0.000109537684740048,3.68302999220333e-05,0.0117856199588264,0.000983790602136066,1.12414773793212,0.466008458577937,0.0113475430425556,6.09361182090272,0.0707520442096948,0.612681491596566,0.936348411282193,0.887034351138213,0.0858430836598892,0.0383263201979657,0.0832661270041924,0.0234602529570981,45.6280507273914,45.5539712264874
"64",-1,1.39800202773886e-05,0.00105018727611646,0.001,0.001,21.3859811535638,0.00923989155776073,3.32776240182367,0.00351984965987207,21.2220934132487,0.000458872432818058,47.8998549614635,25.7529250979667,11.4978960593897,4.08941884634189,7.03807588712944,21.1126577576273,136.661913679462,-0.0331109561730456,0.0104676838691365,0.177617027452129,5.07872757678495,0.0929755920163325,46.0623443316371,1.77237034788507,36662.7561042756,0.3136650543376,0.4704975815064,0.3136650543376,0.374320410708881,0.0615873419387765,0.00514929022349739,0.00471468245132148,0.00195444231010625,4.75916645500401e-05,0.0255566450456264,0.000296734503815468,0.0025695899028302,0.00392705093292769,0.00372022746469573,0.000360026415071645,0.000160740820057575,0.000349218643181467,9.83924436158692e-05,0.191364322315994,0.191053632438561,-0.000156107644015533,2.0458484242657e-05,8.453089988877e-06,0.129795237963328,2.75890661639158e-05,0.118361334895263,0.00696018862815544,136.393792190567,0.000112927705046419,7.56281670864443e-05,0.000109537684689218,3.68302999049426e-05,0.0117856199533574,0.000983790601679547,1.12414773793212,0.466008458577937,0.0113475430425556,6.09361182090272,0.0707520442096948,0.612681491596566,0.936348411282193,0.887034351138213,0.0858430836598892,0.0383263201979657,0.0832661270041924,0.0234602529570981,45.6280507273914,45.5539712264874
"65",-1,1.39800202713582e-05,0.0009769183963874,0.001,0.001,21.3859811535638,0.00923989155776073,3.32776240182367,0.00351984965987207,21.2220934132487,0.000458872432818058,47.8998549614635,25.7529250979667,11.4978960593897,4.08941884634189,7.03807588712944,21.1126577576273,136.661913679462,-0.0330984526633298,0.0104676838691365,0.177617027452129,5.07872757678495,0.0929755920163325,46.0623443316371,1.77237034788507,36662.7561042756,0.3136650543376,0.4704975815064,0.3136650543376,0.374320410708881,0.0615873419387765,0.00514929022349739,0.00471468244928777,0.00195444230926319,4.75916645295111e-05,0.0255566450346024,0.00029673450368747,0.00256958990172179,0.00392705093123373,0.00372022746309099,0.000360026414916345,0.000160740819988238,0.000349218643030829,9.83924435734269e-05,0.191364322233448,0.191053632356149,-0.000156048693870383,2.04584842338321e-05,8.4530899852307e-06,0.129795237907339,2.75890661520151e-05,0.118361334844207,0.00696018862515312,136.393792131733,0.000112927704997707,7.56281670538216e-05,0.000109537684641968,3.68302998890556e-05,0.0117856199482736,0.000983790601255182,1.12414773793212,0.466008458577937,0.0113475430425556,6.09361182090272,0.0707520442096948,0.612681491596566,0.936348411282193,0.887034351138213,0.0858430836598892,0.0383263201979657,0.0832661270041924,0.0234602529570981,45.6280507273914,45.5539712264874
