"","convergence","mu","x_C","x_W","C","AA","NT","ADP","ATP","CI1","LIP","rRNA","mRNA","tRNA","DNA","TC","p","tau tC","tau CCM","tau FERM","tau ATPS","tau ADPS","tau EAA","tau ENT","tau LIPS","tau Maint","tau rRNAp","tau mRNAp","tau tRNAp","tau DNAp","tau tRNAc","tau r","v tC","v CCM","v FERM","v ATPS","v ADPS","v EAA","v ENT","v LIPS","v Maint","v rRNAp","v mRNAp","v tRNAp","v DNAp","v tRNAc","v r","p tC","p CCM","p FERM","p ATPS","p ADPS","p EAA","p ENT","p LIPS","p Maint","p rRNAp","p mRNAp","p tRNAp","p DNAp","p tRNAc","p r","f tC","f CCM","f FERM","f ATPS","f ADPS","f EAA","f ENT","f LIPS","f Maint","f rRNAp","f mRNAp","f tRNAp","f DNAp","f tRNAc","f r"
"1",4,0.976226707932536,0.1,0.001,4.41527247399657,4.53102393765934,10.1673323352707,1.43880885033697,23.2697761839142,8.96007035888531,8.97530882011421,53.5902695586739,15.8270521433684,2.62223517471725,10.517224024457,13.9464004584674,181.739226190387,0.0105792640436057,0.0142942016535897,0.000795846541543311,0.0012226331941132,0.0885619380209686,0.10106203328751,0.0114362927508174,0.017761872003107,0.0142160623449099,0.16355527634434,0.24533291451651,0.16355527634434,0.174979076331397,0.000362446086433609,0.00424015736828266,529.764162304262,263.550538859419,4946.17702772708,6.40561650360748e-17,24.1211806256579,246.041542687982,383.570271999075,48.6774232340997,2655.3366455765,52.3162524284814,15.4507910101971,16.0314304232526,10.2671949859847,17756.2000681912,17741.8686486048,5.60451495385639,3.76724454836877,3.93639788137757,7.83171936606982e-20,2.1362185035621,24.8654585772432,4.38662192109209,0.864602160925147,37.7484313002393,8.55659912324051,3.79058759011714,2.62202503307014,1.79654429516195,6.43566522464809,75.228315077485,1.59607381817079,0.794025237586249,14.9018454167516,1.92988456338402e-19,0.0726723089242674,0.741274122353897,1.15562076887859,0.146655372877683,8,0.157618439878453,0.0465501533628482,0.0482995041700923,0.0309330118366383,53.4958912958058,53.452713585408
"2",4,0.975013870511765,0.0909090909090909,0.001,4.35785177884386,4.52908893577907,10.1560169308033,1.43981587694904,23.262443566338,8.94525907545611,9.08079903988084,53.556730713759,15.8197432753035,2.62073343930425,10.5068559548992,13.9393389665219,181.785322356213,0.0107396392378539,0.0143473849127751,0.000797272737877508,0.00122708889613279,0.0885881098407856,0.101087782655591,0.0114673019417147,0.0177701814150959,0.0142444497186463,0.163676475463732,0.245514713195598,0.163676475463732,0.175126056049983,0.000362604715582274,0.00424217346735453,529.137668708542,263.316802803652,4940.82382055608,8.21744058386928e-19,24.085045590185,245.741146110547,382.867947021799,49.1883612178541,2652.037727792,52.2185553051784,15.4244691213562,16.0032366203798,10.2443302914959,17738.6274424741,17724.321075276,5.6827476690888,3.7779075238253,3.93918413478516,1.00835300950969e-21,2.13364866426364,24.8414275675588,4.39046235230341,0.874086102352534,37.7768180654861,8.54694908615957,3.78693411252412,2.6193533660359,1.79404916082305,6.43210995859823,75.1896445924087,1.59616935509914,0.794307863856464,14.9042338840923,2.47883067356236e-21,0.0726537042449616,0.741290045870179,1.15493966924992,0.148379069279099,8,0.157519796216938,0.0465286566920693,0.0482745368293191,0.0309025175144094,53.5094271294328,53.4662712812392
"3",4,0.973698315050284,0.0826446280991736,0.001,4.29818242721821,4.52696956339464,10.1437549443944,1.44085906614181,23.2545976488462,8.92935545948193,9.1939340314772,53.5201965600007,15.8117604391166,2.61909762973389,10.4955954782554,13.9316342739464,181.834063049551,0.0109130020128135,0.0144040372366729,0.000798798961240251,0.00123185240217724,0.088616198407803,0.101115448378151,0.0115004368487799,0.0177791190451152,0.0142756630923068,0.163808317535236,0.245712476302854,0.163808317535236,0.17528593095542,0.000362777999365705,0.00424437123333618,528.457266468512,263.060563122503,4934.99596987227,5.76308565286223e-17,24.0459245927811,245.413946681987,382.106177029688,49.7339893062934,2648.45941693677,52.1125252116327,15.3958844975466,15.9726280956891,10.2195436326267,17719.4312481868,17705.1520810095,5.76705521265681,3.78913414671666,3.94206965445879,7.09927090543155e-20,2.13085842461295,24.8151412570008,4.39438795845863,0.884226516465077,37.8085143498366,8.53646507743013,3.78296090476491,2.61644933497088,1.7913422195845,6.42821981811536,75.147238174479,1.59627068654042,0.794607042691288,14.9067671214841,1.74081146677425e-19,0.072633696220553,0.74130325007082,1.1541990776559,0.150227680252895,8,0.157412342823531,0.0465051777621078,0.0482473032995557,0.030869398465457,53.5237387739359,53.4806067792797
"4",4,0.972272416702927,0.0751314800901578,0.001,4.2362943669195,4.52464451485015,10.1304813934508,1.4419401275326,23.2461603099652,8.91224111265004,9.31514747685938,53.4804554393944,15.8030760302347,2.61732136129908,10.4833986493908,13.9232552613922,181.885585083387,0.0111002214389942,0.0144643359206415,0.000800430930780456,0.00123694100673708,0.0886463410536674,0.101145247670142,0.0115358330169811,0.0177887462207351,0.0143099873710898,0.163951481275184,0.245927221912776,0.163951481275184,0.175459542334032,0.000362967352698747,0.00424676361259443,527.718892264848,262.779899503883,4928.65673724463,2.85734904832248e-22,24.0035590761709,245.057912349777,381.280785084968,50.3158941626125,2644.58097343196,51.9975716564332,15.3648949232564,15.9394495956411,10.1927193401034,17698.4834183413,17684.2337372451,5.85779656168051,3.80093673961658,3.94504929969008,3.53437220843125e-25,2.1278276843681,24.7864432381461,4.39839146932365,0.895056672128079,37.8439203316358,8.52507889578476,3.77864592345816,2.61329637191649,1.78840987055377,6.423971673138,75.1007603519473,1.59637809563459,0.794923361073311,14.9094523079731,8.64363489574501e-25,0.0726120601102885,0.741313394633577,1.15339492771187,0.152208292105545,8,0.157295457174689,0.0464796353830432,0.0482176942382095,0.0308335254393846,53.5388663720842,53.4957603186433
"5",4,0.970728101025996,0.0683013455365071,0.001,4.17225506874421,4.52213732660244,10.1161181868154,1.44306673793885,23.2371150794526,8.8939057312111,9.44484607229898,53.4372460485334,15.7936245807328,2.61538334972627,10.4701776150169,13.9141422899661,181.939982244321,0.011302260808701,0.014528463725229,0.000802172982097015,0.00124236833699839,0.0886787422720743,0.101177269796453,0.0115735920531834,0.0177990918080828,0.0143477311576611,0.164107018355185,0.246160527532777,0.164107018355185,0.175648153680823,0.000363172611754314,0.00424936704655742,526.918206248472,262.472783872737,4921.76628944928,8.48228613305073e-17,23.9577460285728,244.670842159329,380.387099149011,50.9354305124757,2640.38043479071,51.8730363807517,15.3313151975722,15.9034976780009,10.1636956336302,17675.6430821813,17661.4253464733,5.95536699187315,3.81332631935494,3.94810794159209,1.05381237170627e-19,2.12454278548762,24.7551278084798,4.40244510784448,0.906604403975778,37.8834686323254,8.51272933347518,3.77396463680566,2.60987558535532,1.78523437262099,6.41930946259284,75.0498788625377,1.59649177612616,0.795257472489316,14.9122943787891,2.57001938698976e-19,0.0725887700511516,0.741319967184874,1.15252209609457,0.154327550200964,8,0.157168370730981,0.0464518370021553,0.0481854734823816,0.0307946400441673,53.5548373235308,53.5117594836238
"6",4,0.969056833948997,0.0620921323059155,0.001,4.10630898436159,4.51932571524851,10.1006051164681,1.44417794021905,23.2274571083694,8.87418283659111,9.58344335572094,53.3902850599401,15.7833471086738,2.6132979487241,10.4558879262399,13.9042480879438,181.997433583074,0.011520214445173,0.0145963864162369,0.000804035961547141,0.00124816226971495,0.088713094145179,0.101211647484501,0.0116137884633571,0.0178102034300728,0.0143892330364643,0.16427562322094,0.24641343483141,0.16427562322094,0.175852621963877,0.000363398914286968,0.00425219802814275,526.050658785884,262.136869099846,4914.28336238821,6.00083095096712e-16,23.9082165485303,244.25038029971,379.420409622204,51.5938959812472,2635.83458834127,51.73822060382,15.2949603782494,15.8646092181551,10.1323496499276,17650.7688423599,17636.5856774857,6.0602163982379,3.82625103532386,3.95126054859293,7.49001077993485e-19,2.12097186551309,24.7209833888495,4.40650837603259,0.918897783176027,37.9276381372156,8.49932843403501,3.76888372241477,2.60616856646909,1.78180025259454,6.41427023364383,74.9942548409752,1.59661205179625,0.795609467329461,14.915301238173,1.82130729371555e-18,0.0725636324958485,0.74132233146972,1.15157578188083,0.156592211694787,8,0.157030250176294,0.0464216091431581,0.0481505456778716,0.0307526115477645,53.5717041439008,53.5286569361982
"7",4,0.96724958392737,0.0564473930053777,0.001,4.03848230984889,4.51627336334103,10.0838294935729,1.4453908218767,23.2170972687705,8.85308073096098,9.73136238915135,53.3393240237605,15.7721831721524,2.61103107223249,10.4404281812596,13.8935043265738,182.058013139811,0.0117551399413624,0.0146683578840949,0.000806007679914321,0.00125429463258822,0.0887504403775181,0.101248515728656,0.0116565578798449,0.0178221520697752,0.0144348714680779,0.164458640833978,0.246687961250967,0.164458640833978,0.176074585604022,0.000363644911919789,0.00425527457203613,525.111373651588,261.769896051296,4906.16287081437,8.62872998180507e-16,23.8547813442922,243.794101175845,378.375703196515,52.2925345664061,2630.91886828245,51.5924389689495,15.2556376108907,15.8225472471038,10.098499814347,17623.6995210433,17609.5537460126,6.17275768207545,3.83973451856273,3.95440495278687,1.08229697022312e-18,2.11712234941534,24.6837908874561,4.41055828463721,0.931965503156464,37.976975706598,8.48482239014342,3.7633821398142,2.6021546147901,1.77808917003344,6.40876866003061,74.933486280311,1.59673908604988,0.795980139736313,14.9184771296799,2.62379204036442e-18,0.072536729678374,0.741320012912453,1.15055073041772,0.159009189365218,8,0.156880364775766,0.0463887740357423,0.0481126117201274,0.0307071417095872,53.5894883981691,53.5464744528856
"8",4,0.965296820882311,0.0513158118230707,0.001,3.96893480339175,4.51294885256321,10.0657404280592,1.44657556858532,23.2060796149451,8.83052981674038,9.88900127914688,53.2840433168778,15.760062596317,2.608574113044,10.4237192026364,13.8818502413507,182.121940403868,0.0120082466781017,0.0147444795013131,0.000808114075129084,0.00126083402932022,0.0887899765835214,0.101287991868335,0.0117019840775739,0.0178349343350897,0.0144850527763552,0.164657006265655,0.246985509398483,0.164657006265655,0.176315153110088,0.000363912411185125,0.00425861503789178,524.095256614653,261.369371023932,4897.35843213468,5.24485747337919e-17,23.7971296749698,243.299467168664,377.247593756472,53.0323416470088,2625.60735279988,51.4349176175374,15.213138321131,15.7771004579167,10.0619830080748,17594.278383115,17580.1730084771,6.29346512425178,3.85375533333346,3.95762427996014,6.61289478137095e-20,2.11294658659559,24.6433144521498,4.41454533544132,0.945828330910445,38.0320610752926,8.46911955242433,3.75742471779412,2.59781012895306,1.77408007465981,6.40277626946169,74.8671891426399,1.59687321428551,0.796370015479165,14.9218303396729,1.59806300596659e-19,0.0725078093633248,0.741312571079497,1.14944100336765,0.161584988221354,8,0.156717774461405,0.0463531252832852,0.0480714694559103,0.0306579976548129,53.6082544538972,53.5652765893729
"9",4,0.963188483909001,0.0466507380209733,0.001,3.89729991908956,4.50878148451441,10.0464393151243,1.44773885200264,23.1950811053547,8.80471687047089,10.0571233280666,53.2250896757349,15.7470629302775,2.60603702790092,10.405900935811,13.8693423471123,182.189386350944,0.0122801247454773,0.0148250628026759,0.000810378432998007,0.00126785362776213,0.0888316018898764,0.10133274134838,0.0117507482060748,0.0178490048853745,0.0145401788049517,0.164869460222526,0.247304190333788,0.164869460222526,0.176572848532075,0.000364222377872065,0.00426217634168494,522.997190987545,260.931950803611,4887.82765803315,1.64212877702298e-19,23.7356803939695,242.764443539048,376.037721330549,53.816140949146,2619.87267623248,51.2657934306917,15.1673896698336,15.7282768312193,10.022843946071,17562.33376745,17548.2718823677,6.42247074686126,3.86833255788827,3.96099011828123,2.08197892720117e-22,2.10847851134244,24.5999865657258,4.41872457934139,0.96056456271331,38.0934171586276,8.45216369079764,3.75095902177526,2.59311251139358,1.76976210595023,6.39659496576348,74.7938292544827,1.59701559768818,0.796777501962714,14.925389931734,5.01437735328251e-22,0.0724788822275215,0.74130150137878,1.14826258464228,0.164332080523963,8,0.15654438139922,0.0463148909714043,0.0480276067578594,0.0306055909876793,53.6280527730242,53.5851136326307
"10",4,0.960913970667311,0.0424097618372485,0.001,3.8252228430883,4.50537855716352,10.0252382277653,1.44895490269685,23.1819091975979,8.78068453983717,10.235201626081,53.1593323708116,15.7326852437069,2.60303896295156,10.3862247657917,13.8555569381224,182.260571834123,0.0125739913445474,0.0149096968491055,0.000812735444461306,0.00127515413650647,0.0888770695309077,0.101375545786585,0.0118013012213712,0.0178632704611955,0.0146009025914775,0.165104585165003,0.247656877747505,0.165104585165003,0.17685797917462,0.000364519545953386,0.00426616622227568,521.810645145459,260.456914486312,4877.49737773035,1.22032097552658e-16,23.668141423581,242.184283804862,374.71931424607,54.639712417211,2613.68600021509,51.0815451464599,15.1177570467894,15.6751473890892,9.98026847994011,17527.6877127045,17513.6729777222,6.56124253555171,3.88333363724432,3.96411499914853,1.55609733980834e-19,2.10355505097097,24.5515639516512,4.42217550088352,0.976043960830582,38.1621746938489,8.43379732099365,3.7440165087532,2.58803870707586,1.76509011498236,6.38918476664781,74.7162400855407,1.59716399017332,0.797209502487686,14.9290997536168,3.73517239768254e-19,0.072443717942043,0.741280425529104,1.14694516239589,0.16724185663531,8,0.15635097756121,0.0462726036579613,0.0479786703920801,0.0305477198993875,53.6489470005568,53.606050539448
"11",4,0.958462108035033,0.0385543289429532,0.001,3.75142005823427,4.50105741839841,10.002629131837,1.45015118856509,23.1687086597534,8.7532449922228,10.4245965819134,53.0892172508722,15.7172718152843,2.59993734057801,10.365248845303,13.8407690383144,182.335747659299,0.0128894307287184,0.0149989723094485,0.000815257964621784,0.0012829573615195,0.0889250512916692,0.101423876567757,0.0118554025528638,0.0178789307697912,0.0146676154705934,0.165356489994356,0.248034734991534,0.165356489994356,0.177163509728792,0.000364863990705715,0.00427042173899674,520.530466831683,259.939197903287,4866.33375295978,1.22488087257114e-19,23.596244307639,241.557963440579,373.307334328531,55.5087823073084,2607.01693385529,50.8840030802008,15.064409476637,15.6181535390827,9.93469825857681,17490.1545626089,17476.1905071676,6.70934139441444,3.89882083149166,3.96731735060828,1.57146993244958e-22,2.09829723534755,24.499745067956,4.42570872440124,0.992437675987776,38.2387219111149,8.41400014620401,3.73649681234162,2.58256304941565,1.76006601158599,6.38152759177327,74.6307038566569,1.59732132176653,0.797660174823295,14.9330330455917,3.75872011160211e-22,0.0724084113185856,0.741254758428776,1.14554632762275,0.170336545456101,8,0.156144756620212,0.0462272700449539,0.0479265119800704,0.0304860260155971,53.6710117544017,53.6281610762645
"12",4,0.955821140424178,0.0350493899481392,0.001,3.67651841861332,4.49635220091904,9.97831798376268,1.45133623135246,23.1547377743294,8.72402135944987,10.625395754848,53.0134668890502,15.7006055233897,2.59659165870119,10.3426592777982,13.8247908520361,182.415206050445,0.013228589681771,0.0150928675522621,0.000817931492503887,0.00129121763257931,0.0889761626540194,0.10147548706735,0.0119126285882661,0.0178956564830103,0.0147409706793037,0.165629007004898,0.248443510507347,0.165629007004898,0.177494057962656,0.000365238079729968,0.00427502773180845,519.150071383153,259.376394708099,4854.27209157801,7.22035401788578e-17,23.5190057174727,240.881812775368,371.78861667224,56.4220993769834,2599.83350195376,50.6713923797313,15.0069706767165,15.5568095339286,9.88573238592379,17449.5405302673,17435.6310277848,6.86762327758984,3.91473357151261,3.97046201688437,9.32304842135899e-20,2.09263087817866,24.4435992770466,4.42897970376163,1.00971050850077,38.3240694233718,8.39265240341044,3.72838447700425,2.57665891526892,1.75465875711047,6.37323667544506,74.53780616536,1.59748713444307,0.798132325052904,14.9371783629376,2.22178966844137e-19,0.0723708058990647,0.741222274716734,1.14403823596501,0.173617577693594,8,0.155921961438383,0.0461782515393814,0.0478701717544228,0.0304195861111712,53.6943324013757,53.6515311913075
"13",4,0.952978707173478,0.0318630817710357,0.001,3.60068281995069,4.49123517404475,9.95219795324639,1.45249998582337,23.1399805796285,8.69293561280335,10.8380088178312,52.9316995322196,15.6826002814947,2.59298553933945,10.3183500204848,13.8075413814133,182.499282259321,0.0135931026936912,0.0151914974318841,0.000820762816746308,0.00129995463392936,0.0890305696242376,0.101530552310518,0.0119731010175401,0.01791350343554,0.0148216294968655,0.165923714542205,0.248885571813307,0.165923714542205,0.177851543650018,0.000365644016409585,0.00428000974820873,517.662832389948,258.765225208648,4841.25179978423,3.31769133577006e-19,23.4361103354533,240.152651035265,370.156653480437,57.3799535086197,2592.10208351186,50.4427825887096,14.9451841413772,15.4908445952217,9.83316786268502,17405.6438414258,17391.7930067575,7.03664404138363,3.93103125421809,3.97351946376904,4.31284822588159e-22,2.08653025294189,24.3828312984454,4.43192300443588,1.02787599430778,38.419176699866,8.36965385896354,3.71964070088184,2.57029847663521,1.74884408334828,6.3642695223737,74.4370436077506,1.59766186889863,0.79862664932722,14.9415467255831,1.02393848047069e-21,0.0723308251925058,0.741182695119472,1.1424138141317,0.177091647350183,8,0.155681469212411,0.0461252949455726,0.0478093658232293,0.0303480882955435,53.71900729417,53.6762594880356
"14",4,0.949921825971282,0.0289664379736688,0.001,3.52407588441114,4.48567602324097,9.92415886321048,1.4536323006614,23.1244238017975,8.65990474792933,11.0628298855914,52.8435216478401,15.6631671430968,2.58910235387447,10.2922115942705,13.7889371347597,182.588358579959,0.0139847278023554,0.0152949781332667,0.000823759021285091,0.00130918897836777,0.0890884509672738,0.101589261659237,0.012036948391997,0.0179325307673692,0.0149103191846228,0.16624229014519,0.249363435217785,0.16624229014519,0.178238008669574,0.000366084175320554,0.00428539456590066,516.061791819859,258.102233428411,4827.20927567518,2.6470358113426e-17,23.3472319316726,239.36717733219,368.404735122512,58.3823531407259,2583.78736664189,50.1972145744692,14.8787843330639,15.4199791522313,9.77679643091222,17358.2545008018,17344.4666983373,7.21698368779651,3.94766801643484,3.9764571884685,3.46547010955451e-20,2.07996872716638,24.3171348106328,4.43446878403701,1.04694334396748,38.5250943418267,8.34489990976927,3.71022477315736,2.56345264825802,1.7425967270136,6.35458228393032,74.3278833374997,1.59784601003163,0.799143882381818,14.9461502536845,8.19583173295848e-20,0.0722884003013505,0.741135839342051,1.14066579898584,0.18076519420901,8,0.155422122493647,0.0460681386561669,0.0477438022998694,0.0302712105713838,53.7451486137177,53.7024584058701
"15",4,0.946636877086411,0.026333125430608,0.001,3.44685754385348,4.47964263234564,9.89408574591805,1.45472231238021,23.1080569700823,8.62484386307024,11.3002399957063,52.7485211803819,15.6422128608049,2.58492473120199,10.2641292678461,13.7688906150387,182.682872227128,0.014405352906045,0.015403427216272,0.000826927592474251,0.00131894249647424,0.0891499973925111,0.101651814963931,0.0121043056551935,0.0179528002140347,0.0150078396093758,0.166586538934478,0.249879808401717,0.166586538934478,0.17865565129381,0.000366561092295247,0.00429121066320162,514.339652635072,257.383787450267,4812.07786192597,3.45772351321696e-19,23.2520326725129,238.52196829051,366.525917644855,59.4290216659021,2574.85230567504,49.9336953611231,14.8074955332733,15.3439232182063,9.71640327612507,17307.1545131872,17293.4343662264,7.40924420978082,3.9645924366386,3.97923996116108,4.56053848264006e-22,2.07291865212511,24.2461909854996,4.43654173772361,1.06691735288348,38.6429704214024,8.31828148641809,3.7000941467636,2.55609106259736,1.73589035552944,6.34412946287652,74.2097699557282,1.59804009418779,0.799684818839471,14.951002358683,1.0743058172606e-21,0.0722434684778304,0.74108163101954,1.13878661494338,0.184644444374286,8,0.155142709354064,0.0460065084141321,0.0476731754575217,0.030188615493665,53.7728846817096,53.7302565373906
"16",4,0.943109591046436,0.0239392049369163,0.001,3.36918338429218,4.47310100255914,9.86185857258492,1.45575876062866,23.0908733427443,8.58766978689557,11.5506060304168,52.6462656623127,15.619639333853,2.58043459266744,10.2339827285387,13.7473096800188,182.783317056814,0.0148570057229702,0.0155169658836486,0.000830276427993091,0.00132923829770115,0.0892154154350888,0.101718415739534,0.0121753152511197,0.0179743753160831,0.0151150704699944,0.166958407575828,0.250437611363741,0.166958407575828,0.179106843425204,0.000367077473418439,0.00429748842476141,512.488771228101,256.606076326636,4795.78775835622,1.81683780246666e-16,23.1501641645793,237.61347525619,364.513026368238,60.5193740538048,2565.25808764631,49.6511980789058,14.7310316644429,15.2623762278267,9.65176726588839,17252.1175395461,17238.4699399563,7.61404860709384,3.98174773189733,3.981829529421,2.41501038774988e-19,2.06535151333345,24.1696662614247,4.43806100917301,1.08779794313751,38.7740567684971,8.2896849654861,3.68920438296672,2.54818203082112,1.72869756846798,6.33286371753453,74.0821250275598,1.5982447105689,0.800250321984806,14.9561177690514,5.66598054586751e-19,0.0721959767746261,0.741020098992711,1.13676835285665,0.188735392653869,8,0.154841957830332,0.0459401156878029,0.0475971639698222,0.0300999492015843,53.8023604646358,53.7597991343571
"17",4,0.939325039732074,0.0217629135790149,0.001,3.29120385947633,4.46601602271844,9.82735612386517,1.45672743926959,23.0728704473461,8.54828547180576,11.8142629149436,52.5363131171967,15.5953468324004,2.57561313207717,10.2016487695634,13.7241019076485,182.890253887945,0.0153418835489756,0.0156357145481584,0.000833814324181781,0.00134010209459917,0.0892849031992554,0.101789307251416,0.0122501270339884,0.0179973246518893,0.0152329792806285,0.167359957678848,0.251039936518272,0.167359957678848,0.179594097788583,0.000367636167850204,0.00430425949243809,510.501153715452,255.765094681519,4778.26600689541,1.34906043372833e-17,23.0412655094572,236.638043109089,362.358733904477,61.6524054554699,2554.96410807124,49.3486744061874,14.64909978298,15.175031608157,9.58266413580284,17192.9093869057,17179.3394999903,7.83204925192016,3.99907001182292,3.98418664130027,1.8078787129802e-20,2.05723716060023,24.0872224774049,4.43894052220504,1.109578356552,38.9197153209988,8.25899206012679,3.67750907956914,2.53969264771633,1.72098991988052,6.32073532119782,73.9443351166496,1.59846050941462,0.800841292051174,14.9615127407877,4.22412331967118e-20,0.0721458761371053,0.740951443854853,1.1346029723385,0.193043511682085,8,0.154518567991755,0.0458686671541189,0.0475154435562313,0.0300048493222454,53.8337406231034,53.7912511435131
"18",4,0.935267632716205,0.0197844668900135,0.001,3.21306768754258,4.45835197132061,9.79043744808187,1.45761585689404,23.0540091778643,8.50661594371552,12.0916147066376,52.4181590967568,15.5692297095426,2.5704386040718,10.1669910876231,13.6991575881308,183.004311034171,0.0158622600268313,0.0157597964759559,0.00083754987911261,0.00135155908600869,0.0893587191578272,0.101864697693149,0.0123288978313349,0.0180217216509624,0.015362633334867,0.167793543978174,0.251690315967262,0.167793543978174,0.180120291938319,0.000368240317853062,0.00431156075801992,508.368457774082,254.856701723026,4759.43656757291,1.48145639164516e-06,22.9249295202854,235.591843304528,360.05518029117,62.8271992355189,2543.92796098808,49.0250075697652,14.5613966136587,15.08155957185,9.508857686368,17129.287590187,17115.8008757789,8.06387266665171,4.01648974968829,3.98626552181482,2.00227584665367e-09,2.04854233871617,23.9984918971875,4.4390835314527,1.13225429673208,39.0814324949758,8.22607976368773,3.66496251461637,2.53058832927867,1.71273822246853,6.30769430680696,73.7958153980914,1.59868821938379,0.801458864028643,14.9672054887099,4.6587998225225e-09,0.0720930148081119,0.740875832704075,1.13228105768002,0.197575403703229,8,0.154171056166932,0.0457918520868899,0.0474276309805321,0.0299029149635973,53.8672096155863,53.8247973629914
"19",4,0.930921120052052,0.0179858789909214,0.001,3.13489973135172,4.45006201524666,9.7509866717461,1.45841355130568,23.0343964930081,8.46255052765217,12.3828305308369,52.2913762878511,15.541157115582,2.56489330096912,10.1298745352817,13.672376681517,183.126182453479,0.0164208031893676,0.015889359185243,0.000841493069607727,0.00136363925955264,0.0894371047044108,0.101944865763514,0.0124118066871734,0.0180476302780879,0.0155051954144741,0.168261505931408,0.252392258897112,0.168261505931408,0.180688266269492,0.000368893254188973,0.00431942477967161,506.081975266964,253.87645368476,4739.21985473522,1.78416826346137e-05,22.8008741596745,234.47104820188,357.595105789223,64.0413248176746,2532.10544654158,48.6791465829496,14.4675913889425,14.9816396195881,9.43011414837115,17061.0008819545,17047.6030880449,8.31027251354521,4.03393416127287,3.98802066310702,2.43296188970378e-08,2.0392441695709,23.9031195343711,4.43840132533516,1.15579415282832,39.2607897586815,8.19082651150286,3.65150807145562,2.52083324371354,1.70391097619259,6.29368813506514,73.6358392125073,1.59892859425166,0.802103890362107,14.9732148357666,5.63694775317745e-08,0.0720376766009221,0.740793946072433,1.12979530541316,0.202333832203217,8,0.153798165552503,0.0457092856340648,0.0473333830233664,0.0297937486331813,53.9029712376533,53.860641898082
"20",4,0.926268602931733,0.0163507990826558,0.001,3.05683781749572,4.44112431483604,9.70885984168522,1.45910273914339,23.013934361852,8.41603672581016,12.6882302863704,52.1554075141429,15.5110424497195,2.55895284587055,10.0901662140318,13.64365740716,183.256647356463,0.0170202147637991,0.0160245383711254,0.000845654143400853,0.00137637250169121,0.0895203142817272,0.102030028350285,0.0124990231319808,0.0180751282235689,0.0156619614044681,0.168766437304697,0.253149655957046,0.168766437304697,0.18130120367067,0.000369597867975442,0.00432789313479353,503.632654924085,252.819836489042,4717.53323664667,2.88801851313876e-05,22.6686058850352,233.271616567771,354.970272436959,65.2928296724021,2519.45059997431,48.3099164534604,14.3673916199165,14.8749408314943,9.34620416242024,16987.790705625,16974.4878724824,8.57193594887026,4.0513211708003,3.98940152820149,3.97498926585934e-08,2.02930072315696,23.8007096517264,4.43678164635507,1.18017626840831,39.4595380572616,8.15309248633809,3.63710024558201,2.51039076924946,1.69447806439862,6.27865122641202,73.4637695299527,1.59918247233494,0.802777673804343,14.9795617717443,9.17031201379605e-08,0.0719795208852797,0.740706300239106,1.12713548720686,0.207324024287098,8,0.153398257394538,0.0456207130874104,0.047232331784226,0.0296769594530348,53.9412543537807,53.8990139283715
"21",4,0.921292554164728,0.0148643628024144,0.001,2.97909427543769,4.43169969448752,9.66388357389638,1.45962355477084,22.9923414290306,8.36764435492628,13.0079472815153,52.009237754192,15.4787888403652,2.55256347878699,10.0476828336976,13.6129333289804,183.396559709875,0.0176637194940509,0.0161655129568626,0.000850046064334323,0.00138979393393313,0.0896083637890573,0.102119384489485,0.0125905370603251,0.0181041020116282,0.0158343712845513,0.169311609121576,0.253967413682364,0.169311609121576,0.181963091695796,0.000370349916790238,0.00433703065123377,501.011013601373,251.68240856861,4694.2885842113,8.57802503953528e-05,22.527413274273,231.98923515309,352.170314817906,66.5784720857078,2505.91574732806,47.9157234907202,14.2604929061165,14.7611361158309,9.25685538129431,16909.3900647675,16896.1884920134,8.84971800768477,4.06857523673025,3.99036153585835,1.19216871650727e-07,2.01864464390749,23.6905979020199,4.4340134002612,1.20534345041799,39.6796003509963,8.11268824643834,3.62170050120212,2.49923170823395,1.68440602456118,6.26239120346032,73.2792873788856,1.5994504655971,0.803482427809369,14.9862614949177,2.73848793158561e-07,0.0719175440700043,0.740613040643365,1.12428461393695,0.212548158194695,8,0.152968346335859,0.0455258495304859,0.0471241258021385,0.0295520083344046,53.9823099249755,53.9401646205514
"22",4,0.915974850007508,0.013513057093104,0.001,2.90147217508173,4.421072666027,9.61602334583277,1.46010934601803,22.9707177952646,8.31516083553197,13.3424050894603,51.8538724211686,15.4441520420434,2.54581010016608,10.0023861289235,13.5799639676564,183.546853938254,0.0183538153213936,0.0163123682497545,0.000854675415571296,0.00140393524351194,0.0897024555305996,0.102216657525471,0.0126872311616103,0.0181352359674252,0.0160238970861221,0.169898668740896,0.254848003111344,0.169898668740896,0.182675966816131,0.000371179194896937,0.00434680495694731,498.20764307859,250.458194125138,4669.40485338346,3.8393145018137e-06,22.3780232262958,230.620408425465,349.195085035668,67.8961527808769,2491.45159202042,47.4968430132883,14.1464548502038,14.6398676360996,9.16193413415789,16825.5237852372,16812.4302005442,9.14401107277123,4.08556629373774,3.99082553353613,5.39014894002273e-09,2.00736363331952,23.57324730641,4.4303187643457,1.23131275196155,39.9227639055904,8.06965039735302,3.60519576967924,2.48729402191625,1.673665175863,6.24528437232362,73.0803549340562,1.59973453122426,0.80421612822758,14.9933632853668,1.23279601790705e-08,0.0718553739449491,0.740517404918779,1.12125826134151,0.218013155056541,8,0.152511389474025,0.0454239765942452,0.0470083149373253,0.029418782732128,54.0264120374668,53.9843688053688
"23",4,0.910296816108159,0.0122845973573672,0.001,2.82439100858668,4.40988067878097,9.56501422226392,1.46038575727214,22.9479693451141,8.26064104436891,13.6916046480269,51.6871570924483,15.4071176624005,2.53855481042464,9.95399724725668,13.5447294126124,183.70855689995,0.0190946411679619,0.0164653374794259,0.000859561870858416,0.00141884287844983,0.0898019722120317,0.10231870551014,0.0127886445691399,0.0181680116206647,0.016232341580727,0.170532442423699,0.255798663635549,0.170532442423699,0.183445708768069,0.000372063793927416,0.00435734309742232,495.21222925811,249.143171943716,4642.78279491782,6.99117098254049e-06,22.2188479361396,229.160112583504,346.028210989804,69.2412451028366,2476.00733981419,47.0506545349379,14.025050153487,14.5107758517467,9.06109200172714,16735.9101006895,16722.9314437849,9.45589981967011,4.10222640674791,3.99075906518883,9.91937316060267e-09,1.99529636494457,23.4473660741021,4.42523180124395,1.25797574565763,40.1913968962513,8.02366303547667,3.58758908668352,2.4745580474612,1.66221844446952,6.2268262068907,72.867549895243,1.60003476983319,0.804983629692833,15.0008692470717,2.25885307208019e-08,0.071789279712901,0.740418201185786,1.11801998459591,0.223719030196519,8,0.152021050271907,0.0453150519482368,0.0468844356586943,0.0292764624919314,54.0738626467736,54.0319284999854
"24",4,0.904239289552403,0.0111678157794248,0.001,2.74783075353006,4.39775511889374,9.51089725053583,1.46049133908908,22.9247890511968,8.20306759550795,14.0560404525338,51.5094622920592,15.36759062452,2.53084744019148,9.90254081524248,13.5071527637984,183.881534427196,0.0198893678012977,0.0166245228430182,0.000864718363490763,0.00143456119671135,0.0899073097362115,0.102427318620902,0.0128952972819469,0.0182027686627787,0.0164615363357917,0.171214078880662,0.256821118320993,0.171214078880662,0.184273752520703,0.000373019393697518,0.00436863756706613,492.01428194636,247.731159079704,4614.32308917498,5.09199254510461e-20,22.0501286156482,227.603599032272,342.667681265117,70.6112446262167,2459.53086758254,46.5768795881979,13.8959792284481,14.3736246658858,8.95426647153853,16640.1473296664,16627.2908052253,9.78585301712251,4.11841231304792,3.99008991028903,7.30477491915054e-23,1.98246774317038,23.3128263573426,4.41880161882911,1.2853201509219,40.4876567457113,7.97461753582881,3.56878092561533,2.460966907346,1.65003628378072,6.20709766794953,72.6386072502407,1.60035163918868,0.805783451941623,15.0087909852837,1.65624838857485e-22,0.0717214129126053,0.740315487094441,1.11457899807348,0.229673863603494,8,0.151498418506057,0.0451987959544705,0.0467524107311199,0.0291251200448308,54.1246220537071,54.0828042432929
"25",4,0.897782698275282,0.010152559799477,0.001,2.67173784405378,4.38437169925466,9.45320202489008,1.46039365139893,22.9009726744494,8.14149710136965,14.4350273570259,51.3196177569365,15.325282922378,2.52266966063431,9.84758984335158,13.4669421301535,184.070695769099,0.0207426729576739,0.0167901486449149,0.000870172801199273,0.00145117365391966,0.0900193519078869,0.102544320334884,0.0130078274679204,0.0182398902867958,0.0167135743198993,0.171951152377279,0.257926728565919,0.171951152377279,0.185169385547299,0.000374064538835803,0.00438078449289272,488.604417450039,246.217628526542,4583.95745226067,7.77741795165503e-05,21.8712131936927,225.948815480606,339.10089381358,71.9973211681568,2441.96893930877,46.0738649042785,13.7587738538846,14.2279295795603,8.84099578107244,16538.2753159339,16525.548592099,10.1349616368409,4.13403058195908,3.98883509681195,1.12863840269636e-07,1.96883243713545,23.1697677139309,4.41096592094464,1.31322323905038,40.8140293540228,7.92245416476576,3.54875552921076,2.44650888714817,1.63708175640745,6.18638232919436,72.3948670088126,1.60069003199802,0.806620017357754,15.0172506405695,2.54791707673613e-07,0.0716510774289658,0.740218474833061,1.11090976909663,0.235866460082122,8,0.150940052226284,0.0450743615364059,0.0466113367800254,0.0289634995392693,54.1801332513764,54.138439932088
"26",4,0.890907161194339,0.00922959981770641,0.001,2.59649986152745,4.37055591688045,9.39195101555914,1.4601457403073,22.8762002525356,8.07828996755433,14.8289226647362,51.116779567364,15.2800755218296,2.5138615989988,9.78906879899513,13.424045956546,184.273603205282,0.021659241871835,0.0169625614988169,0.000875904557256118,0.0014686197305747,0.0901387090182077,0.102666129330416,0.0131256101077628,0.0182787445869077,0.0169907677613037,0.172746241950947,0.259119362926421,0.172746241950947,0.186135712074018,0.000375167542406494,0.00439385462376831,484.970569331163,244.596858452228,4551.55332994022,6.33396554659306e-05,21.6814249223266,224.188658675119,335.319377807536,73.3955188600586,2423.2674784486,45.540304973757,13.6131287059883,14.0733056738481,8.72115149444882,16429.6563016511,16417.067271467,10.5040948618652,4.14898925391331,3.9867263042889,9.30218677450693e-08,1.95433565217372,23.0165818259522,4.40127141467933,1.34157794306658,41.1731749498403,7.86691654151655,3.52742523773106,2.4311106669842,1.62331774352462,6.1638737772738,72.1342069394507,1.60104676398875,0.807494378982285,15.0261689901576,2.09104957762174e-07,0.071577488214243,0.740120224181431,1.10699914323023,0.242302657920527,8,0.150343469315776,0.0449413985936164,0.046460593554808,0.0287913788205739,54.2396791035863,54.1981185897889
"27",4,0.883592616609233,0.008390545288824,0.001,2.52202248763241,4.35570281561046,9.32701867545469,1.45963945894376,22.8508047718917,8.01189686536428,15.2376884860157,50.9007724318745,15.2318854654429,2.50449770143021,9.72687535599066,13.3783418437194,184.492853696337,0.022643618421049,0.0171418462577918,0.000881961039738536,0.00148704022896719,0.0902650870285718,0.102795438610082,0.0132494653380418,0.0183198477651239,0.0172956027932858,0.173603206014414,0.260404809021622,0.173603206014414,0.18717752392005,0.000376356176682193,0.00440788023697816,481.102471748688,242.862916508094,4517.02452919962,4.42171004111834e-05,21.4805290288566,222.319754552389,331.318160115403,74.7994946690831,2403.37191717711,44.9755467005111,13.4587815343029,13.9095281310343,8.59459524723165,16314.0954965099,16301.6523343251,10.8939007917008,4.16311877650068,3.98383965029737,6.57526071197113e-08,1.9389418222095,22.8534566808986,4.38978847831283,1.3703153552458,41.5677660440331,7.80789909945975,3.50473143510387,2.41473867769523,1.60871505747185,6.13991060709464,71.8557311545604,1.60142495902596,0.808407270709394,15.0356238979612,1.47183546899786e-07,0.0715013065612802,0.740026137322983,1.10284440871575,0.248981838006792,8,0.149708154211396,0.0447996631336557,0.0463000438063593,0.0286084569293843,54.3040230433304,54.2626040283344
"28",4,0.875818966660681,0.00762776844438546,0.001,2.44836909328063,4.33980379289024,9.2582365662855,1.45889314397142,22.8248780405945,7.94231467411288,15.6611779793997,50.6708618401368,15.1805307527429,2.49453902875899,9.6608200767235,13.329679587217,184.729895502529,0.0237011491348973,0.0173282720008818,0.000888354689587231,0.0015064756021774,0.0903992710117917,0.10293258152927,0.0133796989016053,0.0183632924776925,0.01763083700876,0.174527192819031,0.261790789228547,0.174527192819031,0.188301144582518,0.000377634451758354,0.00442293175295635,476.989257740466,241.010112064591,4480.27020803313,3.42814972277739e-05,21.268187385491,220.337725519209,327.089871734362,76.2019817478158,2382.22758931705,44.3785018566348,13.295396757228,13.736262520648,8.46112945669074,16191.2834466171,16178.994619036,11.3051935334507,4.17628877681825,3.98006904992419,5.16442391797534e-08,1.92262863539057,22.6799308959799,4.37636399757047,1.39931927821493,42.0006663450202,7.74525535055264,3.48061241018138,2.39735133755397,1.59324036115572,6.11438644762735,71.5585890314444,1.60182598801053,0.809360493163241,15.0456496369184,1.15124171616539e-07,0.0714228564251942,0.739938455947028,1.09843366167423,0.255901600970583,8,0.149031946588638,0.0446486198610086,0.0461291358802069,0.0284141766962456,54.3735905644813,54.3323222066262
"29",4,0.867566257814139,0.00693433494944132,0.001,2.37559932563237,4.32280041911207,9.18546327886448,1.45789017923481,22.7984749716483,7.86946788398081,16.0991916307241,50.426399254603,15.1258550469145,2.48395866968849,9.59074092190765,13.2779177954839,184.986240727156,0.0248376543696204,0.0175220882962762,0.000895105664766453,0.00152698809473178,0.0905417700665787,0.103077998319068,0.0135166664328128,0.0184091933219766,0.0179995079363303,0.17552340778864,0.26328511168296,0.17552340778864,0.189512984431027,0.000379008728446247,0.00443907918574696,472.620114825661,239.032666091897,4441.18966198956,2.99111643478777e-05,21.044003942125,218.238265851903,322.627975083555,77.5950857605558,2359.78022125446,43.7482424963576,13.1226814592907,13.5532145657162,8.32060321128434,16060.9078230063,16048.7820614764,11.7387750601701,4.18835148095652,3.97533402474907,4.56739918587749e-08,1.90536136620806,22.4955636006389,4.36085472109825,1.42846293460143,42.474882820465,7.67884060772447,3.45500665358926,2.37890640706514,1.57686234683688,6.08722425169,71.2418144056892,1.60225129634968,0.810355689700044,15.0562823503237,1.01403220786305e-07,0.0713422504437742,0.739859632303853,1.09375601058999,0.263058686776538,8,0.148312938984126,0.0444878089615132,0.0459473791453725,0.0282080615350225,54.4488259655583,54.4077178609283
"30",4,0.858814887953805,0.00630394086312848,0.001,2.30375714838198,4.30464045887908,9.10856749271504,1.45660833860084,22.7716752787423,7.79333063593769,16.5514513624259,50.1667001098867,15.0676928702086,2.47271965267061,9.51647226030246,13.2229135180883,185.263471146625,0.0260594696660531,0.0177236138576649,0.00090223786133798,0.00154865150693101,0.0906930742525462,0.103232058053956,0.0136607626048102,0.0184576481392313,0.0184049552912672,0.176597501285801,0.264896251928701,0.176597501285801,0.190819997258292,0.000380485817115575,0.00445639853843565,467.984381735191,236.924838082304,4399.68296387461,5.20527502249007e-05,20.8076106801418,216.017176858119,317.926485746033,78.9701824849702,2335.97649523435,43.0839089338845,12.9403589640505,13.3601062324755,8.17288805794715,15922.6564425158,15910.7027214722,12.1954248000148,4.19916434346054,3.96956054789137,8.06115700756962e-08,1.88710618043217,22.299897742069,4.34311824755814,1.45760384179846,42.9935429562393,7.60851066334898,3.42785258818895,2.35936137756803,1.5595504768098,6.0583449471812,70.9044323534527,1.60270236516482,0.811394596018091,15.0675590198804,1.78264636929675e-07,0.0712596576980688,0.739792296022904,1.08880029022428,0.270448551673625,8,0.147549117970255,0.0443167437359076,0.0457542488453343,0.0279896242950072,54.5301940323451,54.4892562195956
"31",4,0.849545842752509,0.0057308553301168,0.001,2.2329135420466,4.28523764341539,9.02741704354952,1.4550249656926,22.7444765059498,7.71364441040479,17.0176294839416,49.8912509126029,15.0059180596624,2.46082567045775,9.43789342461404,13.1645329015457,185.563235430713,0.027373582552985,0.0179329737031238,0.000909773490896273,0.00157153456128738,0.0908537209785417,0.103395699769987,0.0138123802636164,0.0185088639008688,0.0188508614697321,0.177755276514131,0.266632914771196,0.177755276514131,0.192229395628157,0.000382073057731219,0.00447496271018672,463.071692401521,234.680840540951,4355.65263521722,2.30785986463508e-05,20.5585858719171,213.670489618036,312.980739960704,80.3180910088062,2310.76469228682,42.3849048025241,12.748215304271,13.1567334248002,8.0179231232221,15776.2200219428,15764.4475227867,12.6759311999035,4.20852534204788,3.96265730307313,3.62688153988204e-08,1.86782402452054,22.0926097942527,4.32300899552529,1.48659661525959,43.559905103447,7.53414047319778,3.39909380470855,2.33867878794807,1.54128051617001,6.02766862322418,70.5453148111661,1.60318077889012,0.812478540369949,15.0795194327007,7.98994331993581e-08,0.0711750043283602,0.739739499504224,1.08355728648759,0.278065841240876,8,0.146738973272361,0.0441350531166542,0.0455493662984085,0.0277585100723942,54.6181792533105,54.5774221855039
"32",4,0.839740970442362,0.00520986848192436,0.001,2.16309010306501,4.26460014472525,8.94189544322646,1.45311883513064,22.7170879611343,7.63062528922896,17.4972532710424,49.5991793922209,14.9403035281201,2.44820496325943,9.35479904312741,13.1026135763184,185.887228543617,0.0287875836421297,0.018150666153133,0.000917741621143132,0.0015957282068831,0.0910242796372416,0.103568896810686,0.013971947717602,0.0185628454620305,0.0193412569386733,0.179003765588136,0.268505648382204,0.179003765588136,0.193749794110646,0.000383776297026374,0.00449486759142579,457.872060184975,232.295251945621,4309.00324909348,9.58578701537203e-06,20.2967129108879,211.194342818261,307.7858844407,81.628669121672,2284.09543960322,41.6504630359683,12.545984983407,12.9428404890725,7.85560802676909,15621.2940652583,15609.7121690058,13.1810302299692,4.21631356702288,3.95455162733408,1.52963107256029e-08,1.84749367171747,21.8731650983451,4.30036828562135,1.51526037017682,44.1772767698179,7.4555897219278,3.3686678325631,2.31681718495057,1.52202243780045,5.99508239112492,70.1635893399489,1.60368801494394,0.813609616894024,15.0922003498838,3.35740332007745e-08,0.0710888435184255,0.739704091716755,1.07801409382146,0.285902831226183,8,0.145879939388885,0.0439420692003533,0.0453320479158991,0.0275141148327277,54.7132796446437,54.6727142775344
"33",4,0.829383277767374,0.00473624407447669,0.001,2.09433817188889,4.24263452663439,8.85186704772273,1.45096552568202,22.6894693461196,7.54409733052617,17.9898329853949,49.2899447772645,14.8707199562921,2.43485097686076,9.26708032307215,13.0370223361899,186.237176853335,0.0303098048256446,0.0183769171407037,0.000926148424358475,0.00162125666803751,0.0912062031051772,0.10375246395005,0.0141399669568967,0.0186198442258148,0.0198806012780448,0.180349965964031,0.270524948946046,0.180349965964031,0.195389926611411,0.000385604739487575,0.00451620015592682,452.376098169868,229.762654207823,4259.64458219585,1.55464374450594e-05,20.0216730007048,208.585239388121,302.339229374417,82.8914813773024,2255.92251552726,40.8802559603405,12.3335264601102,12.7182952298155,7.68596145368311,15457.5817952524,15446.2000180761,13.7114312433153,4.22232925840533,3.9450631181278,2.52047653720307e-08,1.82610077420772,21.6412325301286,4.27506671312787,1.5434264708924,44.8490960453613,7.37275277104827,3.33652661594603,2.29374411181771,1.50175944437328,5.96051680126619,69.7581309301121,1.60422565954713,0.814789169845659,15.10564144957,5.5131104328469e-08,0.0710012790347111,0.739689374798833,1.07216175127807,0.293951519369197,8,0.144970425815484,0.0437374116361532,0.0451018867617195,0.027256118597271,54.8160025492352,54.7756402509808
"34",4,0.818457265582795,0.00430567643134245,0.001,2.02669067383735,4.2192826867092,8.75727923988257,1.44843706313171,22.661756348189,7.45400214016975,18.4947688417925,48.9629510640292,14.7970159209924,2.42073557094486,9.17461866166661,12.9676271214699,186.614834654373,0.0319493576942823,0.0186120700931249,0.00093504683125368,0.00164828004849182,0.0913991989330348,0.103947053125162,0.0143169322101418,0.0186799494700322,0.0204737824519653,0.181801174866785,0.272701762300178,0.181801174866785,0.197158813205772,0.000387566965333505,0.00453905361257438,446.575161905673,227.077980547269,4207.49227535837,3.01838073073951e-05,19.7331629721017,205.840020404138,296.639101995822,84.0954329657745,2226.2037623852,40.0740830427296,12.1107251894805,12.482996739081,7.50903330259254,15284.7987800351,15273.6267288404,14.2677895851064,4.22639129055101,3.93420231959818,4.9751367372301e-08,1.80359528806512,21.3964635362334,4.24696191415153,1.57089843846115,45.5788115248214,7.28551537887736,3.30261610190449,2.26942347302318,1.48047209426176,5.92388307891145,69.3278105806556,1.60479528226905,0.81601867496252,15.1198820034349,1.08467366078137e-07,0.0709123335627072,0.73969876030969,1.06599083878287,0.302202105258048,8,0.144008679600086,0.0435206350617423,0.0448584157479151,0.0269841725343136,54.9268635272041,54.8867160748157
"35",4,0.810750804774697,0.00391425130122041,0.001,2.38227390177261,4.21005741216824,8.80994691531806,2.3076069373854,22.2776659306188,7.51698059561048,17.5299744458094,48.7757439220222,14.758544493812,2.41200032633657,9.09147589708628,12.9278124773485,186.999916988889,0.0377876067448444,0.0173530506221709,0.000786680104050558,0.00122016222739373,0.0982457180760598,0.103753893811979,0.0137580864171482,0.0191260208133933,0.0211657339792786,0.182233390165405,0.273350085248107,0.182233390165405,0.19751741940189,0.000389259437276785,0.00456090068938497,357.301843479066,224.58232585237,8.83287679037434e-19,4082.32848288523,19.9325297633401,204.275486895383,294.260583748117,78.9580049423322,2205.24218898718,39.544973638264,11.9655018256612,12.3264367928369,7.37092140015246,15172.0661974385,15161.0333191543,13.5015815505949,3.89718846936105,6.94864843251744e-22,4.9811030146301,1.95828569967178,21.194377175734,4.04846254036706,1.51015244591106,46.6755695319845,7.2064146101024,3.27077094408088,2.24628836541824,1.45588537357228,5.90586995034104,69.1479673171193,1.29619085019652,0.814721673561003,3.20431990082e-21,14.8095424739182,0.0723096260823661,0.741054158733298,1.06749484557346,0.286437490944597,8,0.143458070358889,0.0434074838053294,0.0447168546090555,0.0267396349914302,55.0399997722036,54.9999755849672
"36",4,0.799007081568048,0.00355841027383673,0.001,2.30584291606737,4.18428492185856,8.70733468354437,2.30721243344545,22.2530339613859,7.42244090662615,18.016106689721,48.4227056878897,14.6787995596477,2.39682999095535,8.99149808532756,12.8528238453937,187.461086102292,0.0398932911055899,0.0175557796176074,0.000792565180610164,0.0012367085482867,0.0985585105106488,0.103956120000137,0.0139217424673393,0.0192021236195295,0.0218843621599299,0.1838559064825,0.27578385972375,0.1838559064825,0.199493325424159,0.000391444508262907,0.00458611822257231,352.212793563971,221.689855492671,3.71492366858883e-17,4027.51930016481,19.6238107945262,201.364275818384,288.20459430588,79.9722045965144,2173.29926186509,38.6900847533093,11.7284647970765,12.0764814354348,7.18427064408227,14989.0835285439,14978.2735314169,14.0509275047605,3.89193824648856,2.94431914834808e-20,4.9808675469035,1.93409356245129,20.9330488207167,4.01231013983048,1.53563615878857,47.561268128564,7.11340060420442,3.23452129037187,2.22033244143094,1.43321404153514,5.8673944311425,68.6921331851036,1.29650913611118,0.816049071134072,1.36747800315387e-19,14.8254568373007,0.0722360188083269,0.741229813497756,1.06089243893102,0.294380828263416,8,0.14241972261144,0.0431729398813168,0.0444540028051947,0.0264455826039046,55.1754055837868,55.1356135594977
"37",4,0.786666788903575,0.00323491843076067,0.001,2.23068047950677,4.15697865579867,8.59993265429353,2.30622356764348,22.2290386585175,7.32422612897487,18.5110234914295,48.0503324316971,14.5945005802977,2.38082899584569,8.88649682611618,12.7736828322864,187.95605516624,0.0421619847142499,0.0177663413869141,0.000798793828428809,0.00125422381212768,0.0988891151041485,0.104170525992667,0.0140941382222207,0.0192821195920496,0.0226747019383322,0.185605519522445,0.278408279283667,0.185605519522445,0.201625191155,0.000393787356241195,0.00461312266981989,346.86300251354,218.635178851495,1.45697219675198e-17,3969.81469588272,19.3010759503613,198.311445992089,281.896571823396,80.900041162897,2139.73366581772,37.7996007197925,11.4810089071541,11.8157760829636,6.99071192280263,14796.4561446885,14785.8786372609,14.6244326099147,3.88434722666469,1.16382039895785e-20,4.9790361213105,1.90866632128919,20.6582076393624,3.97308924764911,1.55992426870472,48.5178230998318,7.01581452933806,3.19640793428124,2.19307325843933,1.40950362774461,5.82665734695565,68.209071934754,1.29684552074749,0.817429504780694,5.44730297990682e-20,14.8422759684556,0.0721625359592973,0.741443476485387,1.05395012968837,0.302467704108325,8,0.14132450715205,0.0429250017067579,0.0441766235554295,0.0261367553709299,55.3207397016257,55.281192695953
"38",4,0.773722514872965,0.00294083493705515,0.001,2.1568173425704,4.12807494583121,8.48772220515715,2.30461487864963,22.2057675862701,7.2223212421054,19.0138711615043,47.6581401569569,14.5055120970899,2.36397745422565,8.77641986532282,12.6902759603371,188.486485344305,0.0446077837660671,0.0179850624817309,0.00080538772507555,0.00127277184966113,0.0992386144764134,0.104397832866197,0.0142758330760309,0.0193662008306788,0.0235439222378042,0.187491985373975,0.281237978060963,0.187491985373975,0.203925185111253,0.000396299219155986,0.00464203166558468,341.248945467568,215.414993573511,7.91501323908316e-19,3909.16451124065,18.964234761256,195.115460806299,275.340619945081,81.7303345141646,2104.52524045447,36.8741760564089,11.2232412992806,11.5444595248157,6.79051364977863,14593.9592746798,14583.6237460162,15.2223591698157,3.87425211892126,6.37465450656804e-22,4.97547454560141,1.88198438231248,20.3696312668671,3.93071672938685,1.58280607215987,49.5487786087561,6.91361247784562,3.15640169029997,2.1644936363772,1.38475675303159,5.78357466494988,67.6976432279798,1.29720067560274,0.81886399624076,3.00875963355001e-21,14.8600337447945,0.0720893601909405,0.741698724465438,1.04666122183689,0.310684169305625,8,0.140171000461638,0.0426632708737937,0.0438843281245615,0.0258129996038907,55.4764903519173,55.4372015718543
"39",4,0.760170126907379,0.00267348630641377,0.001,2.08432212400003,4.09753388485642,8.37068570361133,2.30241646834101,22.1832797749331,7.11668689136153,19.5237267317164,47.2456874321576,14.4117067003864,2.34625845887919,8.6612383149017,12.6024979542188,189.053957606227,0.0472463928929749,0.0182121120791602,0.000812361507894204,0.00129239674181672,0.0996086870066798,0.104638972749851,0.0144673269738103,0.0194546295882809,0.0244999120552885,0.189525986716926,0.284288980075389,0.189525986716926,0.206406685911871,0.000398990844288934,0.00467297134995644,335.368492657361,212.026742602731,3.12263466902446e-17,3845.53254972676,18.6132948206653,191.775495998011,268.542872135194,82.4519657075214,2067.66274518807,35.9147602111296,10.9553489113846,11.2627555073452,6.58401462901388,14381.4013498175,14371.3170945868,15.8449515680144,3.8614548000602,2.53670820833143e-20,4.96995373781699,1.85404585795471,20.0671908998251,3.88509753766598,1.60407245166547,50.6575554171042,6.80678036671613,3.11448496838756,2.13458485068109,1.35898463957003,5.7380474666217,67.1567530441433,1.29757521989634,0.820353292513169,1.20817949689002e-19,14.8787612822302,0.0720167536566891,0.741999134798234,1.03902001527147,0.319015142675105,8,0.138957904212228,0.0423873726481952,0.0435767604114597,0.0254742303379462,55.6431221998321,55.604105178302
"40",4,0.746009204431027,0.00243044209673979,0.001,2.01319954166799,4.06529374167352,8.24886833809396,2.29957737861309,22.1617382673437,7.00749217205906,20.0395840731011,46.8125345051626,14.3129374937157,2.32765055760737,8.54092767914615,12.5102440907268,189.659953905642,0.0500947219104158,0.0184479912795767,0.000819743722384232,0.00131318275739725,0.10000026015149,0.104894289138653,0.0146692918637769,0.0195475080443013,0.0255513344276745,0.191718999520925,0.287578499281387,0.191718999520925,0.209084018010025,0.000401875262149297,0.00470607815010576,329.221104656344,208.468845338442,7.60465386665881e-17,3778.89869241709,18.2483666243763,188.291477506605,261.511497491729,83.0539676194601,2029.14503605239,34.9225816235964,10.6775831127579,10.9709664321264,6.37161066302276,14158.6310875482,14148.8071325573,16.4922396847994,3.84583144086702,6.23386726809854e-20,4.96238460483313,1.82484140977741,19.7507006839221,3.83618848243954,1.62349810015253,51.8473634184303,6.69532240956374,3.0706433275192,2.10334270814492,1.33220195862032,5.69000357998363,66.5853920965885,1.29796973131828,0.821898254228328,2.99817065080899e-19,14.8984863093621,0.0719450460175195,0.742348029977857,1.03102141185723,0.327444184200998,8,0.137683925015184,0.0420968749815168,0.0432535525542121,0.0251203755269004,55.8210707898659,55.7823393840123
"41",4,0.731243395258395,0.00220949281521799,0.001,1.9435144488977,4.03134623468222,8.12233727266715,2.29606036665229,22.1412334657343,6.89470454807168,20.5603965110554,46.3583922806551,14.2091075136379,2.30813749190418,8.41552081242017,12.4134423095273,190.305809664311,0.0531717036660817,0.018692862848359,0.000827557058780355,0.00133519802259842,0.100414425552676,0.105164934121333,0.0148822544102422,0.0196450863048967,0.0267077270856999,0.194083114309376,0.291124671464063,0.194083114309376,0.21197236485492,0.000404963392981343,0.00474149110554815,322.807972245628,204.74062370739,7.3397741806966e-17,3709.26078611921,17.8696097129213,184.664262391751,254.257189889273,83.5258564033499,1988.98203510283,33.8992681700268,10.3903160218642,10.6695080217642,6.15379401174181,13925.5416372131,13915.9866396329,17.1642498412933,3.82718839844971,6.07408193308927e-20,4.95259766692824,1.79436659417351,19.420204988993,3.78392018556543,1.64087265773421,53.1211893718865,6.57927553924749,3.024877338273,2.07077134501286,1.30443426949896,5.63933459050881,65.9825268767461,1.29838466732632,0.823499137122389,2.95217314230477e-19,14.9192329368724,0.071874393624666,0.742748839889662,1.02266258981521,0.335954191357114,8,0.136348212590162,0.0417914926871704,0.0429144470224944,0.0247515318012358,56.0107286700281,55.9722969600915
"42",4,0.71588084060251,0.00200862983201636,0.001,1.87528971516421,3.99565359030496,7.99118985243497,2.29184513452868,22.1218769523084,6.77844781254301,21.0850569760057,45.883013669957,14.1001163773402,2.28770624604792,8.2850686504775,12.312026578787,190.992711078597,0.056497891271423,0.0189471230375056,0.000835828239218708,0.00135852265959247,0.1008524494324,0.105451606422489,0.0151069029842556,0.0197475529469048,0.0279795766162757,0.196631482560835,0.294947223841253,0.196631482560835,0.215088257295294,0.000408268833596418,0.00477936028903465,316.132223481545,200.842582853722,2.9256125966828e-19,3636.6367895353,17.477315889761,180.895633623563,246.792939278157,83.8577128451932,1947.19588643883,32.8467703954253,10.0940031648035,10.3588906499858,5.93112190995334,13682.0800913127,13672.8022555898,17.8608039896535,3.80538912849988,2.44530962532146e-22,4.94045348329131,1.7626301169862,19.0757351604188,3.72827699087441,1.65598462441679,54.4817164915122,6.45870916018784,2.97719821090363,2.03688402619229,1.2757146754178,5.58596688005302,65.3472481401894,1.2988204245222,0.825156150965529,1.20197977699444e-21,14.941020838684,0.0718050649612857,0.743204666293327,1.01394190896535,0.344527074771335,8,0.134950040205756,0.0414709305215889,0.0425592133678176,0.0243678489719926,56.2124445171687,56.1743267878227
"43",4,0.699934486072193,0.00182602712001487,0.001,1.80855426880798,3.95819272256127,7.85555469043947,2.28691696993701,22.1037668496652,6.65884084947091,21.6124176499367,45.3862533341002,13.9858859966563,2.2663486012749,8.14965968939117,12.2059508866785,191.721656145259,0.0600959116724751,0.0192111368382939,0.000844584233779693,0.00138323805671205,0.101315675881255,0.105755135478455,0.0153439405422212,0.0198551236666078,0.0293784178585375,0.199378196805744,0.299067295208616,0.199378196805744,0.218449461722908,0.000411805377551048,0.00481984343575834,309.199053974327,196.776444114138,1.19499835808699e-18,3561.06648258842,17.0718807442224,176.988415325741,239.134195842808,84.0404246699223,1903.82180211636,31.7674039021458,9.78920392733394,10.0397313363736,5.70422786635727,13428.2529030951,13419.2598862942,18.581599036854,3.7802991944296,1.00927677263289e-21,4.92580268119803,1.72964913616507,18.7174338408907,3.66926088262391,1.66863302481555,55.9312724307685,6.33372770720959,2.92763074079333,2.0017035302603,1.24608550695056,5.52982675661005,64.6787316756902,1.29927729005145,0.826869169773739,5.02147147073777e-21,14.9638647004874,0.0717373053517703,0.743718409481364,1.00485957489079,0.353144079247331,8,0.133488980394412,0.0411349588136951,0.0421876935129667,0.0239695873217387,56.4265117172951,56.3887223956646
"44",4,0.683422385288764,0.00166002465455897,0.001,1.74332741286989,3.91895597351006,7.71560647330858,2.28123170806753,22.0870223741807,6.53605053080038,22.1412947308674,44.8680616474921,13.866355281218,2.24405637676227,8.00941599696034,12.0951905942397,192.493430347755,0.0639905608620215,0.0194853384445888,0.000853857456383781,0.0014094421284941,0.10180514574508,0.106076313291134,0.0155941194286725,0.0199679782470048,0.0309169326465779,0.202338295109085,0.303507442663628,0.202338295109085,0.222074965494669,0.000415587191183855,0.00486310652241067,302.015874662997,192.545277368086,7.96639484152325e-19,3482.61320210223,16.6538103302128,172.946537665608,231.298827988166,84.0658692130609,1858.90888798544,30.6638377144123,9.47657760155148,9.71275053652041,5.47381418541262,13164.1331152326,13155.4319320679,19.3261652089192,3.75180989542439,6.80216563593192e-22,4.90854176429262,1.69544358787823,18.345531112034,3.60690154735944,1.67862544776195,57.4717608859709,6.20446864463587,2.87621183305031,1.96526138437939,1.21559709634974,5.47084510572989,63.9762668339691,1.29975547102925,0.828637825608565,3.42841755957462e-21,14.9877736326344,0.0716713355360242,0.744292692486013,0.99541760000441,0.361785861615481,8,0.131964887198506,0.0407833978859354,0.041799791691981,0.0235571058734128,56.6531612186717,56.6157148081632
"45",4,0.666367864118911,0.00150911332232634,0.001,1.6796357143667,3.8779501942096,7.57154075744823,2.27477571990162,22.071743966718,6.4102479234225,22.6704817065829,44.3284915996293,13.7414834830687,2.2208255829662,7.86449525076565,11.979741896519,193.30858594433,0.0682091576025828,0.0197701232374723,0.00086367821739784,0.00143722738437326,0.102322224241764,0.10641603439853,0.0158582053293878,0.0200863347116904,0.0326090702193294,0.205528035120292,0.308292052680438,0.205528035120292,0.225985363890329,0.000419628768996658,0.00490932519902718,294.592372919802,188.153541829141,1.71407668890265e-17,3401.36496463374,16.2237383223019,168.775078138575,223.3070451168,83.9271137409028,1812.52059040344,29.539082266858,9.15688299843781,9.37877113615727,5.24064690262603,12889.8660215994,12881.462953157,20.0938975930056,3.71981870952901,1.48041069915464e-20,4.8885348714194,1.66004899065428,17.9603745208092,3.54124897296108,1.68578809798589,59.1046112064461,6.071109537564,2.822994255743,1.92760040345731,1.18430949731067,5.4089586111756,63.2392906762688,1.30025501273552,0.830461371088803,7.56549392256505e-20,15.0127506750217,0.0716074108429997,0.744929813353493,0.985619898826507,0.370432707623904,8,0.130377916469498,0.0404161278913786,0.0413954850976659,0.0231308683846049,56.8925554384144,56.8554664542147
"46",4,0.648799677208529,0.00137192120211485,0.001,1.61750541379709,3.83514792725355,7.42359110871048,2.26754642151564,22.0579602860135,6.28155775082311,23.1987780130774,43.7677876473909,13.6112862205927,2.19667163713737,7.71511429943904,11.8596325368617,194.16742010999,0.0727817021648022,0.020065844362525,0.000874076906065283,0.00146668699583402,0.102868365127816,0.106775363367194,0.0161370482392374,0.0202104892303269,0.0344701835895194,0.208964507314552,0.313446760971828,0.208964507314552,0.230202411483113,0.000423947450319828,0.00495867881267346,286.94060572713,183.607141209074,1.00575741185592e-16,3317.4357941643,15.7823808997789,164.480308881457,215.181506852784,83.618664925094,1764.7351220072,28.3965264977587,8.83099810631347,9.03873060281654,5.00556366710296,12605.6754499793,12597.5759491775,20.8840257050199,3.68423231934943,8.79109326807253e-20,4.86563993881509,1.62350772098472,17.5624447475659,3.47239435627518,1.68997412692293,60.8307436424611,5.93386616904877,2.7680477525723,1.88877388716652,1.15229282699936,5.34414396657797,62.467332950231,1.30077585989569,0.832338582348792,4.55935805578338e-19,15.038793087049,0.0715456079633212,0.745631712454967,0.975473334980892,0.379065000213682,8,0.128728787198209,0.0400331947664492,0.0409748998140228,0.0226915126454089,57.1447818668295,57.1080647382324
"47",4,0.630752030514806,0.00124720109283168,0.001,1.5569552274135,3.79059222657396,7.27202735544243,2.25950594924748,22.0457961244318,6.1502355511746,23.7249600789864,43.186214447818,13.475763003108,2.17159291477202,7.56149756481532,11.7349053138177,195.069956437687,0.0777411615006367,0.0203729608063324,0.000885090168241913,0.00149793374654315,0.103444657471404,0.107155164094745,0.016431478730459,0.0203406202372216,0.0365171383677642,0.212666382440925,0.318999573661388,0.212666382440925,0.234749866555961,0.000428558360901909,0.00501136226583798,279.075010862202,178.913544049732,1.21685572556377e-18,3230.9659551243,15.3306186352489,160.069703743981,206.946676879475,83.1364819094633,1715.64552300027,27.2397924532091,8.49986487694668,8.69363814919553,4.76942994274002,12311.8684961344,12304.0771115506,21.6956154902304,3.64499862064722,1.07702703886537e-21,4.83977293811271,1.58587059354804,17.1522953712835,3.40043991948426,1.69104760637904,62.6504649534361,5.79298811946559,2.7114532719254,1.84884457543983,1.11962304260623,5.27635418234319,61.6601877527853,1.30131781709389,0.834268112619689,5.6741591861506e-21,15.065890531858,0.0714861825696447,0.746399890178039,0.964985711116234,0.387662746388667,8,0.1270182777877,0.0396345970679647,0.0405381556161664,0.0222396987200451,57.4098475755234,57.3735165993197
"48",4,0.612264476717346,0.00113381917530153,0.001,1.49799476298016,3.74429662577951,7.11714299890764,2.25065915226518,22.0353069880866,6.01651964791301,24.2478299791232,42.5842122275056,13.3349584792277,2.14560189863462,7.40391779283,11.6056344621411,196.015927912426,0.0831236441585544,0.020691973058737,0.000896753531608919,0.00153107744854798,0.104052608838407,0.107556353555145,0.016742458862373,0.020476980483889,0.0387684942025823,0.216653567793831,0.324980351690747,0.216653567793831,0.239653172659878,0.000433479614644762,0.00506757718393592,271.012368044284,174.081713729382,4.89005334338733e-19,3142.12220838933,14.8694343504977,155.551927541794,198.628989026551,82.4782496316612,1665.35937667118,26.0728004158941,8.16452137533187,8.34459650611041,4.53315585308531,12008.8386560103,12001.3589531567,22.5275356438803,3.60209413050714,4.38517260543859e-22,4.81083245384667,1.54720343612071,16.7305981148696,3.32553767765177,1.68890550805285,64.5634753396927,5.64876523247994,2.65330902794197,1.80788660484876,1.08638518235359,5.20558675293846,60.8178128072418,1.30188052784619,0.836248157210835,2.34906815280284e-21,15.0940259617476,0.0714293121775055,0.74723536419014,0.954167571559636,0.396206372207895,8,0.125247683022075,0.0392204661153755,0.0400855052573221,0.0217762288024412,57.6876742605035,57.6517435036548
"49",4,0.593381737997471,0.00103074470481957,0.001,1.44064916156211,3.69632301397195,6.95926048576739,2.24098619164744,22.026552479577,5.88061288255924,24.7662154755126,41.962352301002,13.1889505249034,2.11872333475768,7.2426847966699,11.4719169694855,197.004771569846,0.0889690414202004,0.0210232340435611,0.000909103625510513,0.00156623268365178,0.104693458432377,0.107980205996792,0.0170708624864973,0.0206198521729988,0.0412446595667463,0.220947342327773,0.331421013491659,0.220947342327773,0.244939613505015,0.000438726894429,0.00512753418648013,262.771739441616,169.122111570872,1.12307530400148e-17,3051.09745023706,14.3999142736518,150.936843295649,190.256430914198,81.6434443471085,1613.99832735312,24.8996935388308,7.82608238482982,7.99278275339197,4.29767689241584,11697.0688758747,11689.903374791,23.3785497704393,3.5554937334957,1.02099183058907e-20,4.77872854756789,1.50757682643837,16.2981914315697,3.24784136930804,1.68347575333183,66.5688115529774,5.50152111218068,2.59372815564952,1.76598410716521,1.05267131699777,5.13181870183463,59.9403791908904,1.30246350315641,0.838276514688706,5.56667394243598e-20,15.123175277341,0.0713751137388947,0.748138784223788,0.943031613799546,0.404676723456089,8,0.123418683238241,0.0387910309555982,0.039617303775028,0.0213020141078526,57.9780966442876,57.9425798734842
"50",4,0.574153404756095,0.00093704064074506,0.001,1.38490970082306,3.64669454753009,6.79873261333567,2.23048657770995,22.0195676821335,5.74281561619622,25.2789833842569,41.3213369398844,13.0378477709114,2.0909771806808,7.07814082333152,11.3338831431668,198.035625628848,0.0953207608425515,0.021367395005494,0.000922183292782968,0.00160353246772605,0.105368579719585,0.108427570276225,0.0174178251246174,0.0207694772614028,0.0439680822034001,0.225570428083692,0.338355642125538,0.225570428083692,0.250638405151265,0.000444320814217687,0.00519145345390782,254.374355028518,164.046684531855,6.66041469667511e-17,2958.10982438716,13.9232512188091,146.235413014086,181.858223885702,80.6334132157993,1561.69726093658,23.7247862931084,7.48572468836045,7.63943044651457,4.0639386530589,11377.1327534604,11370.2828717806,24.2471570601516,3.50525030773382,6.14212315627992e-20,4.74342514650421,1.46707320600489,15.8559505214576,3.16757474111467,1.67471384229484,68.6648335456843,5.35161020033057,2.53283718370519,1.72322959613588,1.01857910263526,5.05509688848023,59.0282942866144,1.30306615189151,0.840350757526325,3.41188519095217e-19,15.1533073579863,0.0713236889995391,0.749110172230875,0.931592714847373,0.413055284056486,8,0.121533343940836,0.0383466110909159,0.0391339890904749,0.0208180612450927,58.2808616652745,58.2457722437787
"51",4,0.554633450931675,0.00085185512795006,0.001,1.33079267505433,3.59546722925655,6.63592915133688,2.21915085002094,22.0143924686992,5.6033922336121,25.785047458327,40.6619886438346,12.8817849393427,2.06239652841859,6.91065422992654,11.1916827111814,199.107322265676,0.102226863854851,0.0217248858714789,0.00093603306808175,0.00164310494116051,0.106079234687046,0.108899594123528,0.0177843660455782,0.0209261350830048,0.0469634457229694,0.230547263367629,0.345820895051443,0.230547263367629,0.256781064137958,0.000450280667686699,0.00525956607230221,245.843391181779,158.868719017017,5.01287507584815e-17,2863.40085485069,13.4407337591643,141.459640391316,173.464388825797,79.4513880791606,1508.60298653416,22.5524990832746,7.14466883506732,7.28581590122622,3.83288000373974,11049.6921060333,11043.1581253977,25.1317988799545,3.45140478919273,4.69221683715668e-20,4.70486809312839,1.42578275080449,15.4048974234744,3.08495418675049,1.66261047947675,70.8491944756064,5.19941694574991,2.47077577138913,1.67972491742806,0.98421100607339,4.97546273923713,58.0822198074102,1.30368768125841,0.842468007474912,2.65828723426548e-19,15.1843838592897,0.0712751274080023,0.750149067204503,0.919867667632354,0.421324304874624,8,0.119594084246572,0.0378876027627726,0.0386360942740253,0.020325453617431,58.595626309444,58.5609771369635
"52",4,0.53487973553621,0.00077441375268187,0.001,1.2782189659043,3.54227036615881,6.47092717715904,2.20689132264654,22.0106030442122,5.46177847636044,26.282379726711,39.9844029611861,12.7206866820138,2.0330358223643,6.74032724675687,11.0452657543962,200.223213281148,0.109741515798953,0.0220963456878624,0.000950726532498832,0.00168517380736226,0.106827465533248,0.109400149002537,0.0181727383242876,0.0210909175604015,0.0502580199821977,0.235913889458274,0.35387083418741,0.235913889458274,0.263413719757449,0.0004566618609116,0.00533222569446671,237.204200865295,153.603470177407,2.35779464795604e-17,2767.25451703138,12.9534469822951,136.624163232928,165.10147859174,78.0995128749192,1454.87288065849,21.3868468814525,6.80403752831452,6.93313018521345,3.60526445517283,10715.7527671459,10709.5339368031,26.0311485568367,3.39407537589524,2.24161792999555e-20,4.66330483040619,1.38378391103788,14.9467038150293,3.00034596740068,1.64719038755244,73.1190303076921,5.045454231052,2.40775043598711,1.63562170811427,0.949676120846385,4.89347559971345,57.1056520335846,1.3043294930781,0.844628955392358,1.29649520823503e-19,15.2164745322843,0.0712279246084085,0.751263784206853,0.90785376942081,0.429450649129265,8,0.117601185179959,0.0374137843588641,0.0381236341807427,0.0198244919022261,58.923376246017,58.8891803768083
"53",4,0.514953339398578,0.00070401250243806,0.001,1.22738934210283,3.48811066013594,6.30478233096303,2.19391213488374,22.0091001151854,5.32002707543446,26.7721460843162,39.29150077991,12.5552877289608,2.0028953340541,6.56821791980165,10.8953299705649,201.371302589863,0.117919843191503,0.0224817990102369,0.000966238271871518,0.0017296810039261,0.107613259350744,0.109925023374819,0.0185816038964758,0.021262539137891,0.0538814263446551,0.241677568028206,0.362516352042309,0.241677568028206,0.270547005508565,0.000463411925996758,0.00540944481866168,228.482288361563,148.265078861174,4.69774774242313e-17,2669.90759510307,12.4634219816777,131.739107124003,156.808439268683,76.5911446054732,1400.67308316413,20.2332895365965,6.46538734313833,6.58292538711754,3.38232575169944,10375.5883533504,10369.6824727691,26.9425956156313,3.33326570319384,4.53914366032725e-20,4.61808844948779,1.34122946211204,14.4814244299838,2.91375230611524,1.62852220978974,75.4702635634491,4.88993220841519,2.34380863417503,1.59094539806971,0.915078103776788,4.80817138217564,56.094225123488,1.30498567357585,0.846821892379009,2.68313729956794e-19,15.2492833749427,0.0711853301472615,0.752433147791507,0.895617634998461,0.437453367390787,8,0.115563237587971,0.0369273168498846,0.0375986400609436,0.0193182879994166,59.2605853746364,59.2268537029009
"54",4,0.494917816531745,0.00064001136585278,0.001,1.1781130515502,3.43258697418251,6.13757613088797,2.18006940272097,22.0095042670805,5.17764258347947,27.2523405370791,38.5834075485468,12.385487921939,1.97202802339987,6.39438897392387,10.7418306300751,202.555024401267,0.126825259421571,0.0228830103049178,0.000982681735725911,0.0017769689590355,0.10843793956283,0.11047756238553,0.0190140386322914,0.0214419150894039,0.0578665930537062,0.247879242685508,0.371818864028262,0.247879242685508,0.278233407989707,0.000470591315977848,0.00549161731313956,219.705700604084,142.871032645871,2.02822564874682e-17,2571.68213812469,11.971850983492,126.820856209683,148.610515309095,74.9314937443931,1346.17646096635,19.0956158182812,6.12979863900636,6.23635386593271,3.16469702902907,10030.4051702746,10024.8090404209,27.8642324755111,3.26931931230972,1.99310030095434e-20,4.56979933195362,1.29820285340311,14.0108590536916,2.82568607925188,1.60667472638948,77.898645445218,4.73340678764896,2.27917476667733,1.54586267340624,0.88052443964166,4.72022156887054,55.0524148872937,1.30565765766767,0.849047873223465,1.20532527944568e-19,15.2828828177763,0.0711458049111813,0.753665569927704,0.883156225759085,0.445299681978417,8,0.113480610436902,0.0364279056527618,0.0370611375061838,0.0188070263938937,59.6082636184224,59.5750071768432
"55",4,0.474838415335066,0.00058182851441162,0.001,1.13046212189292,3.37576972058835,5.96968740041507,2.16541228470221,22.0117313748948,5.03478327469134,27.7221657137322,37.8614249365951,12.2115618620107,1.94049729940488,6.21929682479672,10.5850137163294,203.772193876143,0.136528879772305,0.0232996789397208,0.00100008046656213,0.00182712195980815,0.109303398419179,0.111059683087358,0.0194708518037219,0.0216295766630133,0.0622496514683785,0.254551422030737,0.381827133046106,0.254551422030737,0.286515466834516,0.000478224049248227,0.00557901669775183,210.90282673617,137.438625075951,8.95272834989864e-17,2472.88826646849,11.480236582651,121.884367327076,140.536823283195,73.1308290953593,1291.56048971138,17.9780590192204,5.7985186833233,5.89468673734883,2.95316104878488,9681.17726941226,9675.88656294978,28.7943266751019,3.20227583818632,8.95344874517065e-20,4.51826845581649,1.25482887313993,13.5364392086482,2.73637165911294,1.5817888743478,80.3991903348615,4.57634048869507,2.21403176476762,1.50050089141787,0.846126316530109,4.62977179526823,53.9819327002494,1.30634424584047,0.851302753038932,5.54537146109155e-19,15.3172122322887,0.0711092460576365,0.754958785425922,0.870493171029723,0.452976563949872,8,0.111357132166456,0.0359163584176786,0.0365120288785922,0.0182920494846962,59.9657691391639,59.9329981988657
"56",4,0.45478120724122,0.00052893501310147,0.001,1.0844215953987,3.31801671932833,5.80151541023285,2.14995104331714,22.0155367707293,4.89227055511226,28.1807941538343,37.1266979464745,12.0337524679799,1.90830520436919,6.04335548286953,10.4251284107808,205.020256289799,0.147107645278853,0.0237329158864979,0.00101848663139648,0.00188030780191135,0.110210938997091,0.111670607494088,0.0199530389872985,0.0218252488345991,0.0670703977152823,0.261729855928543,0.392594783892815,0.261729855928543,0.295439863006476,0.000486314936534787,0.00567196094355144,202.10246556881,131.985841654752,1.19170937324009e-16,2373.84270871958,10.9900097216451,116.94483335925,132.614342379356,71.2005310349838,1237.00488369612,16.8845245129778,5.47272447502989,5.55910696067066,2.74840450228725,9328.92665326351,9323.93596643793,29.730817814878,3.13240887820086,1.21374006515491e-19,4.46355496571578,1.21121929100966,13.0593005845224,2.64605914377025,1.55396930699412,82.9664095252453,4.41918416820364,2.14856308257928,1.45498426390769,0.811988249642128,4.53679637331952,52.8850006418105,1.30704392994754,0.853583318186319,7.7070633362695e-19,15.3521961958736,0.0710749641589603,0.756309598454123,0.857647979420161,0.460470492709711,8,0.109196170430807,0.0353933896117054,0.0359520453569126,0.0177745749496163,60.332351318705,60.3000753793527
"57",4,0.434812212624373,0.00048085001191043,0.001,1.03993456580608,3.25889214876065,5.63351406172598,2.13367051775041,22.02140235432,4.74934350397399,28.6278506870453,36.3811496815797,11.8524315859385,1.87560925340918,5.86709782205612,10.2625003195949,206.296605142116,0.158643730914865,0.0241829534174022,0.00103797864319221,0.00193677712963341,0.111161073372867,0.112315907948997,0.0204632261402814,0.0220304719168554,0.0723723263514204,0.269448855858182,0.404173283787272,0.269448855858182,0.305051948735022,0.000494929360071254,0.0057706820558363,193.333551298495,126.53052451125,3.33846286869575e-17,2274.86991456716,10.502920681608,112.017712853859,124.870971535087,69.1541061106352,1182.68921833829,15.8189681908662,5.15358200286092,5.23082711766268,2.55108578569186,8974.72545015927,8970.02833387399,30.6711558890137,3.05988178013501,3.4652531587964e-20,4.40591602342479,1.16751593651762,12.5813711255512,2.55526292887913,1.52349759260559,85.5939700818854,4.26240287988586,2.08294016136329,1.40944038204616,0.778213690315517,4.44185512386253,51.7631815466298,1.3077555679091,0.855883507175472,2.25821818068917e-19,15.3877781536787,0.0710443319766781,0.757715288966592,0.844657883737431,0.467775338023616,8,0.107003381416411,0.0348600928998191,0.0353825978054462,0.0172561700648709,60.7072445474321,60.6754721006222
"58",4,0.414996537003556,0.00043713637446403,0.001,0.997003335759566,3.19879535627857,5.46604163280826,2.11660049766405,22.0290253743384,4.60686307625429,29.0627818198076,35.6259817837121,11.6678560087929,1.84241585867113,5.69091442193479,10.0973938328816,207.598326377738,0.171229805290154,0.0246507665043328,0.0010586065532075,0.00199669552006878,0.11215535988286,0.112994859410729,0.0210023923199614,0.0222450064582802,0.078203559749614,0.277750351269415,0.416625526904122,0.277750351269415,0.315406760164184,0.000504072622264331,0.00587553528725839,184.624635478791,121.091020127228,2.75409616912697e-17,2176.29065781366,10.0203511206644,107.118234093223,117.329636308793,67.0052989495004,1128.79058064967,14.7846590675923,4.8421198379052,4.91087037475581,2.36170977748653,8619.66958342156,8615.25865344955,31.6132403847991,2.98498646292775,2.91550425280147e-20,4.34538980682407,1.12383608609074,12.1038098016893,2.46420305251567,1.49053330787063,88.2754416186382,4.10644424942231,2.01735072880016,1.36399597162699,0.744899229365104,4.3449394499674,50.619256227201,1.30847750605807,0.858200075039848,1.95189167332835e-19,15.4238753945739,0.0710165466823595,0.759171707698489,0.831542277691683,0.474882055879209,8,0.104782299363859,0.0343172235552733,0.0348044745159328,0.0167379835939259,61.0895925687865,61.0583312875701
"59",4,0.395397523053947,0.00039739670405821,0.001,0.955616342286864,3.13797754199517,5.2995052889813,2.09872969481978,22.038238850982,4.46538475589861,29.4849155096781,34.8626414003185,11.4803661282372,1.80873936936536,5.51523658817566,9.93012637424926,208.922523429748,0.184968318931703,0.025137230409101,0.00108043274952012,0.00206026911761537,0.113194325640474,0.113707638448718,0.0215718063304444,0.0224687936693841,0.0846169791075614,0.286676941318511,0.430015411977766,0.286676941318511,0.326560477613758,0.000513762732129038,0.00598686109328164,176.003606032928,115.685350716864,1.81713515051057e-17,2078.42238452794,9.54369757704102,102.261486084918,110.011732280087,64.7681253332313,1075.48126270674,13.7846020568039,4.53930833085744,4.60018846615099,2.18071088602116,8264.87782466392,8260.74482743025,32.5550911338284,2.90800931592748,1.9632923269158e-20,4.28210945220341,1.08029241134978,11.6279120869724,2.37315178282274,1.45526164446519,91.0039755370297,3.9517275549374,1.95197254198777,1.31876795896486,0.712133988476591,4.24618621191204,49.4559318088697,1.30920816297602,0.860528990905605,1.35168149443145e-19,15.4604079613403,0.0709910839582402,0.760675166595086,0.818325608040537,0.481779665190818,8,0.102537180589172,0.0337657827301095,0.0342186414634385,0.0162212840828696,61.4785444340566,61.4478010087493
"60",4,0.376075928389633,0.000361269730962,0.001,0.915735470554315,3.07608855676461,5.13422691775176,2.08012148717952,22.0493192036798,4.32434654899407,29.8944793163088,34.0930322256303,11.2903283639328,1.77476776161754,5.34052347747128,9.76097566497103,210.26605464017,0.199967582687487,0.0256424502594873,0.00110352584478346,0.00212772359406928,0.114279945390052,0.114459764672974,0.0221742264285921,0.0227035469510577,0.0916705311482515,0.296274668532888,0.444412002799331,0.296274668532888,0.338574362169325,0.000524065706739543,0.00610496027511115,167.497335641092,110.33089571836,8.64302439709544e-18,1981.57600629375,9.07450180933757,97.4620190126633,102.937327722208,62.4588559033639,1022.9265252198,12.8215687458716,4.24602072128983,4.29967470318516,2.00844232487664,7911.46424232607,7907.60017076271,33.4940373147439,2.82915450554273,9.53780079928882e-21,4.21624602203277,1.03703357121302,11.1554797607424,2.28255561286642,1.41803756751137,93.7722178925344,3.79870603025474,1.88698257267587,1.27388469748542,0.680007079098984,4.14612709949924,48.2755849139685,1.30994617119818,0.862864676969075,6.75944884329851e-20,15.4973086135817,0.0709689432084103,0.76222107148289,0.805041810408339,0.488471884253412,8,0.10027362419303,0.0332068481292141,0.0336264597480158,0.0157074219925626,61.8731769860096,61.8429572471087
