"","convergence","mu","x_C","x_W","C","AA","NT","ADP","ATP","LIP","rRNA","mRNA","tRNA","DNA","TC","p","tau tC","tau ATPS","tau ADPS","tau EAA","tau ENT","tau LIPS","tau Maint","tau rRNAp","tau mRNAp","tau tRNAp","tau rRNase","tau mRNase","tau tRNAse","tau DNAp","tau tRNAc","tau r","v tC","v ATPS","v ADPS","v EAA","v ENT","v LIPS","v Maint","v rRNAp","v mRNAp","v tRNAp","v rRNase","v mRNase","v tRNAse","v DNAp","v tRNAc","v r","p tC","p ATPS","p ADPS","p EAA","p ENT","p LIPS","p Maint","p rRNAp","p mRNAp","p tRNAp","p rRNase","p mRNase","p tRNAse","p DNAp","p tRNAc","p r","f tC","f ATPS","f ADPS","f EAA","f ENT","f LIPS","f Maint","f rRNAp","f mRNAp","f tRNAp","f rRNase","f mRNase","f tRNAse","f DNAp","f tRNAc","f r"
"1",4,0.660834627472382,1,0.001,23.4856528078203,5.94804750487926,11.7561139345037,2.50593151006956,17.0443510535847,14.0367614412013,48.7555224580249,10.4543619025351,1.81156526365157,11.6969136310385,18.6402496741374,173.864528537224,0.0384279791398272,0.00180521916660847,0.156898295822005,0.142579186884131,0.0191686030226029,0.0306364540844906,0.0149958914258968,0.187158126669502,1.68442314002552,0.153129376365956,0.277939888825344,0.238261541328792,0.310401763609035,0.140368595002127,0.000168798895159684,0.00345943618625517,286.083127136595,3069.96769909494,12.9195036949324,159.394960437006,242.471269913618,51.5332112106386,1797.47018672488,33.4704326377282,11.2869334537844,13.6634333537139,1.25109511695796,4.37832910046109,0.224047505966147,7.72972556194395,19161.9304340595,19149.2834910929,10.9935964418616,5.54196453127507,2.027048112601,22.7264038525365,4.64783551736053,1.57879485908109,26.9546677614128,6.26426347129498,19.0119718894826,2.09227302847201,0.347729237717225,1.04318743992056,0.0695447409840977,1.0850107168821,3.23451268639597,66.2457242499457,1.27327008480896,13.6635042818202,0.057500831069572,0.709419100752642,1.07916680545525,0.229358847078452,8,0.148966844112007,0.0502347512059712,0.0608118385701168,0.00556824864722811,0.0194866279632208,0.000997168164994725,0.0344026871501132,85.2839978123872,85.2277100672666
"2",4,0.65900633160128,0.769230769230769,0.001,23.4370226305753,5.93641550283323,11.7353320587583,2.50263452449262,17.037099407312,14.1998769144603,48.6873664008434,10.4502247734505,1.80935065150891,11.6794126402386,18.6175820928986,173.907682127492,0.0391523541001433,0.00180701654274349,0.156954783905763,0.142667535708884,0.0191964504828132,0.0306568081734958,0.0150847768070433,0.187297000363742,1.68567300327368,0.153243000297607,0.278048994655299,0.238276688652308,0.310536893350778,0.140472750272806,0.00016901298305429,0.00346303936328433,285.302642465933,3062.02449514071,12.8768083788636,158.926588099824,241.51263090584,51.9878266366012,1792.49722195548,33.3361973517252,11.2659018641936,13.6099043779202,1.25091462457792,4.37913757183312,0.22400606320722,7.69680687930129,19113.6405558608,19101.0439393533,11.1702700835328,5.53312891700504,2.02107667650045,22.6736646828227,4.6361852601579,1.59378082855524,27.0394205204437,6.24376976751184,18.9906266300017,2.08562258063602,0.347815553763502,1.0434463997693,0.0695621469601079,1.08119163065411,3.23045340737351,66.1476670418041,1.27331920617289,13.6659603491057,0.057469805681778,0.709296889962022,1.07788231054492,0.232024132589221,8,0.148781027689886,0.050280253609111,0.0607416478473434,0.00558289121681659,0.01954429839308,0.000999749669738827,0.0343512136477607,85.3050830840754,85.2488637879862
"3",4,0.656659301989321,0.591715976331361,0.001,23.3746148135934,5.92149582275272,11.7086956575461,2.49839761083945,17.0278796315664,14.4075674812993,48.5999146459372,10.4449161659445,1.80651044344074,11.6569708568823,18.5884972118288,173.964539421037,0.0400882705984941,0.00180933503515537,0.157027478633653,0.142781453639974,0.0192323586587205,0.0306830324542156,0.0152003210004454,0.187475779228816,1.68728201305934,0.153389273914486,0.278189437732226,0.238296142701863,0.310710680210114,0.140606834421612,0.00016928872024408,0.00346767659261826,284.300697427405,3051.82674534406,12.8221115844482,158.326586140122,240.284760041941,52.5603511424112,1786.11330141095,33.1642779173995,11.2389629662097,13.5413328058692,1.25069188925773,4.38021160734362,0.223954187196787,7.65465834619018,19051.7709832361,19039.2388378519,11.3971232898104,5.52177705157518,2.01342385286525,22.6061001189412,4.62124268535119,1.61271095990757,27.1494955246117,6.21749884512547,18.9633000583257,2.07709520692668,0.347929273448864,1.04378753024791,0.0695849578398171,1.07629727863677,3.22524992813533,66.0219228592877,1.27338258867596,13.6691294686994,0.0574302271835465,0.709144648394033,1.07623524152528,0.235417769302275,8,0.148542773366958,0.0503393058316351,0.060651618439534,0.00560184793773045,0.0196189641670926,0.00100309061925634,0.034285208402595,85.3328664791242,85.2767350103121
"4",4,0.653656404320744,0.455166135639508,0.001,23.2947780414164,5.9024226907146,11.6746725601393,2.49296805832159,17.0162178811556,14.670555684812,48.4880660545031,10.438127508603,1.80287896571429,11.6282891221353,18.5512989139301,174.039724278756,0.041295761435598,0.00181232064031136,0.157120815215012,0.142928075907058,0.019278578450462,0.0307167533639609,0.0153505186342493,0.187705421684778,1.68934879516301,0.153577163196637,0.278369799194066,0.238321049409516,0.310933680964413,0.140779066263584,0.000169643146053305,0.0034736305462908,283.018739849675,3038.77812686838,12.7523043324234,157.560964892949,238.718137048111,53.2750148795636,1777.94541975242,32.9449566310278,11.2045957339163,13.4538302846917,1.25042172137452,4.38164683880141,0.22389079107394,7.60090565597701,18972.8132688535,18960.3633968375,11.6874743626358,5.50724032065026,2.0036524525803,22.5198855502088,4.60214633263016,1.63643549251691,27.2923842965879,6.1839469768138,18.92847030338,2.06620108925196,0.348079643486922,1.04423867276504,0.0696151878026547,1.07004840100604,3.2186077324102,65.8612974640288,1.27346424341456,13.6732122059923,0.057379958645521,0.708957488312051,1.07413032771884,0.23971496217013,8,0.148238326171409,0.050415926650781,0.0605365277706451,0.00562636718757603,0.0197155516254781,0.00100741356213338,0.0342008503592216,85.369609474268,85.3135903327233
"5",4,0.649830082349587,0.350127796645776,0.001,23.193103862952,5.87815120388164,11.6314250838259,2.48603740091323,17.0015821529682,15.0013544013482,48.3456376067438,10.4294780763096,1.79825828731708,11.5918077290927,18.5039287237987,174.139235265186,0.0428509583282294,0.00181615526813028,0.157240245481309,0.143116264468482,0.0193379099451315,0.0307599817685769,0.0155457594816003,0.187999412620945,1.69199471358851,0.153817701235319,0.278600680187739,0.238352830033614,0.311218728372102,0.140999559465709,0.000170097274609967,0.00348125066145901,281.385198013502,3022.14850741431,12.6636414194963,156.588552658762,236.729145193207,54.1573964776858,1767.53782399088,32.6665492154055,11.1609558128804,13.3427125781599,1.2500995481719,4.3835672156889,0.223813058792672,7.53270537117688,18872.4976551025,18860.152265445,12.0576253942572,5.48869093281256,1.99123408548887,22.4103687150482,4.57784689113419,1.66588052828721,27.4777178863933,6.14129206484943,18.8842782339885,2.05234537701613,0.348278584423076,1.04483565150202,0.0696548155505259,1.06210813892092,3.21016041621593,65.6569175492981,1.27356911606302,13.6784558333951,0.0573165280996517,0.70873075770545,1.07145269302901,0.24512016995667,8,0.147851089903801,0.0505152677872786,0.0603900517298522,0.00565803811926053,0.0198403322687211,0.00101299358126246,0.0340935521443902,85.4182463263649,85.3623702280323
"6",4,0.644978643553656,0.269329074342904,0.001,23.0615328069096,5.84686413647777,11.5755783908699,2.47705814541451,16.9823171341807,15.4124725394937,48.1625052847167,10.41851705381,1.79232815305994,11.5446287073264,18.443017591224,174.283179867156,0.0448534591247167,0.00182116870130526,0.157395789422996,0.14336225212664,0.0194154399519235,0.0308165310268179,0.0157996521262306,0.188382679942217,1.69544411947995,0.154131283589087,0.278899550127967,0.23839317994433,0.311586708973215,0.141287009956663,0.000170687782099975,0.00349111388748234,279.314973446163,3001.11173800281,12.5508814722347,155.365567837851,234.205144118899,55.2261979573924,1754.34191046594,32.3135806530633,11.1061743734297,13.2018238203384,1.24979332438088,4.38645337622267,0.223735295624506,7.44603896398197,18747.0343783679,18734.8214908227,12.5282427443888,5.46553076637055,1.97545589727684,22.2735577081687,4.54719591207208,1.70187984284717,27.7179918958288,6.08731892195302,18.8298980313503,2.03481405114574,0.348566795922765,1.04570056903527,0.0697129444447891,1.05202858124182,3.19988971899561,65.4053954861138,1.27370826304653,13.6854131801741,0.0572334567046913,0.708484780126296,1.06800227582408,0.251837786593035,8,0.147353627979991,0.050645426901897,0.0602018283509265,0.00569920067200102,0.0200027296848088,0.00102025856779575,0.0339547903156659,85.4886234731234,85.4329313074294
"7",4,0.638864027224621,0.207176211033003,0.001,22.9019698410712,5.80875790585157,11.5081000432535,2.46609234754209,16.9609041577067,15.92410750332,47.9377136252464,10.4046652872502,1.78503332649541,11.4875977823225,18.368267399596,174.446790603747,0.0474150287725561,0.00182734050755633,0.157585743831784,0.143664366294233,0.0195107984803636,0.0308855799609925,0.0161294447180247,0.188850980408376,1.69965882367539,0.154514438515944,0.279269529408652,0.238444292916386,0.312042726055241,0.141638235306282,0.000171415912519752,0.00350331841774449,276.703139734094,2974.46852952721,12.411209224222,153.820129555922,231.072188347639,56.5185524973822,1737.71015405097,31.8749892001378,11.0367909058488,13.0265469741706,1.24930841757234,4.38962453851192,0.223616561871638,7.33901298235117,18586.6779388269,18574.6298635866,13.1198873319487,5.43536683245659,1.95582963745093,22.0984714359483,4.5084029012674,1.74560827243745,28.0282998657152,6.01962296095243,18.7587790481862,2.01278959151554,0.348893773861694,1.04668091925389,0.0697779215575264,1.03948484771011,3.18605235959476,65.0728429038898,1.27387476715396,13.6937383836682,0.0571382250154384,0.708150915489951,1.06380083149752,0.260197835021568,8,0.146744791130238,0.0508107333325743,0.0599710921585074,0.00575151576186597,0.0202087766053679,0.00102947691869253,0.0337870523009485,85.5685990923052,85.5131326488954
"8",4,0.631210940096727,0.159366316179233,0.001,22.6962935332424,5.7599023063643,11.4214626078524,2.45192235624588,16.9324709883153,16.5456333894839,47.6505008784041,10.3872514312808,1.77573874312088,11.4141362789417,18.272731081658,174.691953173587,0.0507020504714923,0.00183542877076992,0.15783292279416,0.144060057583206,0.0196356868212677,0.030976132992448,0.0165583753238506,0.189461607318272,1.70515446586445,0.155014042351314,0.279747325420502,0.238508743400147,0.312629180826734,0.142096205488704,0.000172362631214449,0.00351908820720383,273.436188412426,2941.22354096487,12.2356411462251,151.908010180824,227.148346276668,58.0210267015107,1716.8937570631,31.3264436280503,10.9511562911556,12.8072739255507,1.24892617251299,4.39460955019583,0.223511452870832,7.20472769102294,18389.7538338257,18377.9119983389,13.8637754256193,5.3984063083527,1.93118700436919,21.8838766939997,4.46021378945753,1.79726703946437,28.4289712206267,5.93515836133567,18.6734130562436,1.9853073027002,0.349383756408173,1.04815280155149,0.0698762024164015,1.02376446647375,3.1697063581842,64.6734933863842,1.27409718761009,13.704859855725,0.05701292160165,0.707827188751276,1.05841538693798,0.270353486756273,8,0.145968000636857,0.0510277645129939,0.0596764889981719,0.00581946864155132,0.0204770250092269,0.00104146899923811,0.0335709890557108,85.6884883327112,85.6333103792094
"9",4,0.621710260217424,0.122589473984026,0.001,22.4447774088804,5.70011486047355,11.3158017318541,2.4344727568015,16.8995860768914,17.2974558950335,47.2971587253419,10.3655964084346,1.76429846615719,11.3245607579893,18.1552428129507,175.000934260558,0.0548971466526586,0.00184554366028318,0.15813949898436,0.144553794487814,0.0197917497476011,0.0310886868110871,0.0171157887756695,0.190219267638291,1.71197340874462,0.155633946249511,0.280343092532617,0.238589192964769,0.313359504548921,0.142664450728718,0.000173543621685543,0.00353874292981767,269.378593309639,2899.85523676945,12.0201827485542,149.543281131273,222.33564810766,59.7444766977816,1691.05190779139,30.6536065452737,10.8452917243236,12.5380407041625,1.24847768659662,4.40089408392689,0.223389138809294,7.04059561569758,18144.9013340199,18133.3127295706,14.7881161420061,5.35180944795883,1.90086567755681,21.6170487276835,4.40041150731751,1.85737732474962,28.9436872624505,5.83090658751429,18.56685104212,1.95134475302581,0.350002095618463,1.05000576780754,0.0700011098588906,1.00444270631652,3.14893189263264,64.1691322159409,1.27437173072451,13.7185865124948,0.0568648789226261,0.707456845965583,1.05182175465231,0.282638168219502,8,0.145015567666679,0.0513067241725919,0.0593147526525684,0.00590627729802663,0.0208196759124902,0.00105680559079255,0.0333075316411451,85.8395948718953,85.7847716963519
"10",4,0.610026016738928,0.0942995953723274,0.001,22.1358952906951,5.62677691337059,11.1868185411139,2.41287393903802,16.8606196235542,18.1915469486159,46.8621746438816,10.3386581886518,1.75022748900375,11.214851054316,18.0106121613431,175.408945361076,0.0602469486980623,0.00185831198607971,0.158521594957655,0.145175493779118,0.0199885894550177,0.031230029454649,0.0178403634228381,0.191165759243271,1.72049183318944,0.156408348471767,0.281088853192948,0.238689740264269,0.314270859791971,0.143374319432453,0.000175026593319186,0.00356336560010406,264.387353535591,2848.92538750042,11.7573325066316,146.656119372566,216.478667416167,61.6517606854633,1659.27076552988,29.8352138083535,10.7161450144303,12.2102072197376,1.2480680746224,4.40929454118174,0.223262287950563,6.84135091698475,17845.2836010874,17834.0033731656,15.9285313248752,5.29419219503883,1.86379110139872,21.2908745456415,4.32710320875107,1.92538630213799,29.6019934739439,5.70347129985921,18.437039980601,1.9097783457372,0.350818023802342,1.05245336878333,0.070164831193346,0.980874031721277,3.12339919551306,63.549074132078,1.274715900638,13.7357950091557,0.0566867457723305,0.707087100763723,1.04372919435863,0.297247499160391,8,0.143847354768892,0.0516667694606582,0.0588702337117993,0.0060174293457106,0.0212589512587411,0.00107643570941486,0.0329848560421059,86.0391635738295,85.9847771377824
"11",4,0.595809315952598,0.0725381502864057,0.001,21.760884186873,5.53782410944013,11.0312276806512,2.38639087107081,16.815213030928,19.2380609491811,46.3318617217792,10.3053474691693,1.73309211122671,11.0820453254224,17.8343089945182,175.943741269504,0.0670596865882968,0.00187435260100851,0.158994403057943,0.14595401507643,0.0202356968176494,0.0314064948363143,0.0187822454296082,0.192340009687756,1.7310600871898,0.157369098835437,0.282016993463782,0.238814799908173,0.315400675304232,0.144255007265817,0.000176878817483568,0.00359404866417232,258.312438065671,2786.86360001868,11.4404944860426,143.170738450604,209.44236022996,63.6789774132554,1620.60133939107,28.8527063431328,10.5604407988892,11.8161181818764,1.24775150386913,4.42041877262962,0.223135279857338,6.60278584469559,17482.3961829482,17471.486688654,17.3223511385427,5.22356503735095,1.81897459149603,20.896344118323,4.23821210238638,1.99993347531118,30.4385320999949,5.54952981755614,18.280757570088,1.85949187001491,0.351887127711085,1.05566142469587,0.0703770179512032,0.952484920001195,3.09226556361912,62.7933733944616,1.2751436484076,13.7571827557088,0.0564753055941137,0.706753647405473,1.03389947984941,0.31434740113041,8,0.142429630986108,0.0521309740635277,0.0583295491354649,0.00615944945146334,0.0218211285659708,0.00110149374523499,0.0325942509571246,86.3007860502799,86.246931994855
"12",4,0.578719646418571,0.055798577143389,0.001,21.3111881429423,5.43123026007709,10.8458891083516,2.35426024103681,16.7632036866462,20.4420986823653,45.6920134910111,10.2644188538542,1.71241610329588,10.9233419041884,17.6216431323931,176.638293997818,0.0757276610922219,0.00189440992451058,0.159575312014876,0.14692370942871,0.0205445762587628,0.0316255809443443,0.0200066469091858,0.193786599298877,1.74407939368989,0.158552672153626,0.283165518646876,0.238969571068293,0.316794042998697,0.145339949474157,0.000179181595747282,0.00363208848679952,251.006844610622,2712.10831074653,11.0636519646485,139.015631504884,201.111374266179,65.7235784528442,1574.11743825851,27.6904619827688,10.3752128819608,11.3492099101093,1.24759609109834,4.43499203216615,0.223031285700267,6.32155256450109,17047.8120577837,17037.3418410662,19.0081612605012,5.13784490022584,1.76548571428277,20.4246922492722,4.13174796511611,2.07854635031238,31.4928117808302,5.3660404606556,18.0951949925736,1.79944755808024,0.353276194197677,1.05982814361804,0.070654982712185,0.918774130322818,3.05465416851344,61.8811331466041,1.27567023150861,13.783511927786,0.0562278350814204,0.706507040077928,1.02209082691403,0.334021220300086,8,0.1407288239607,0.0527290410730174,0.0576791013644584,0.00634054898713829,0.0225395738557992,0.00113349248425588,0.0321274761887895,86.6406108893332,86.5873990185384
"13",4,0.558455513077605,0.0429219824179915,0.001,20.7794745375887,5.30522853177845,10.6284947129939,2.31572220723802,16.7047148798226,21.8021242984492,44.9287744263491,10.2142695629706,1.68775407826104,10.7364293543125,17.3680441588556,177.528969257326,0.0867531046120145,0.00191936763578646,0.160282512728876,0.148124412298832,0.0209289197230638,0.0318959338348418,0.0215983740190528,0.195553690057386,1.75998321051647,0.159998473683316,0.284578314198828,0.239160901083921,0.318500676476557,0.146665267543039,0.000182029434924157,0.00367902644475016,242.339404575189,2623.22650627399,10.6220679524147,134.129730358348,191.408475842616,67.6417583959566,1518.99899557109,26.338385989504,10.1580107963227,10.8050240705668,1.2476642152893,4.45379564682098,0.222957647135778,5.99581816368403,16533.6301284871,16523.6719354564,21.0236957167247,5.03493605747948,1.7025317417899,19.867887481131,4.00597262522412,2.15749705026979,32.8079084409099,5.15056857040327,17.877928453773,1.72878735940217,0.355058179073231,1.06517378013735,0.0710121614383668,0.879378275116134,3.00960734953352,60.7910260149201,1.27631107212986,13.8155536056178,0.0559424620207663,0.706411160241328,1.00807690538678,0.356243861085772,8,0.13871443531588,0.0534984464160422,0.0569060235171756,0.00657098112073589,0.0234564771131874,0.0011742345994216,0.0315777333950367,87.0764506188291,87.0240045379049
"14",4,0.534794531709745,0.0330169095523012,0.001,20.1604455634557,5.15849571229851,10.3778051497132,2.27008601072298,16.6402070966645,23.3088200037044,44.0295969057793,10.1530142500844,1.65868487962683,10.5198594181379,17.0693865248873,178.653596422719,0.100782330768042,0.0019502685347427,0.161134808332797,0.149602078329691,0.0214050331794218,0.0322274756876701,0.0236677188803485,0.19769210226237,1.77922892036133,0.161748083669212,0.28630558231391,0.239397167200536,0.320577454136433,0.148269076696778,0.000185533502784601,0.00373667495466622,232.21176059124,2519.08104563912,10.1131213468595,128.470474828487,180.314606749787,69.2523859921547,1454.64112625051,24.7947826881038,9.90736294756605,10.1823582174737,1.24799502950864,4.47758644624979,0.22292180620706,5.62596329117539,15933.2000337479,15923.827739525,23.4028424641357,4.91288449977671,1.62957586987252,19.219450038344,3.85964014021359,2.23182958587531,34.4280372478906,4.90173271474985,17.6274666808258,1.64697692890983,0.357307943648336,1.07192151112771,0.0714637051053546,0.83415638271254,2.95614241282897,59.5021682967021,1.27708068416732,13.8540345116315,0.0556185091393759,0.706541139309782,0.991665111048067,0.380863071955954,8,0.136362335647776,0.0544869123732441,0.0559992868823659,0.00686352121901286,0.0246251057553487,0.00122598929555451,0.0309407629945231,87.6268365920187,87.5752923640779
"15",4,0.507640287551256,0.0253976227325394,0.001,19.4518614186575,4.99038115519712,10.0943776090736,2.21677410477589,16.5703938175957,24.9446218146312,42.9841864449827,10.0781921920948,1.62485127166661,10.2733525728202,16.7222990091622,180.048706696592,0.118650490032138,0.00198834032251296,0.162149392911844,0.151408961768607,0.0219922392699216,0.0326314612038627,0.026358138465998,0.200251881476369,1.80226693328732,0.163842448480666,0.288404604443632,0.239689657864806,0.323088188739182,0.150188911107277,0.000189823528504968,0.00380720350391262,220.578374259189,2399.0338726299,9.53712332638647,122.02292107683,167.888216855986,70.3494166157594,1380.78158213942,23.0690893565271,9.623143259598,9.4843773255399,1.2485845894393,4.50704687720617,0.222917777809578,5.21516765418186,15242.045056211,15233.3295401149,26.171732196345,4.77009578402444,1.54643875749896,18.4753637922155,3.69223783569732,2.29560425901153,36.3948321333305,4.61962854759103,17.3434728910603,1.55394360333096,0.360097544631656,1.08029252397819,0.0720221010702599,0.783260351223465,2.89329877420167,57.9963856013811,1.27799140493992,13.8995705253413,0.0552563762422696,0.706978845345054,0.972714115122284,0.407591859716196,8,0.133658152193967,0.0557547602550589,0.0549507754055907,0.00723407441460635,0.0261130185136036,0.00129154548810933,0.0302157428612358,88.3096660811166,88.2591699493098
"16",4,0.477071243967268,0.0195366328711841,0.001,18.6575835536965,4.80158511744725,9.7811616999918,2.15564058809713,16.4976211423407,26.6868051109753,41.788832560048,9.98726359145529,1.58608616833959,9.9993077224244,16.3255772014656,181.732535675014,0.141431776572946,0.0020348644119132,0.163339004251439,0.153597508869356,0.02271120551671,0.03311886025356,0.0298559521778951,0.203270337157645,1.82943303441881,0.166312094038073,0.290933385002791,0.240051010603367,0.326096553889863,0.152452752868234,0.000195035341177364,0.00389291071463623,207.466765834126,2263.12714113101,8.8989347777869,114.804881183613,154.292442638935,70.7305961766946,1297.63378359097,21.1855567547403,9.30698727836845,8.72008366599887,1.2493064213783,4.54235101296387,0.22292235475654,4.77038217394851,14457.8908463193,14449.8944773008,29.3423932717638,4.60515687912236,1.45354314550221,17.6337437558454,3.50416737444804,2.34251673042693,38.7420921873131,4.30639526440848,17.0265099779628,1.45025537467947,0.363464946077313,1.09039595117721,0.0726942116711213,0.727257894652001,2.81979967391697,56.2521490360472,1.27904663677913,13.9523318196492,0.0548625345012871,0.707779853671265,0.951223339527789,0.43605890704208,8,0.130610389603841,0.0573782057530163,0.0537599053062112,0.00770205854487588,0.0280039010722655,0.00137433138733267,0.0294097285953659,89.1338744668603,89.0845763112816
"17",4,0.443381420060268,0.0150281791316801,0.001,17.7793308305998,4.59244403040853,9.44051236389223,2.08632511063437,16.4208341259399,28.497559564281,40.4371753591689,9.87694872206951,1.54210627131391,9.69921274291591,15.8771353787608,183.750418208584,0.170548241590544,0.00209173330110891,0.164722420303615,0.156245086473047,0.0235927456694666,0.0337067673021944,0.0344042174855268,0.206804182206816,1.86123763986134,0.169203421805576,0.29397293372368,0.240498337214835,0.329692747977476,0.155103136655112,0.000201368994525908,0.00399713366883636,192.998549021395,2112.44324999879,8.20573054359372,106.891230808794,139.761316367483,70.1960468214609,1205.99746256393,19.1792102836873,8.96349880454987,7.90294492743909,1.25011804971296,4.58424325429625,0.222942085941159,4.3004507194207,13585.8144366124,13578.586893665,32.9155631651252,4.41866789272521,1.35166779550005,16.7012296009305,3.29735319148789,2.36608181574492,41.4913989890429,3.96634089809051,16.6832013598804,1.33720532406372,0.367500870575043,1.10250288004657,0.0735023889537712,0.667013395612882,2.73576179291621,54.2754268478887,1.28025840857797,14.0129200305797,0.0544328212840414,0.709064382815832,0.927108526880998,0.465646398109166,8,0.127225543197497,0.0594594869909171,0.0524242889243735,0.00829267449405892,0.0304096378083598,0.0014788892538277,0.0285270963026938,90.1216784169957,90.0737344159728
"18",4,0.407100624681253,0.0115601377936001,0.001,16.8302874942458,4.36584479657257,9.08002155731518,2.00933337440292,16.3428181123455,30.3430774619748,38.9369917871022,9.74376397989877,1.49308764257796,9.37941698879582,15.379489965116,186.095868664189,0.207819353772091,0.00216069022336639,0.166299461420098,0.159416691505828,0.0246660503866351,0.0344088026484242,0.0403182246147964,0.21086265259908,1.89776387339172,0.172523988490157,0.297593569137992,0.241051897482861,0.333950609660583,0.15814698944931,0.000209006192259651,0.0041231121853329,177.394029537374,1948.990820149,7.47117233450022,98.3927790542333,124.653459509979,68.6260321640087,1107.31369913301,17.1019439946463,8.59878833586394,7.05317533195648,1.25067031490822,4.63209593290046,0.222907236212374,3.81836651528473,12633.0521953535,12626.6240639653,36.8659125814842,4.21116541052677,1.24245193540413,15.6854513048898,3.07470851314152,2.36133959727578,44.6449224406856,3.60616127531203,16.3184698587447,1.21684193978952,0.372191442828474,1.1165755139483,0.0744400074308778,0.603863169006334,2.64038613596825,52.0609875377529,1.28161715818213,14.0808576407932,0.053976916137495,0.710857486049504,0.900582804006334,0.495801919313313,8,0.123556271420008,0.062123594010236,0.0509570166971033,0.0090357073402954,0.0334654646575925,0.00161043604092971,0.0275865205552818,91.2699062984212,91.2234650314653
"19",4,0.368982773802152,0.00889241368738467,0.001,15.8222931248217,4.1245154167643,8.70659988034205,1.92515570459547,16.2631831496583,32.179299588953,37.2964980844783,9.58402473270931,1.43919635963442,9.04607254581376,14.8351961048692,188.777964559166,0.255644733570796,0.0022441356518766,0.168070774487603,0.163201963970142,0.0259720384920646,0.0352446302384401,0.0480088712535087,0.215456401358872,1.93910761222985,0.176282510202714,0.30188624120669,0.241736119339805,0.338966443780335,0.161592301019154,0.00021819683866604,0.00427520854826649,160.972467631851,1775.91624075962,6.71118372129597,89.476897222096,109.374160288103,65.9644845630129,1003.63314474185,15.0124230676832,8.2218911852541,6.19401950756381,1.25065775136576,4.68555115519059,0.222769353218181,3.33784493996985,11614.9228858192,11609.3028326276,41.1517635999782,3.98539695063534,1.1279538457668,14.6028053566006,2.84066990103985,2.32489386729268,48.1832944316656,3.23452264983994,15.9431317842518,1.09189730703793,0.377556367595821,1.13266695322392,0.0755113354436121,0.539370044294869,2.53433945503559,49.6321907094638,1.28311798768468,14.1558994942632,0.0534951142772167,0.713223931998465,0.871825812936743,0.525805548839101,8,0.11966462563605,0.0655370239879344,0.0493727776131347,0.00996904303464348,0.0373487159505541,0.00177570343813609,0.0266060957229816,92.5830155902772,92.53821792116
"20",4,0.329956280182107,0.00684031822106513,0.001,14.7796375896274,3.87402748026384,8.33226173181076,1.83541902677629,16.1880775558128,33.981446010297,35.5428893220074,9.39360186110963,1.38109940168903,8.70967769786296,14.2531565718539,191.72870576879,0.317065730958809,0.00234398051896187,0.170005787392435,0.167660657707995,0.0275449580539503,0.0362259132583352,0.0580081857947659,0.220517792785266,1.98466013506739,0.18042364864249,0.306913086484703,0.24258217517777,0.344812169026652,0.165388344588949,0.000229141960322097,0.00445732034263623,144.127235220903,1597.10499765405,5.94696588826579,80.3327152562552,94.3915823310622,62.2910640042594,897.481082095332,12.9770004315469,7.84167509484446,5.35206568498367,1.24940088393303,4.742197167241,0.222415491195963,2.87381285477192,10548.5102183761,10543.6817599333,45.697807186388,3.74358300123774,1.01101861843058,13.4686358753328,2.60001217595511,2.25655068138771,52.0612493574736,2.86165949213817,15.5630599528886,0.965639218659022,0.383457481544602,1.15037250395118,0.0766915679444082,0.47529515070917,2.41710630991638,46.9965671948332,1.28472666975364,14.2363334850497,0.0530102840664365,0.716072722724842,0.841391171037839,0.555252385789166,8,0.115674865491313,0.0698994129350261,0.0477074406737426,0.0111369557207029,0.0422711721670566,0.00198257541586676,0.0256166991113616,94.0276997816931,93.9846596905835
"21",4,0.291041213048348,0.00526178324697318,0.001,13.7183160330807,3.61816182309709,7.96600523886075,1.74116283574402,16.1163899471092,35.7119986347355,33.6963380539786,9.17038040031387,1.31936116154577,8.37847443766549,13.6393247479293,194.924086682202,0.396110838154377,0.00246331275749312,0.172075038084413,0.172895244400885,0.0294397655821308,0.0373752062084548,0.071010300667629,0.225978711002319,2.03380839902087,0.184891672638261,0.312771898059449,0.243618692195834,0.351588515585588,0.169484033251739,0.000242157023748343,0.00467510593169216,127.296953047385,1417.14703060169,5.19728382399652,71.1880919810534,80.1177348024872,57.7425744613022,791.632099491508,11.053454858237,7.46967301185077,4.55090584644402,1.24643175571984,4.80071437602862,0.221765176449385,2.43848136383274,9459.2326771731,9455.15710672157,50.4237027660982,3.49087635972465,0.894322811949702,12.3080825614969,2.35864733155655,2.15814062749822,56.2140334030383,2.49784548098672,15.1918837094416,0.841424593968275,0.389848826038066,1.16954375789383,0.0779700891964151,0.413283656551575,2.29061963204731,44.2038610747153,1.28642537996276,14.3212689986874,0.0525222140672154,0.719405815168737,0.809646146021108,0.583529389456463,8,0.111702947521577,0.0754863075072251,0.0459901092880616,0.0125960708922285,0.0485146004474784,0.00224109332192903,0.0246425718754867,95.5922093937231,95.5510228834322
"22",4,0.25324580563621,0.00404752557459475,0.001,12.6574219183838,3.3616000281516,7.61568373445525,1.64404374396816,16.0496457560278,37.3451251775016,31.7863802759545,8.91149659300812,1.25478482782228,8.06098485363117,13.0030847585391,198.309746989819,0.497986429182414,0.00260532465193284,0.17424049016156,0.179005030127627,0.0317161048772292,0.0387137394646148,0.0879165086612782,0.231734784646067,2.0856130618146,0.189601187437691,0.319548056966858,0.244885838851561,0.359389877503625,0.17380108848455,0.000257567783606207,0.00493479720021931,110.917386316609,1240.69063701698,4.48085265210345,62.2666731398384,66.9099707381511,52.5416461786751,688.828591330492,9.29099142578909,7.11602934183992,3.81120449165976,1.24122394454605,4.85923020771924,0.220744098866291,2.04141060347911,8373.56615320187,8370.18527365831,55.2353531460547,3.23240190204259,0.780745962444234,11.1460477013439,2.12212364926354,2.0340836012032,60.5594048158433,2.15304589720369,14.8412837435973,0.722608897186552,0.396630699740429,1.18995666559017,0.0793331946512044,0.354799384928572,2.15676087496016,41.3051668537659,1.28818562658521,14.4092815267212,0.0520402632352825,0.723160146643374,0.777087032452153,0.610214463684667,8,0.107904829070388,0.0826449939088052,0.0442630232208952,0.0144154753175804,0.0564347098117225,0.00256370425553814,0.0237087789812681,97.2499255529227,97.2106602891272
"23",4,0.217473370833094,0.00311348121122673,0.001,11.6148476802394,3.10869538296748,7.28940333533342,1.5456810049374,15.9892813886318,38.8631157149221,29.8446416596508,8.61476556077296,1.18831431430891,7.76396960687464,12.3543376454541,201.822946586707,0.629447057374329,0.0027737316438471,0.176444539799614,0.18609669515523,0.0344445461150536,0.04026430309146,0.109898151902707,0.237643405926865,2.13879065334178,0.194435513940162,0.327326038735372,0.246431907772556,0.368305638997805,0.178232554445148,0.000275740947620096,0.00524377585675689,95.3821199618151,1072.05869522428,3.81338737916106,53.7735294654394,55.0287649075133,46.9538487533373,591.527568666016,7.72358616375711,6.78738884699213,3.14782139098952,1.23317134072707,4.91390674155398,0.21920597565902,1.68845664145272,7317.94454367625,7315.18608427977,60.0379947360897,2.97360312700503,0.672851381193729,10.0070761203506,1.89544083051128,1.89056399751495,65.0077865958967,1.83545932192485,14.516803826543,0.612048269948883,0.40364909004218,1.21094341293757,0.0807347969372327,0.300937940275995,2.0178569631046,38.3591961764303,1.28997700211222,14.4988501231405,0.0515734188046156,0.727249681183338,0.744225869730622,0.635018230635983,8,0.104456144705816,0.0917947254738941,0.0425721005442006,0.0166777868833137,0.0664571797069148,0.00296460874888198,0.0228352047261019,98.9701232039523,98.932816954268
"24",4,0.184414780327297,0.00239498554709749,0.001,10.7583080491883,2.89725862741886,7.07546675460252,1.46196143700466,16.120977534567,40.8311295495161,28.14009818393,8.30069173234242,1.12799707846932,7.57634455199881,11.7823503281838,203.927418786479,0.794020879638072,0.00294059542214109,0.178000037030217,0.192951419073323,0.0371460528429634,0.0417094902826659,0.138300753561802,0.241757133496282,2.17581420146654,0.197801291042413,0.335038619096577,0.248188754973451,0.377305423761733,0.181317850122212,0.000293811529068734,0.00556020582543697,80.9631828346294,913.107852067112,3.24255382795065,45.6710417457044,45.0067619497537,41.8325765910524,501.608202490249,6.40680072176484,6.46092570145749,2.58367663598039,1.2173506967868,4.93015545907295,0.216202803579777,1.39718991624078,6270.10253112811,6267.87168970356,64.2864576526505,2.68508076970963,0.577174701447687,8.81229231539062,1.67182355767623,1.74481544682338,69.3727923971825,1.54888977737578,14.0577738958514,0.511054574233039,0.407859496407705,1.22360914521288,0.0815744904231425,0.253335471825211,1.84222841208849,34.8506566821812,1.29125771760007,14.5628854956352,0.0517145263869753,0.728393858297677,0.717799457446131,0.667175319436538,8,0.10218015877664,0.103043381976324,0.0412062900591122,0.0194151641180224,0.0786295827635521,0.00344815419694386,0.0222833663294083,100,99.9644209737644
"25",4,0.154439121215445,0.00184229657469038,0.001,10.1249921061686,2.73621479160562,6.99987607876145,1.39747102142024,16.5487096465037,43.5950755092678,26.7598398595447,7.98523688324092,1.07656558114456,7.52939575708176,11.3163327996284,203.930289531008,0.996612983957753,0.00308598494813891,0.178572376965044,0.198765509100077,0.0394585872832761,0.0428437275216772,0.174853660922598,0.24305702570283,2.18751323132547,0.198864839211407,0.342003839333314,0.250092440067683,0.385775955968579,0.182292769277123,0.000309775276280515,0.0058542479217942,67.8317344302794,766.121664207521,2.7715923715278,38.0704902238949,36.7804244794715,37.4043619498462,420.074409706011,5.32533430033635,6.1258512322866,2.11463671825315,1.19256814856222,4.89261826534171,0.211454406584412,1.16283326400701,5250.93012132514,5249.13578406338,67.6019872575906,2.36423992418754,0.494929837761901,7.56710037104196,1.45130358963917,1.6025422915014,73.4515483969955,1.29435991591302,13.4003806237584,0.42052689096595,0.407862885474903,1.22360684029902,0.0815740258438701,0.211976095903393,1.62660832906317,30.7297422550686,1.29180417303213,14.5902087155214,0.0527828843174236,0.725023745208159,0.700455417033611,0.712337835118756,8,0.101416971418245,0.11666221204141,0.0402716598658429,0.0227115600666433,0.0931762212083483,0.00402698953706603,0.0221452816384758,100,99.9658282014747
"26",4,0.127841231123787,0.00141715121130029,0.001,9.48725095465458,2.57507055303636,6.94166573963874,1.33144184207473,17.0129245154762,46.3508675592055,25.3647169014721,7.63423768553249,1.0237946883359,7.50147008914993,10.8433563096628,203.933203143883,1.25602862249593,0.00325503060417766,0.179021615857798,0.205404611386335,0.0421673804972451,0.0441445195642801,0.222229580888031,0.243983199811922,2.1958487983073,0.199622618027936,0.349814406159584,0.252395539211208,0.395351667945343,0.182987399858941,0.00032829260394543,0.00620084969550897,56.1734016114974,635.369151584773,2.34516637933505,31.3682080521687,29.6969863064998,32.9197331801357,347.7281486567,4.40861239312855,5.82392242194771,1.7148998343816,1.16595575733804,4.84795207753763,0.206328033186725,0.958997171435189,4346.60185820875,4345.17862615521,70.5554002469998,2.06814603335883,0.419835474683942,6.44317458484141,1.25224412120765,1.45322580542138,77.2754807389492,1.075627358406,12.7884530516688,0.342332794594928,0.407868120861554,1.22360147868021,0.0815721320642538,0.175484398873005,1.42695724234539,26.9437995609266,1.29235212802874,14.617606404066,0.0539540186986785,0.721671988266616,0.68322306195162,0.757367116980482,8,0.101426644007035,0.133987943039894,0.0394538053017885,0.0268245354732935,0.111534302788328,0.00474688135507662,0.0220631473210292,100,99.9672564430799
"27",4,0.104725468048297,0.00109011631638484,0.001,8.85227260620016,2.41560360485368,6.90109977846533,1.26458960863515,17.5066999821186,49.0729455574264,23.9737015485658,7.24587344754063,0.970156219293301,7.49154073466912,10.369393710458,203.936122831352,1.58872962120727,0.00345137096385633,0.17933916506615,0.212965341724745,0.0453404159758636,0.0456336390755136,0.283642992063285,0.244528642361991,2.20075778125792,0.200068889205265,0.358507020382396,0.255203834692388,0.406152366003166,0.183396481771493,0.000349765239567193,0.00661045226190591,46.0357122089539,521.452655566248,1.96583208826178,25.5786921068167,23.722882675609,28.5510399556115,284.853273091367,3.6483584610725,5.55349245132764,1.38169665627973,1.13770134554876,4.79466496311523,0.20084654881315,0.784555109841105,3560.66591364209,3559.55098591139,73.1382996197382,1.79972655444713,0.352550685369114,5.44737490540026,1.07560536865872,1.30288785256494,80.7966346786554,0.892128141335939,12.2218917254164,0.276434515240515,0.407873919477729,1.22361688465225,0.081574301004031,0.143884646900706,1.24539716630376,23.5302418661874,1.29289614149353,14.6448071291494,0.0552096752669221,0.718368213339428,0.666248484159066,0.801845515644222,8,0.102462813124209,0.155967804506746,0.0388044452860908,0.0319519262166621,0.13465641201398,0.00564070187106406,0.0220339433372621,100,99.9686876624276
"28",4,0.0850037925175127,0.00083855101260372,0.001,8.22689585764557,2.25930995004572,6.87643883134421,1.1976704143649,18.0239600021429,51.7403598239907,22.6032397768799,6.82009871212633,0.916209755442594,7.49640643320614,9.90039717281007,203.939011808712,2.01599236742256,0.00367912967736986,0.179534041412638,0.221552529326193,0.0490582790228408,0.0473339909025567,0.36326553139679,0.244739049548157,2.20265144593341,0.200241040539401,0.368117492780256,0.258650177495054,0.418290624839926,0.183554287161118,0.000374649206611088,0.00709622565346279,37.3818416569481,424.027616260442,1.63391148377316,20.6683343748356,18.7755137550729,24.4340378403331,231.210315647635,3.02936664923507,5.31057978474635,1.1092851250276,1.10800554501759,4.73084552887181,0.195016731452589,0.637222977075202,2890.12894391866,2889.26490766906,75.3615074606058,1.56005258700819,0.293342731992316,4.57912175770433,0.921094392593551,1.15656052484705,83.9907381781574,0.741404314466676,11.6973562416163,0.222124407690405,0.407876223218496,1.22363403574438,0.0815736704535437,0.116965009319724,1.08278451584287,20.5028757574509,1.29343162054822,14.6715812423062,0.0565342071073766,0.715135371601126,0.649642770565198,0.84543071607828,8,0.104817698665378,0.183748887496515,0.0383818558240508,0.0383375816745545,0.16368977363732,0.00674768272017052,0.0220482542153122,99.9999999419829,99.9701038278
"29",4,0.0684472674436854,0.0006450392404644,0.001,7.61675817545613,2.10750415213506,6.86214376851466,1.13116156830045,18.5558577850622,54.33572541265,21.2719686184408,6.36073442699951,0.862505420827517,7.51206500920512,9.44173873255551,203.941837338403,2.5653459301496,0.00394358372507515,0.179647645495362,0.231289451097758,0.0534184061963851,0.0492727782641435,0.466520308354494,0.244716302955789,2.2024467266021,0.2002224296911,0.37863884947187,0.262885819961625,0.431882600584832,0.183537227216842,0.000403470603984821,0.00767324734911776,30.1130016487041,342.046534494334,1.34752267884863,16.5695441023567,14.7428062485331,20.6618440503684,186.176567446824,2.53324961889637,5.09012000854658,0.890203420077435,1.07724149381627,4.65474511808349,0.188887139959143,0.514180322739414,2327.2070930853,2326.54358054304,77.2502662240913,1.34888914665021,0.242079276506759,3.83236076037419,0.787537212658748,1.01806646042211,86.8551496536738,0.61992748120048,11.2107181508353,0.178238691687231,0.40788547982195,1.22366648707975,0.081577069222586,0.0943712307250527,0.938959651444886,17.8521443620089,1.2939545319442,14.6977265371285,0.0579029980981256,0.711992677900856,0.633497822017541,0.887838650533496,8,0.108853639472966,0.218722262564022,0.038252006996818,0.0462890258893165,0.20001422013167,0.00811647319743794,0.0220943088506033,100,99.9714888913741
"30",4,0.0547398860428365,0.00049618403112646,0.001,7.02724641130199,1.96132928331817,6.85523387522734,1.06579537808926,19.0962534326453,56.8433132976024,19.9957655088042,5.86903277555812,0.809513082965623,7.53286473699954,8.9990884876056,203.944564136627,3.27246452075272,0.00425027081363271,0.17970272886752,0.242303249590293,0.0585321128973114,0.0514769798949535,0.600445785448879,0.244556482354422,2.2010083411898,0.200091667380891,0.390040236185349,0.26815433058507,0.447062097214423,0.183417361765817,0.000436831455846636,0.00836261914398602,24.0919454632269,274.019209319872,1.10366825428971,13.1947969055359,11.4999833014128,17.2866471789334,148.892490036515,2.14033144739026,4.88461276561908,0.71636335213621,1.04576552209904,4.56334258030335,0.182476172767384,0.412348157279456,1861.15612545644,1860.65036664915,78.8400367643194,1.16465584774697,0.198332197060313,3.19714216789529,0.67311832091549,0.889864389281107,89.4018681274149,0.523431929846312,10.7510734406098,0.143338337579499,0.407890631234004,1.22368007485159,0.0815781804890481,0.0756318111371939,0.813011539841021,15.5599103764048,1.29446128316175,14.7230640982723,0.0593001435609836,0.708957014678171,0.617894605622754,0.928812308784353,8,0.115000102254471,0.262450457476862,0.0384902342333331,0.0561890272285766,0.24518859637228,0.00980445274157925,0.0221554845205869,100,99.9728255571699
