"","convergence","mu","x_C","x_W","C","AA","NT","ATP","LIP","rRNA","mRNA","tRNA","DNA","TC","p","tau tC","tau FERM","tau ATPS","tau EAA","tau ENT","tau LIPS","tau rRNAp","tau mRNAp","tau tRNAp","tau DNAp","tau tRNAc","tau r","v tC","v FERM","v ATPS","v EAA","v ENT","v LIPS","v rRNAp","v mRNAp","v tRNAp","v DNAp","v tRNAc","v r","p tC","p FERM","p ATPS","p EAA","p ENT","p LIPS","p rRNAp","p mRNAp","p tRNAp","p DNAp","p tRNAc","p r","f tC","f FERM","f ATPS","f EAA","f ENT","f LIPS","f rRNAp","f mRNAp","f tRNAp","f DNAp","f tRNAc","f r"
"1",4,1.00575836362165,0.1,0.001,5.86005002123459,3.45769431366571,9.64059712263401,20.8803832693683,19.3141977594068,47.4881613563666,14.2450541536927,2.9505686574133,10.9794511080103,18.1568241698365,147.027018018672,0.0431774497981127,0.00112995665660834,0.0102460277014179,0.131442674169551,0.0133953895419001,0.0218786851410631,0.163057660943338,0.244586491415008,0.163057660943338,0.175280027125474,0.000333538145480205,0.00392729023655694,301.72750903651,1.36415389228075e-18,1838.17377518399,213.975890918903,373.846753678706,107.918977406478,47.7616154571803,14.3270823553198,21.0367118411426,11.0426747798564,14806.5878079742,14787.3653050631,13.0278243741335,1.54143477122082e-21,18.8339794205551,28.1255633101926,5.00782289450105,2.36112532742183,7.78789729932301,3.50421080550152,3.43019702675575,1.93556033495102,4.93856183836154,58.074275386975,0.999999999834336,4.52114524264241e-21,6.09216501587544,0.709169314944905,1.23902111150076,0.357670328877904,0.158293871187889,0.0474835138456422,0.0697208945410148,0.0365981703600345,49.0727141612059,49.009006006224
"2",4,1.00012575828171,0.0930232558139535,0.001,5.70309700576352,3.42417739725635,9.59329342388902,20.8368418275914,19.6256832160182,47.3598131705056,14.2177015354535,2.95113285915889,10.9297231885112,18.1026465712243,147.255889740077,0.044445838170308,0.00113122047033372,0.0102576255704154,0.132570776245158,0.0135625898073485,0.0220714153657958,0.163606594482535,0.245409891723803,0.163606594482535,0.175948367121287,0.000335698328632868,0.00393609654956818,300.037727419958,1.428606580609e-18,1830.84449106798,212.797678218081,370.707087881536,109.045285045649,47.3657690592323,14.2194895291685,20.8658489793112,10.931097691719,14746.4986525943,14727.4408387743,13.3354282778945,1.61606900803835e-21,18.7801172670331,28.2107533845384,5.02774817161394,2.40678377992413,7.74935217082722,3.48960338572099,3.41379049249198,1.92330878970124,4.95037495086274,57.9686290694691,0.99999999978484,4.76142314696984e-21,6.1020475872071,0.709236401709063,1.23553491419065,0.36343857807441,0.157866043901685,0.0473923384515116,0.0695440841865066,0.0364324106283708,49.1488146381704,49.0852965800258
"3",4,0.994366299985676,0.0865332612222823,0.001,5.54911341425636,3.39064237807666,9.54496200323351,20.7923216580408,19.9409281352454,47.2278322589944,14.1895193221744,2.95149897320357,10.8788626406948,18.0470276941492,147.48729145007,0.0457614837387425,0.00113252934058184,0.0102695895697721,0.133735633374754,0.0137358784029358,0.0222717323933808,0.164174106545073,0.24626115981761,0.164174106545073,0.176639493863248,0.000337908604264503,0.00394520778477288,298.309889924246,2.71845428411571e-18,1823.27205961456,211.590141459098,367.504851275982,110.158816267357,46.9617648197204,14.1095798269658,20.6913287815343,10.8175743920801,14684.5290779946,14665.6392294115,13.6511031768745,3.07872923779145e-21,18.7242557262746,28.2971415838863,5.04800194961588,2.45342767667818,7.70990578105745,3.47464149272776,3.39698041593875,1.91081086544507,4.96202872502667,57.8589940565449,0.999999999760462,9.11285336250457e-21,6.11200674453277,0.709296434865589,1.23195664508902,0.36927644694899,0.157426107529981,0.0472983977405814,0.069361859849274,0.0362628754689828,49.2257533875467,49.1624304833567
"4",4,0.988479400474042,0.0804960569509603,0.001,5.39811319768977,3.35712220831135,9.49559868340151,20.7468332338483,20.2598707341121,47.0921812977158,14.1604955001536,2.95166283924857,10.8268623584497,17.9899520371869,147.721307989984,0.0471262776290729,0.0011338848635087,0.0102819322358058,0.134938538721813,0.0139154478457358,0.0224799361638093,0.164760794111251,0.247141191166877,0.164760794111251,0.177354151078244,0.000340168149379222,0.00395463127077668,296.543820221391,9.26566947870205e-19,1815.45429911634,210.353267019168,364.240506754146,111.258138205204,46.549651136181,13.9973581024072,20.5131686337611,10.7021304130954,14620.6656243436,14601.9469959181,13.9750064009391,1.05062023721748e-21,18.6663780807166,28.3847624669259,5.0685697750417,2.50107584455726,7.66955748679891,3.45932375461825,3.3797659538365,1.89806725414318,4.97348476812537,57.7453162042811,1.000000000267,3.12455321923706e-21,6.12204394698129,0.709349690437959,1.22828560911999,0.375182791372447,0.156973937659053,0.0472016516671786,0.06917415653418,0.0360895411948324,49.3035586353883,49.2404359966613
"5",4,0.982464529950287,0.0748800529776375,0.001,5.25013205465942,3.32360476017959,9.44521865415444,20.7003624635959,20.582451698129,46.9528320156042,14.1306242184062,2.95160527881535,10.7737214698535,17.9314211686211,147.958026295619,0.0485423973087422,0.00113528830927138,0.0102946557271834,0.136180288251305,0.0141015714949912,0.0226963084434949,0.165367142054174,0.248050713081261,0.165367142054174,0.178092933973744,0.000342480153327436,0.00396437508401364,294.739359061363,2.27828247600893e-18,1807.38914414033,209.087020151417,360.914620693779,112.341826293482,46.1294920360454,13.8828370806406,20.331390812412,10.584799199695,14554.8954707106,14536.3512756898,14.3073550700807,2.58650746023079e-21,18.6064490039734,28.4735306738265,5.08946332730096,2.5497447406624,7.62830226241159,3.44364763744386,3.36214399263506,1.88507794499661,4.98476283247377,57.6275488098145,1.00000000025879,7.72982096403424e-21,6.1321608025611,0.709396331970707,1.22452129208858,0.381156512928315,0.156509440052014,0.0471020807280206,0.0689809154855385,0.0359124048995118,49.3822593657981,49.3193420985398
"6",4,0.976321221732486,0.0696558632350116,0.001,5.10516989922971,3.29012299908266,9.39381657512497,20.6529205212077,20.908606352909,46.8097505432997,14.0998940443079,2.9513231847254,10.7194345602596,17.8714198476598,148.197541559789,0.0500119290152226,0.00113674142521033,0.0103077739583344,0.137462272968516,0.0142944598365896,0.0229211752470695,0.165993797719686,0.248990696579529,0.165993797719686,0.178856652366379,0.000344843694276175,0.00397444686175419,292.896366605268,2.84757289527255e-18,1799.07466741446,207.791426142316,357.527776350831,113.40842277331,45.7013528394273,13.7660257796373,20.1460201649925,10.4656114461541,14487.2070585612,14468.8404833404,14.6483122954793,3.23695407136242e-21,18.5444550058739,28.5634817408922,5.11066643951214,2.59945433288078,7.58614111874388,3.42761234800364,3.34411439612449,1.87184422822638,4.99582200181812,57.5056376522344,1.00000000029199,9.72211751585719e-21,6.1423591176341,0.70943668100542,1.22066306454753,0.38719641394276,0.156032501810999,0.0469996468143596,0.0687820760782103,0.0357314485341987,49.4618872562373,49.3991805199297
"7",4,0.97004907391379,0.0647961518465225,0.001,4.96323294792849,3.25669295825463,9.341397748394,20.6045123093261,21.2382652299469,46.6629093389616,14.0682954952617,2.95080705193342,10.6639990530289,17.8099400230984,148.439947951254,0.0515371561231979,0.00113824583590981,0.0103212963768337,0.138785717191995,0.0144943579429386,0.0231548620246054,0.166641365064687,0.24996204759703,0.166641365064687,0.179646056700218,0.000347259364368443,0.00398485460197195,291.014722278309,6.80146998719328e-16,1790.50901803426,206.466513663566,354.080656120601,114.456441765808,45.2653119903828,13.6469370167241,19.9570854125687,10.3446024056082,14417.589210325,14399.4034041925,14.9980711762063,7.74174489098832e-19,18.4803742405251,28.6546031749289,5.13217177048253,2.65022311691458,7.54307338015633,3.41121632012807,3.325675955863,1.8583670302991,5.00664286490277,57.3795289208469,1.00000000035796,2.3371566690442e-18,6.15264067967963,0.709471026486493,1.21671045875379,0.39330120796198,0.155543031129872,0.0468943183175389,0.068577580073859,0.0355466635100963,49.5424736680428,49.4799826504179
"8",4,0.963647752250297,0.0602754900897883,0.001,4.82440078804931,3.22336276564953,9.28812766373648,20.5553101367962,21.5717513485731,46.5125918949643,14.0358908607947,2.95005503128607,10.6075681089031,17.7471182011779,148.683823038815,0.053120472068464,0.0011398007330926,0.0103351936381569,0.140151185794375,0.0147013606380974,0.023397570894975,0.167308553751841,0.250962830627761,0.167308553751841,0.180459575014114,0.000349725137059863,0.00399558294387897,289.094325519697,1.92517619270537e-18,1781.67966347338,205.111385869549,350.576927997813,115.486498328638,44.8217546309177,13.5256546788353,19.7647637206251,10.2219591649864,14345.8852610109,14327.8831867335,15.3568270439205,2.19431723577799e-21,18.4140043231635,28.7466039495449,5.15395784989217,2.70210353205671,7.49906294391871,3.39443658429414,3.30681403334463,1.84465040672508,5.01711668915209,57.2482456828027,0.999999999462485,6.65933580055478e-21,6.1629700247932,0.709496408795211,1.21267315496128,0.399476876825428,0.155041972983214,0.0467863028693158,0.0683678715397497,0.0353585603630105,49.6235449364513,49.5612743462717
"9",4,0.957116995742573,0.056070223339338,0.001,4.68849757024063,3.1900870820694,9.23367722070072,20.5049670975868,21.908231677156,46.3581294081796,14.002530137093,2.94904631733957,10.5498237897797,17.6826547293949,148.932354985331,0.0547642697770344,0.00114141310867509,0.0103495572403748,0.141561560744281,0.0149160516016502,0.0236499488628709,0.167999957676972,0.251999936515458,0.167999957676972,0.181302862220931,0.000352246260303303,0.00400668862260995,287.135098737007,1.02617556451467e-15,1772.60711414289,203.728021568137,347.011350748638,116.493004915955,44.3701535474022,13.4020595776093,19.5688004663698,10.0974156512875,14272.3839428967,14254.5688172427,15.7247440096888,1.17129024113911e-18,18.3456987925174,28.84005670053,5.17603921412503,2.7550536091445,7.45418391808432,3.37731816273392,3.28755765013923,1.83069035861285,5.02739386949828,57.1136187002567,1.00000000004958,3.57384231004599e-18,6.17342540855423,0.709519743404257,1.20852989513371,0.405707994021408,0.154527098027265,0.0466751004569766,0.0681518927968586,0.0351660792992658,49.706162731003,49.6441183284437
"10",4,0.950456611862006,0.0521583472924074,0.001,4.55563162408494,3.15688131748282,9.17822971009765,20.4536649729623,22.2480212996591,46.1998186446336,13.968276926057,2.9477619372301,10.4909259706542,17.616701499324,149.184084097848,0.0564715358707673,0.00114308186797872,0.010364353588428,0.143016834185031,0.0151385904359726,0.0239121670964115,0.168714235746517,0.253071353619775,0.168714235746517,0.182174276381706,0.000354824121011994,0.00401815619516645,285.136981657721,1.02646996701113e-15,1763.27865172912,202.31550101968,343.387853261162,117.476549695043,43.9109230976176,13.2762411606904,19.3693785540442,9.97116995336317,14196.9250804001,14179.2999115377,16.1021232877663,1.17333920731514e-18,18.2752434214472,28.934522462393,5.19840807120859,2.80911888621776,7.40839783133861,3.35983632151848,3.26788989963054,1.81649067093294,5.03741146272607,56.9746417826683,0.999999993333446,3.59991872748479e-18,6.18397034899798,0.709537915757952,1.20429082532743,0.412000394438132,0.153999395482112,0.0465609230868566,0.0679300815780124,0.0349697532355142,49.7898410203329,49.7280280326159
"11",4,0.943666499067401,0.0485193928301464,0.001,4.42571014711243,3.12376727900228,9.12165200972495,20.4012882626555,22.5906870173201,46.0373233066998,13.9330376294473,2.94620351016377,10.4307147996003,17.5490964316786,149.440517564668,0.0582449232571235,0.00114481133116363,0.0103796327296231,0.144519500893378,0.0153693459467036,0.0241847558924941,0.169454015586706,0.254181023380059,0.169454015586706,0.183077032725203,0.000357458041462761,0.00403001914446459,283.099947793321,4.31478063231146e-18,1753.70268770179,200.874802209244,339.704650625759,118.433747384232,43.4438797112675,13.1481408411549,19.1664069498587,9.84311611770938,14119.6331022665,14102.2010029071,16.4891347333176,4.93960975935552e-21,18.2027898152975,29.0303261573359,5.22103829517138,2.86429126992097,7.36173986974011,3.3420078945499,3.24782462202251,1.80204849159985,5.04717639490896,56.8321400208032,0.999999993193571,1.52411918001951e-20,6.194641466503,0.709554354946948,1.19994599420268,0.418346055876298,0.153457744355666,0.0464434587648243,0.0677019087032699,0.0347690493320011,49.8750816318426,49.8135058548893
"12",4,0.936746630141411,0.0451343189117641,0.001,4.29881950004953,3.09082426180242,9.06423468952617,20.3481211554529,22.9368901674514,45.8712344748996,13.8969575925436,2.94437994527428,10.3694996112575,17.4801161222227,149.698922591849,0.0600870717592927,0.00114659905529747,0.0103953316926275,0.14607012469128,0.0156083207450678,0.0244679079030084,0.170216281734233,0.255324422601349,0.170216281734233,0.184007478979907,0.000360142930280834,0.0040422395772613,281.023989147645,2.6567513242936e-16,1743.85821187391,199.404336453695,335.968224212031,119.36696983491,42.9697243147888,13.0179281940333,18.9602153385939,9.71359381709817,14040.2323798683,14022.9961273715,16.8859086019972,3.04622855859535e-19,18.1279845373415,29.1270162897732,5.24389980365225,2.92066002458176,7.31414670000841,3.32379499960737,3.22733735581582,1.78737391011904,5.05649043110961,56.6843099378428,1.00000000037442,9.45382397191912e-19,6.20537135571957,0.709563397534694,1.19551439489856,0.424757225323173,0.152904114916332,0.0463231919751452,0.0674683161505178,0.0345649987041918,49.9609746047294,49.8996408639497
"13",4,0.929697049535951,0.0419854129411759,0.001,4.17491175091987,3.05800092772295,9.00584198720114,20.294033127787,23.2861718798428,45.7012216061688,13.8599551641016,2.9422579185578,10.3071280878033,17.4096272326175,149.960847615943,0.062001552580667,0.00114844910317182,0.0104115000261289,0.147670029998818,0.0158560193281023,0.0247620830117785,0.171003672921637,0.256505509382456,0.171003672921637,0.184968856035402,0.000362885501775137,0.00405484992050259,278.909112349365,5.44456244298642e-18,1733.75416600951,197.905085752198,332.176875261002,120.272696064871,42.4882908874438,12.8855594227658,18.750712008369,9.58250657241985,13958.8533143628,13941.8157574453,17.2927979945563,6.25280285481074e-21,18.0509815447091,29.2246499499457,5.26700295448707,2.97820248400875,7.26565379791582,3.30521698341445,3.20644062332694,1.77246527865222,5.06546548918808,56.5319705157386,0.999999990995561,1.95209197293678e-20,6.21619758420194,0.709568369075999,1.19098608672866,0.431225405182274,0.152337405353896,0.0461998505470053,0.0672287530571678,0.034357093626011,50.0480356166569,49.9869492053143
"14",4,0.92251792410933,0.0390561980848148,0.001,4.05391429365171,3.02535337282667,8.94647858939757,20.2390096734158,23.6384980165195,45.5272581642461,13.8220230243666,2.93984311038997,10.243601767335,17.337615032325,150.226405206821,0.0639909620661467,0.00115036408386624,0.0104281480765444,0.149321847079945,0.0161127161691021,0.0250678214079196,0.171817014598892,0.257725521898339,0.171817014598892,0.185962198542809,0.000365682112314483,0.00406786170396387,276.755377464624,3.80257481238414e-18,1723.38977376392,196.377242787931,328.331664423556,121.149656218123,41.9997116920699,12.75106398743,18.5379579538354,9.44990623780454,13875.4912116,13858.6551477804,17.7098428609408,4.37434549038111e-21,17.9717637544124,29.3234126175607,5.29031491818562,3.03695794570675,7.21626507694564,3.28627462091952,3.18513659238779,1.75732534000553,5.07401893565894,56.3750925440977,1.00000000083765,1.37398407590307e-20,6.22712299575032,0.709569746219398,1.18636056038533,0.43774996326888,0.151757527214154,0.0460734100812219,0.0669831897728288,0.03414533922445,50.1363021392293,50.0754684022738
"15",4,0.915209477864367,0.0363313470556417,0.001,3.93584238217941,2.99285268982713,8.88615731548663,20.1830758196049,23.9937726939054,45.3493223358142,13.7831505092005,2.93711692018093,10.1789210550409,17.2640819452091,150.495706616456,0.0660592839420228,0.00115234579884424,0.0104452892179039,0.151026192224371,0.0163787995989018,0.0253854725506839,0.172657134933026,0.258985702399539,0.172657134933026,0.186988536128029,0.000368537298661414,0.00408128469646381,274.562843618228,2.38111883357745e-18,1712.76416211969,194.82094892219,324.433809971868,121.996267662142,41.5041296164634,12.6144699808514,18.3220102297982,9.31584502400664,13790.1415509306,13773.5097073276,18.1374248465057,2.74387228442187e-21,17.8903170354011,29.423066081257,5.31383635663741,3.09693290402319,7.16598410746753,3.26696736838871,3.16342579249055,1.74195622383459,5.08218151533849,56.2136143851117,1.00000000094302,8.67240011228093e-21,6.23814985729244,0.709567786152457,1.18163771179807,0.444329123961212,0.151164407786047,0.0459438350306684,0.066731572290067,0.0339297368501365,50.2258112649422,50.1652355388187
"16",4,0.907772052923157,0.0337966019122248,0.001,3.82067132053102,2.96051643482125,8.82486131786488,20.1262096388669,24.3521853842551,45.1672554247547,13.7433019570951,2.93406539182399,10.113064193537,17.189004275091,150.768864848861,0.0682097133685783,0.00115439684526734,0.0104629430777194,0.152784622273439,0.0166545961850677,0.0257155065605517,0.173525255127458,0.260287882691188,0.173525255127458,0.188049390358825,0.000371451480419835,0.00409513885112046,272.331616047156,5.9440130259074e-16,1701.87728102588,193.236284785748,320.483828106555,122.81240733017,41.0015721818342,12.4757854315351,18.1029108131928,9.18035704431079,13702.8011410203,13686.3761960745,18.5756614717782,6.86174988533549e-19,17.8066451166377,29.5235327805132,5.33752874095933,3.15818326641612,7.11480827347968,3.24729577488383,3.14131221740891,1.72636054545899,5.08992576973059,56.0476108915949,1.00000000062501,2.18263788681561e-18,6.24928279276569,0.709562436089175,1.17681462387153,0.450966396004724,0.150557518082516,0.0458110065236504,0.0664737759326946,0.0337102139784568,50.3166005786559,50.2562882829538
"17",4,0.900206087604034,0.0314386994532324,0.001,3.70832717065572,2.92837176544036,8.76265846435982,20.0684744308293,24.7131295932627,44.9813189293088,13.7025281613733,2.93069695144084,10.046086659564,17.1124239067595,151.045984171538,0.0704465143039309,0.00115651926092412,0.0104811063952475,0.154599714827197,0.0169404856159269,0.0260584610563663,0.174421542135463,0.261632313203194,0.174421542135463,0.189144981717809,0.000374423200050957,0.00410941725083345,270.06182646533,1.28307663290269e-16,1690.72744687918,191.623732720072,316.484582920981,123.593942797792,40.4924571286224,12.335099266434,17.8807845882439,9.04354836753722,13613.4669282251,13597.2514459361,19.0249143210355,1.48390283919362e-19,17.7206942561058,29.6249744326462,5.3614025246355,3.22066794519902,7.06275681722842,3.22726055466814,3.11879402247352,1.71054179064195,5.0971978510539,55.8767796558498,1.00000000068177,4.75104775291954e-19,6.260519934123,0.70955505025926,1.17189677370926,0.457650548023384,0.149937729764363,0.0456750938712444,0.0662099669341087,0.0334869555318801,50.4087049831679,50.3486613905126
"18",4,0.892512124475843,0.0292453018169604,0.001,3.59879413336981,2.89642021081976,8.69953365990916,20.0098551406549,25.0767847268973,44.7913602485369,13.6607924093633,2.92699467361359,9.97796860225834,17.034318032993,151.327178385421,0.0727734476290407,0.00115871571203618,0.0104998001223767,0.156472834308583,0.017236846790718,0.0264148156841586,0.175347277087526,0.26302091563129,0.175347277087526,0.190276908296427,0.000377454293619673,0.00412414021510511,267.753637542531,2.25584522453657e-16,1679.31490543126,189.983401235024,312.436733523088,124.340746731258,39.9768320935845,12.1924228553043,17.655678501873,8.90545795515485,13522.1376580935,13506.1341471707,19.4853553191866,2.61388330559231e-19,17.6324708495561,29.727241262829,5.38542410752986,3.28443790693684,7.00982865419528,3.20686222316601,3.09587515043621,1.69450300667068,5.10398891796366,55.7011909869511,1.00000000074613,8.42507779511075e-19,6.27186589170985,0.70954554761781,1.16688137880695,0.464384902349951,0.14930453416179,0.0455359746978778,0.0659400136524454,0.0332598953408611,50.5021623320983,50.4423927951405
"19",4,0.884690815251701,0.0272049319227538,0.001,3.49203600993174,2.86467241574606,8.63549774898291,19.9503580937984,25.4430883529375,44.5973530989804,13.6180852008247,2.92294896236598,9.90871261968548,16.9546844245666,151.612563324889,0.0751947145277794,0.00116098879879915,0.0105190380171175,0.158405797204248,0.0175440725417879,0.0267850931502387,0.176303467875908,0.264455201813863,0.176303467875908,0.191446430709722,0.000380545482387291,0.00413932053477651,265.407244799079,1.99179433234935e-15,1667.63955419975,188.315544376336,308.341686591299,125.051480986007,39.454868671205,12.0477948984847,17.4276685959818,8.76614704560436,13428.8133340674,13413.0242250296,19.9572220062712,2.31245090936924e-18,17.541963869476,29.8302739328856,5.40956891721499,3.34951556678552,6.95603017132197,3.1861020312908,3.07255841046366,1.67824756295753,5.11027424810156,55.5208066081199,1.00000000084236,7.50467205797268e-18,6.28332341442658,0.709534303321397,1.16176816154532,0.471168302832176,0.148657843663268,0.0453936173360823,0.0656638767485622,0.0330290420656183,50.5970112290842,50.5375211082962
"20",4,0.876742923752941,0.0253069134165152,0.001,3.38801820503008,2.83312578310627,8.57056407198624,19.8899945367716,25.8119535458379,44.3992964968372,13.5744047963114,2.91855243741068,9.83833020571686,16.8735288836189,151.902230842174,0.0777148628978915,0.00116334114983069,0.0105388341347142,0.16040027246092,0.0178626060400213,0.0271698216935889,0.177291087948469,0.265936631922704,0.177291087948469,0.192654776285714,0.000383698649840323,0.00415496937963954,263.022876954742,1.32440760891141e-15,1655.70126084808,186.620430488558,304.201065028891,125.724708997517,38.9267690232108,11.901263349324,17.1968435914232,8.62568638940708,13333.4929646293,13317.9205993162,20.4407868215468,1.54073787059551e-18,17.4491609647151,29.933967897139,5.43382378156598,3.41591792594089,6.90136923044382,3.16498189074436,3.04884710960309,1.66177968166195,5.11604324818371,55.3355522906295,0.999999999349334,5.03533237634515e-18,6.2948944933625,0.709521667954541,1.15655743847445,0.477999139737739,0.147997654989457,0.0452480159877048,0.0653815507583884,0.0327944340190562,50.6932823118953,50.6340769473914
"21",4,0.868669333182315,0.0235413148060607,0.001,3.28668715345632,2.80180983836247,8.50475391867844,19.8287857929604,26.183289868153,44.1971690035664,13.5297372916589,2.91379727550378,9.76682448980112,16.7908497419674,152.196295399082,0.0803383663588597,0.00116577563023825,0.0105592011292148,0.162458700550573,0.0181928343272353,0.0275696062947044,0.178311177225786,0.26746676583868,0.178311177225786,0.193903236978135,0.0003869125300766,0.00417110044138307,260.60079975767,1.03473941693522e-16,1643.50022232904,184.898384417634,300.016467375904,126.359005279376,38.3927253268741,11.7528678712773,16.9632889405322,8.48414091686424,13236.1788081865,13220.8254437139,20.9362425243435,1.20627399591002e-19,17.3540494034816,30.0383512663892,5.4581498864122,3.48366802734288,6.84585204994119,3.14350155885986,3.02474402060746,1.64510238675862,5.1212434312217,55.1453908437237,0.99999999924396,3.97059186738917e-19,6.30658164754202,0.709508122959635,1.1512492188361,0.484875738299131,0.147323896678555,0.0450991243055298,0.0650930041023714,0.0325560816326704,50.7910137286132,50.7320984663606
"22",4,0.860471046519059,0.0218988974940099,0.001,3.18799999066085,2.77073630341657,8.4380851968072,19.7667468622468,26.5570211700288,43.9909542067985,13.484072780128,2.90867427710495,9.69420137885115,16.7066485555068,152.494859658657,0.0830701196645263,0.00116829512729022,0.0105801527691959,0.164583190361572,0.0185351934819665,0.0279850424308538,0.179364830213449,0.269047245320173,0.179364830213449,0.195193180282288,0.000390187569114338,0.00418772750833267,258.141314282874,1.66117534724405e-15,1631.03678037585,183.149728307086,295.789559813878,126.953043325575,37.8529424036959,11.6026542164559,16.7270953933088,8.34157960562655,13136.8733451539,13121.7411479261,21.4438298678364,1.94074306375987e-18,17.2566183085539,30.1433665986353,5.48251672109594,3.55278630419224,6.78948658731837,3.12166215533995,3.00025262518499,1.62821945180012,5.12584467630855,54.9502763623911,1.00000000126735,6.43513942727127e-18,6.31838722512912,0.709494057733448,1.14584355088786,0.491796688333867,0.146636514022662,0.0449469092670933,0.0647982112471086,0.0323140045961705,50.890239705712,50.8316198862189
"23",4,0.852149188099823,0.0203710674362883,0.001,3.09192987610166,2.7398699131586,8.37056006296955,19.7038730462457,26.9330668673532,43.7806592616028,13.4374248343149,2.90317908155728,9.62047790595238,16.6209345078862,152.798024380337,0.0859156822391097,0.00117090261529849,0.0106017077089872,0.166774961737027,0.018890268015882,0.028416685240116,0.180453214551425,0.270679821827138,0.180453214551425,0.196526097929304,0.000393528874079675,0.00420486215990256,255.644756206241,1.49769461785005e-17,1618.31148160336,181.374779795026,291.522154572333,127.505505911407,37.3076532442498,11.4506906627139,16.4883679031256,8.19808243668961,13035.5802059449,13020.6712418961,21.9638936403101,1.75365454495909e-20,17.1568653100568,30.2487719603772,5.50693163243876,3.62328382786621,6.73228595529479,3.09947090838106,2.97537899082556,1.61113715178537,5.12987720142081,54.7501278015806,0.999999999124934,5.85849926579837e-20,6.33031361254155,0.709479757488112,1.14034083328526,0.498760497543578,0.145935530872009,0.0447914161143831,0.0644971879469933,0.0320682596865079,50.9909938618945,50.9326747934457
"24",4,0.843705017434277,0.0189498301732914,0.001,2.99841620698659,2.70926017532065,8.30220879898094,19.6401895768466,27.3113409479379,43.5662662083045,13.3897655376604,2.89730047003758,9.54566050800623,16.5337098252841,153.105881447036,0.0888802192084669,0.00117360127582213,0.0106238769582814,0.169037025362005,0.0192584294328515,0.0288652302743583,0.181577453225426,0.27236617983814,0.181577453225426,0.197903382508257,0.000396933154375066,0.00422252062659399,253.111504979198,6.63565639423583e-17,1605.32496916752,179.573932594886,287.216037098729,128.015085503519,36.7570773908239,11.2970123663926,16.2472032595966,8.05372166532908,12932.3037995945,12917.6200375562,22.4966060467361,7.78761481019242e-20,17.0547749504927,30.3546433983966,5.53132978244914,3.69518492165074,6.6742565006357,3.07692410181858,2.9501257899134,1.59385875934866,5.1332601405097,54.544917055085,0.999999999008006,2.62163365043349e-19,6.34236269784332,0.709465705367711,1.13474113647034,0.505765573109961,0.145220887361015,0.0446325517922012,0.0641899041484297,0.0318188683600208,51.0933068326096,51.0352938156788
"25",4,0.835139922440317,0.0176277489984106,0.001,2.9074172487742,2.67889880909491,8.2330460413198,19.575708450734,27.6917605198992,43.3477730660811,13.3410973182765,2.8910328728827,9.46976132332751,16.4449809381601,153.418523077548,0.0919696075202668,0.00117639436653541,0.0106466773581158,0.171371365626226,0.0196402306669646,0.0293313281175277,0.182738790266991,0.274108185400487,0.182738790266991,0.199326603219362,0.000400402764239069,0.00424071685190535,250.541976453239,2.19049268436708e-16,1592.07816181473,177.747568630396,282.873130984283,128.480526293469,36.2014558363674,11.1416829796541,16.0037101259814,7.90857573709205,12827.0500412368,12812.5933463892,23.0422472417563,2.57688325382646e-19,16.9503425177435,30.4608435729323,5.55569354201779,3.76850447342638,6.61541024544168,3.05402650386048,2.92449862820543,1.57638953797762,5.13598629354407,54.3345805206429,0.999999998886987,8.74301669100894e-19,6.35453660332994,0.709452248077622,1.1290448597632,0.512810379998133,0.144492576886937,0.0444703243942549,0.0638763624951126,0.0315658710777584,51.1972093800184,51.1395076925161
"26",4,0.826455428343459,0.0163979060450332,0.001,2.81888647016371,2.6487916944035,8.16308950195537,19.510441344724,28.0742409788288,43.1251725206727,13.2914140982134,2.88436895935078,9.39279158873716,16.354753744335,153.736048720877,0.0951899632544432,0.00117928530280622,0.0106701249714915,0.173780297354547,0.0200362029335848,0.0298156717387979,0.183938521835572,0.275907782753358,0.183938521835572,0.200797390991494,0.000403938698560075,0.00425946642361396,247.936628190852,1.64367812952878e-15,1578.57224139861,175.896107134144,278.495378311268,128.900604742086,35.6410329279581,10.9847613318292,15.7579987106971,7.76272359581061,12719.8270681772,12705.5991997443,23.6010785269178,1.9383654606973e-18,16.8435630922507,30.5672778012788,5.57998991591002,3.84325811792257,6.55575891346156,3.03078114313983,2.89850298993248,1.55873464502688,5.13803039182869,54.1190731832072,0.999999998740865,6.62942841262616e-18,6.36683757026756,0.709439779818532,1.12325226003408,0.519893351459793,0.143750575068909,0.0443047136607113,0.063556558003708,0.0313093052957905,51.3027346744828,51.2453495736255
"27",4,0.817653199819974,0.0152538660884029,0.001,2.73277698596811,2.6189563626938,8.0923843894023,19.4444170231828,28.4584668834236,42.8985810602056,13.2407301137794,2.87730306773284,9.31479199729005,16.2630558658307,154.058535574566,0.0985482932463184,0.00118227716662052,0.010694225722511,0.176266351063583,0.0204468461745648,0.0303189511809705,0.185177534977307,0.27776630246596,0.185177534977307,0.202316876614293,0.000407540629756206,0.00427877732409188,245.295959393322,5.10747467624918e-16,1564.8079951301,174.020082880591,274.085366206935,129.273091717789,35.0761620716136,10.8263253454844,15.5102016259689,7.61626948224169,12610.6428673887,12596.6454572124,24.1734981384301,6.03845068882195e-19,16.7344099123111,30.6738850211441,5.60418132153245,3.91942455680476,6.49531722888592,3.00718836050871,2.87214090409794,1.5408998530999,5.13934933580621,53.8982409419452,0.999999997746926,2.08216828249993e-18,6.37926525766926,0.70942906242282,1.1173660025517,0.527008645989326,0.142995270200685,0.0441357670459313,0.063230562906066,0.0310493066576335,51.4099085454374,51.3528451915222
"28",4,0.808735047844581,0.014189642872933,0.001,2.64902857923038,2.58937844778628,8.0208984915568,19.3776157423982,28.8448233350842,42.6677693516063,13.1890049778814,2.8698292160577,9.23572663224273,16.1698595418947,154.386066103649,0.102049933351051,0.00118537482965959,0.0107190166235631,0.178832220576888,0.0208728627513341,0.0308420458150007,0.186458067246246,0.279687100869369,0.186458067246246,0.20388786107802,0.00041121154265156,0.00429868104052598,242.620514692547,4.51929199328501e-16,1550.78801287863,172.119765269983,269.644117292397,129.598997666488,34.5069204879929,10.6664105718093,15.2604095761841,7.46925581980629,12499.5076579295,12485.7422556871,24.7594073539722,5.35705497672217e-19,16.6229224896684,30.7805598284038,5.62824465194883,3.99709822360798,6.43409370081103,2.98325744951173,2.84542647496138,1.52289059294486,5.13994182640216,53.6722235114162,1.00000000139795,1.8626998649845e-18,6.39182559237311,0.70941967017386,1.1113821846889,0.534163395094151,0.142225897838688,0.0439633499262712,0.0628982657004735,0.0307857554408091,51.5187583838194,51.4620220345495
"29",4,0.799702923194454,0.0131996677887749,0.001,2.56761518885505,2.56006193039953,7.94868164847378,19.3100798796514,29.2329939516064,42.4328485911033,13.1362461745172,2.86193847084206,9.15563166155186,16.0751897444491,154.718713183222,0.105703270768966,0.00118858115652385,0.0107445051401397,0.181479685419303,0.0213147817270498,0.0313855840440103,0.187781164781472,0.281671747172209,0.187781164781472,0.205511664710327,0.000414952869022438,0.00431918757290294,239.910877297947,9.76254954783736e-16,1536.5135519216,170.195726586774,265.174315102889,129.87617064903,33.9336730577729,10.5050944655634,15.0087570408916,7.32178540343472,12386.4326955292,12372.9007205507,25.3593644234451,1.16035824321899e-18,16.5090777565159,30.8870669206774,5.65213264603799,4.07623946921935,6.37210465210227,2.95898831232434,2.81836187906075,1.50471230691164,5.13978578396317,53.4408790329646,1.00000000141557,4.06924007431842e-18,6.40451809189309,0.70941229820243,1.1053034296104,0.541351739844562,0.141442828637011,0.0437874872483908,0.0625597189722168,0.0305187722051729,51.6293085689494,51.5729043944075
"30",4,0.790558930777962,0.012278760733744,0.001,2.48848594171487,2.53101246728723,7.87573646790829,19.2417959848624,29.6230846189177,42.1937236737981,13.0824413545467,2.85362165841505,9.074505632444,15.9790461398089,155.056545763044,0.10951540868063,0.00119190049600204,0.0107707139234774,0.184211439454593,0.0217732311910176,0.0319504148616469,0.189148665078171,0.283722997617257,0.189148665078171,0.207190600108285,0.0004187657981293,0.00434032163352744,237.167678998394,5.27396388621015e-16,1521.98700037053,168.248407022488,260.677743041261,130.104411681537,33.3566250730986,10.3424408492159,14.7553613221439,7.17393147012353,12271.4309424674,12258.1337028556,25.9735152913456,6.28604017187074e-19,16.3928865762425,30.9932812435548,5.67579676559004,4.1568899285556,6.30936110408966,2.93438832041869,2.79095689682959,1.48637116643061,5.13885557281094,53.2042428971762,0.999999999009161,2.22372791404693e-18,6.41734575845301,0.709406979763549,1.09912844736629,0.548575641091068,0.140645745579327,0.0436081378484891,0.0622148910418085,0.0302483521081467,51.7415820829088,51.6855152543481
"31",4,0.781305330615428,0.011422103008134,0.001,2.41157079404953,2.50224850766109,7.80212390679198,19.1728274805935,30.0146048401755,41.9506202313921,13.02761443982,2.84488467112567,8.99241174086167,15.8814690587995,155.399624772217,0.113494621775583,0.00119533687702899,0.010797649079383,0.187031284424971,0.0222488766688327,0.0325374587414871,0.190561387607075,0.285842081410612,0.190561387607075,0.208925733228309,0.000422649082985765,0.00436208591385153,234.391599531128,5.36347808333288e-17,1507.20984794807,166.278522200255,256.157685367551,130.280948655249,32.7762432094101,10.1785446070339,14.5003865560378,7.02581922822398,12154.5168646314,12141.455521017,26.6021859361594,6.41116314214456e-20,16.2743230271335,31.0992855793997,5.6992207495163,4.23901099167196,6.24588638653215,2.90945637620534,2.76321378295753,1.46787443378625,5.13709540697147,52.9620721018833,1.00000000147829,2.28825525402389e-19,6.43030660309995,0.709404785746091,1.09286205759353,0.555826015558806,0.139835400771307,0.0434253814660668,0.0618639345713748,0.0299747058028722,51.8555993769102,51.7998749240723
"32",4,0.771944531046946,0.0106252121005898,0.001,2.33683782609059,2.47375866398818,7.72784801379784,19.1031640980567,30.4076818680241,41.7034364756704,12.9717472738919,2.8357166425387,8.90934546386302,15.7824573500221,155.748006988539,0.11764945178381,0.0011988945406902,0.0108253343932267,0.189941197181712,0.0227424062351726,0.0331475240815342,0.192021339886259,0.288032009829389,0.192021339886259,0.210719586480967,0.000426606073928341,0.00438450741704347,231.583359827027,1.3926829560501e-15,1492.1850205145,164.286538816348,251.615976712861,130.405798443537,32.1927397132575,10.013469366204,14.2439535743966,6.87752050603698,12035.7066233505,12022.8822216264,27.2456553259026,1.66967999292076e-18,16.1534018236333,31.2047818636169,5.72235275766363,4.32262934427882,6.1816930143493,2.88419970691275,2.73514305063331,1.44922827704648,5.13450554954087,52.7144162749612,1.00000000221494,6.01374364796772e-18,6.4434034679095,0.709405629588158,1.08650283620598,0.563105219778224,0.139011454918901,0.0432391575796397,0.061506809541865,0.0296978182128767,51.9713793728465,51.9160023295131
"33",4,0.7624791012394,0.00988391823310676,0.001,2.26423358975241,2.44554809415273,7.65292919251777,19.0328177979756,30.8022337703638,41.4521876821556,12.9148396650918,2.82611348601591,8.8253291826872,15.6820267492542,156.101741509516,0.12198867741348,0.0012025782016874,0.0108537898266845,0.192944345905095,0.0232545427230659,0.0337815635672246,0.193530228661732,0.290295342992598,0.193530228661732,0.212574328808055,0.000430637733635983,0.00440760536917991,228.743730920411,3.81509670918882e-17,1476.91530815704,162.273050468261,247.055030767939,130.478108452183,31.6064268082969,9.84729534049017,13.9862046831341,6.72912906335719,11915.0181017148,11902.4315568081,27.9041452016059,4.58795213979981e-20,16.0301283465494,31.3096675806232,5.74515176794141,4.40775451480864,6.11679900739001,2.85862397841701,2.70675339043673,1.43044009410593,5.13105639155418,52.4612212360837,1.00000000239828,1.66784755279956e-19,6.45663732840384,0.709409828214695,1.08005159470974,0.570411736488219,0.138173958940519,0.0430494655503061,0.0611435542316272,0.0294177639422907,52.0889384917659,52.0339138365054
"34",4,0.752911769207646,0.00919434254242489,0.001,2.19371029834763,2.41762029772873,7.57739367085053,18.9618064227482,31.1981789499534,41.1968871478725,12.8568879031289,2.81607076565393,8.74038294573322,15.5801919984484,156.460870377798,0.126521791134319,0.00120639251941886,0.0108830340111846,0.196043753715884,0.0237860207307719,0.0344405284722756,0.195089824768348,0.292634737152522,0.195089824768348,0.214492200330535,0.000434745274749272,0.00443140037374403,225.873531348258,3.77069745702166e-17,1461.40376929648,160.238674746249,242.477306532247,130.497089495923,31.0176211883524,9.68010221764918,13.7272836927174,6.58073718722434,11792.4709779728,11780.1230727916,28.5779237560155,4.54894120514266e-20,15.9045069253269,31.4137912877132,5.76757023991777,4.49438872633343,6.05122228236668,2.83273416807131,2.67805337015764,1.41151679908472,5.12672103529162,52.2024417875194,1.00000000259421,1.66938438704883e-19,6.47000896636464,0.709417673710877,1.07350916999401,0.577744054628767,0.137322957159575,0.0428562930104297,0.0607742024768888,0.0291346098191107,52.2082907996115,52.1536234592661
"35",4,0.743245423537212,0.00855287678365106,0.001,2.12521974594974,2.38997706040361,7.50126640508024,18.8901453813624,31.5954374447909,40.937552938541,12.7978904248364,2.80558473506076,8.65452941753758,15.4769699809698,156.825427307633,0.131258803580896,0.00121034240484568,0.0109130865983167,0.199242555967644,0.0243376167836831,0.0351254150545917,0.196701975706438,0.295052963559657,0.196701975706438,0.216475545187993,0.000438930120916477,0.00445591353832976,222.973627687098,4.53292102152407e-16,1445.65373873185,158.184055192336,237.885319515428,130.462023808317,30.4266488723829,9.51197348919039,13.4673389431674,6.43243938245298,11668.0867320756,11655.9781140666,29.2672516003007,5.48638653016698e-19,15.7765444419611,31.5169954698479,5.78956174483049,4.58253273512917,5.98498194732378,2.80653596728651,2.64905217762927,1.39246582220523,5.12147472017389,51.9380306809446,1.00000000280721,2.03294043392883e-18,6.48351896045221,0.709429439154905,1.06687648512877,0.585100693422054,0.136458509795137,0.0426596347494548,0.0603987974751522,0.0288484313917919,52.3294475937055,52.2751424358775
"36",4,0.733483114981026,0.00795616444990797,0.001,2.05871401662763,2.36261976816491,7.42457277263253,18.8178499305397,31.9939301597852,40.6742054848286,12.7378461841555,2.79465204957532,8.5677922159552,15.3723785757435,157.195439753003,0.13621030346353,0.00121443298117964,0.0109439677603779,0.202543994433729,0.0249101412340375,0.0358372608750889,0.198368612048701,0.297552918073052,0.198368612048701,0.218526815065554,0.00044319376298108,0.00448116679976964,220.044935162519,1.06646469079807e-15,1429.66884754204,156.109863184196,233.281631463874,130.372264189359,29.8338429383904,9.34299509730356,13.2065220011994,6.28433092306901,11541.888902266,11530.0200810845,29.9723873940996,1.29514989376873e-18,15.6462497755166,31.61911525983,5.8110783870718,4.67218484263008,5.91809801576746,2.78003545474489,2.61975943936857,1.37329482143625,5.11529317450482,51.6679431880331,1.0000000030367,4.84657687416868e-18,6.49716772998026,0.709445384611816,1.06015451798509,0.592480188144171,0.135580684949429,0.0424594872805183,0.0600173870466492,0.0285593073865173,52.4524180881089,52.3984799176677
"37",4,0.723628057444356,0.00740108320921671,0.001,1.99414562628386,2.33554956945888,7.34733876412279,18.7449352066597,32.3935800497812,40.4068682873669,12.6767546826385,2.78326979351604,8.48019623322617,15.2664370300805,157.570925745557,0.141387494737354,0.0012186695862236,0.0109756980895099,0.205951418872868,0.0255044384321575,0.0365771459589942,0.200091745919486,0.300137618879229,0.200091745919486,0.220648567822365,0.000447537741877135,0.00450718290833886,217.088417948751,9.25267157464279e-16,1413.45301522619,154.016796736005,228.668850789493,130.227241139397,29.2395436061972,9.17325536569634,12.9449877370177,6.1365079269964,11413.9029456147,11402.2742906967,30.6935875502696,1.12759494393328e-18,15.5136335588302,31.7199778180344,5.83207062631285,4.76334080699285,5.85059133005295,2.75323902283121,2.59018519720621,1.35401168552235,5.1081523502852,51.3921357992196,1.00000000329564,4.26216731991687e-18,6.51095545879421,0.709465749941335,1.05334431796857,0.599881112032985,0.13468956095789,0.0422558489421283,0.0596300249547889,0.0282673207774206,52.5772083609054,52.5236419151858
"38",4,0.713683628559539,0.00688472856671322,0.001,1.9314675120546,2.30876716944504,7.26959072980193,18.671416232045,32.7943112305397,40.1355675764,12.6146160675902,2.7714355174929,8.39176737556695,15.159165650163,157.951896010224,0.146802234827342,0.00122305779012263,0.011008298745073,0.209468290713837,0.0261213899667394,0.0373461950691799,0.201873480019415,0.302810220029122,0.201873480019415,0.222843479020597,0.000451963678977035,0.00453398548457511,214.105089332447,5.85212821272919e-18,1397.01046965429,151.905581891241,224.04962672836,130.026461306236,28.6440975022218,9.00284496800321,12.682893889406,5.98906699062218,11284.1564896616,11272.7682282435,31.4311056019109,7.15749099937483e-21,15.3787085999491,31.819402588649,5.85248767167391,4.85599358809785,5.78248364478893,2.72615346564913,2.56033992617136,1.33462452427766,5.10002888122004,51.1105675178358,1.00000000357108,2.73329711679147e-20,6.5248821454867,0.709490759455227,1.04644699585151,0.607302059824809,0.133785225254667,0.0420487202253005,0.0592367700097239,0.0279725579185565,52.7038220583208,52.6506320034079
"39",4,0.703653369889879,0.00640439866670997,0.001,1.87063308532111,2.28227287600755,7.19135572331702,18.5973084554584,33.196049975702,39.860333473188,12.5514311701963,2.75914733726381,8.30253295736252,15.0505861751519,158.338349931347,0.152467073116943,0.00122760339864282,0.0110417913512371,0.213098187331189,0.0267619162001826,0.0381455795062761,0.203716003677181,0.305574005515772,0.203716003677181,0.225114337474715,0.000456473270582217,0.0045615989544605,211.096011783423,3.93823616730136e-17,1380.34573433968,149.776971219077,219.4266518419,129.769513513531,28.0478579733431,8.83185683984952,12.4204011535782,5.84210529406992,11152.6791361269,11141.5313511995,32.1851910632783,4.83459210363723e-20,15.241489591149,31.9172010707409,5.87227766867956,4.95013329522116,5.71379753803462,2.69878587069469,2.5302344870744,1.31514166273207,5.09089992102188,50.8231977627207,1.00000000386772,1.86561373152508e-19,6.53894750552964,0.709520613549239,1.03946375318404,0.614741666216703,0.13286777824396,0.0418381039006545,0.0588376876317287,0.0276751098578751,52.8322590514145,52.7794499771157
"40",4,0.693540986680627,0.00595758015507905,0.001,1.81159639144733,2.2560670646372,7.11266095463925,18.5226260195979,33.5987244519968,39.5811976475278,12.4872012765003,2.74640359871725,8.21252096116422,14.9407212802146,158.73028161165,0.158395303109033,0.00123231246875767,0.0110761980023346,0.216844806030262,0.0274269743234919,0.0389765185807786,0.205621611033204,0.308432416549805,0.205621611033204,0.227464067907901,0.000461068249983523,0.00459004884812278,208.062296876725,2.46151534753099e-15,1363.46366823505,147.63174641735,214.802644328953,129.456069486935,27.4511828704673,8.66038589418362,12.1576723287247,5.69571989054116,11019.5029836389,11008.5956125038,32.9560905793506,3.03335605480081e-18,15.1019935583609,32.0131774157791,5.89138661062837,5.0457468977521,5.64455644659258,2.6711437495969,2.49988017064617,1.29557161596644,5.0807429563546,50.5299916106223,1.00000000419364,1.18306651171505e-17,6.553151120699,0.70955549973542,1.03239581824392,0.622198600962903,0.131937325491759,0.0416240042550011,0.0584328470953716,0.0273750698705474,52.9625174539894,52.91009387055
"41",4,0.683350345825081,0.00554193502798051,0.001,1.75431149002168,2.23014921820242,7.0335337253824,18.4473839355093,34.002264856927,39.2981955770369,12.4219283369814,2.73320336354459,8.1217606055785,14.8295948352235,159.127674423956,0.16460096417059,0.00123719135983412,0.0111115417182865,0.22071200029806,0.0281175720167587,0.039840289189609,0.207592699915035,0.311389049872553,0.207592699915035,0.229895731064168,0.000465750495638633,0.00461936154736858,205.005103999244,1.6369690163567e-16,1346.36944154982,145.470715722818,210.180356073162,129.085885826762,26.8544355378698,8.4885290248906,11.8948725516342,5.55000791853059,10884.66230191,10873.9951347951,33.7440377781677,2.02524392335266e-19,14.960240218007,32.1071326519735,5.90976129839512,5.14281902163503,5.57478477800067,2.64323498787627,2.46928870813898,1.27592312784251,5.06953686197371,50.2309149919456,1.00000000122787,7.98501591634871e-19,6.56749230598647,0.709595581103061,1.02524450480029,0.629671571424574,0.13099398525679,0.0414064277899379,0.0580223240016668,0.0270725353519283,53.0945918074072,53.0425581413187
"42",4,0.673085479531435,0.0051552883981214,0.001,1.69873414790069,2.20452092096834,6.95400144916012,18.3715981951581,34.4066033011524,39.0113656379477,12.3556147071276,2.7195461903986,8.0302819504844,14.717231699521,159.530501859745,0.171099004911429,0.00124224666125711,0.0111478464815833,0.224703716487397,0.0288347326817818,0.040738206301923,0.209631781546721,0.314447672320081,0.209631781546721,0.232412535605406,0.000470521566420633,0.00464956441224321,201.925643899522,7.80893374673188e-16,1329.06855517757,143.294717052214,205.562565729151,128.658806011133,26.2579837475941,8.3163848500526,11.6321687974584,5.40506617741442,10748.1937554218,10737.7664344157,34.5492767373078,9.70062187485569e-19,14.8162522166193,32.1988554746424,5.92734163218127,5.24132898184064,5.504507912833,2.61506785821703,2.43847226826338,1.25620513540791,5.05725696199355,49.9259366804389,1.00000000019855,3.86723231258732e-18,6.58197012412546,0.709641006032734,1.01801119362656,0.637159320391711,0.130037885459826,0.0411853823570919,0.0576061988716801,0.0267676065016147,53.2284733627204,53.1768339532484
"43",4,0.662750577269356,0.00479561711453154,0.001,1.64484205551137,2.17923463779678,6.87424584284249,18.2958640662071,34.8116405194832,38.7205325445704,12.2879957263678,2.70541436843317,7.93790692446486,14.6034745545094,159.938848619898,0.177907108382625,0.00124748076957721,0.0111851480824306,0.228823181709987,0.0295787417557822,0.041670940326221,0.211742537069092,0.317613805603638,0.211742537069092,0.235018494358016,0.000475373128761725,0.00468070988360744,198.825173088078,3.19142968695689e-15,1311.56770219134,141.104675009992,200.951755726339,128.174638055449,25.6620552960909,8.14387626113365,11.3695975867175,5.2608523964995,10610.1442789488,10599.9564250634,35.3724116177749,3.98124716193654e-18,14.6700789691433,32.28802068994,5.94390008800041,5.34115769374359,5.43374869480161,2.58660753166378,2.40742743846619,1.23639760926508,5.0437774824972,49.6153208046023,0.999999999533617,1.60514367265491e-17,6.59658775198768,0.709692202212617,1.01069574094422,0.64466000962006,0.129068441815235,0.0409599857545594,0.0571838937938622,0.0264596897482162,53.3641898015609,53.3129495399661
"44",4,0.6523499897322,0.00446103917630841,0.001,1.59250813092391,2.15405823248083,6.79393712873781,18.2187441207278,35.2175335727994,38.4267379539448,12.2199437969769,2.69092104317963,7.84540782596155,14.489016376551,160.351193173696,0.185034419369462,0.00125291324576393,0.0112234243916318,0.2330773774099,0.030353888229632,0.0426421852167996,0.21392177752824,0.32088266629236,0.21392177752824,0.237711724721146,0.000480345487730455,0.00471270887639272,195.704997804232,4.52746538504171e-16,1293.86515183451,138.900880174583,196.353816180738,127.634209247828,25.0676821096978,7.97168021048597,11.1078382132079,5.11795171471094,10470.4593006559,10460.5099220406,36.212160636408,5.67252135065647e-19,14.5215977045818,32.3746528710187,5.96010178981182,5.44260159074566,5.36252311541941,2.55797400077078,2.37620849506555,1.21659712914348,5.02943787953543,49.297337961195,1.00000000451993,2.31341327830291e-18,6.61130360593531,0.709746211700483,1.00331529225768,0.652176547644433,0.128089126513149,0.0407331459899231,0.0567580715262364,0.0261513594198718,53.5012363785181,53.4503977245652
"45",4,0.641888212815525,0.00414980388493805,0.001,1.54179999377631,2.12928773230644,6.7133886779994,18.1413997862817,35.6237863090137,38.1287260170037,12.1505283160547,2.6758944030405,7.75196415303315,14.3730937779843,160.770129426764,0.192509271156979,0.00125853891476161,0.0112627359835168,0.237466765276188,0.0311574536796125,0.0436508869271953,0.216180625662604,0.324270938493906,0.216180625662604,0.240504113705326,0.000485396911532913,0.004745758069072,192.566462941687,1.30387106835459e-16,1275.98082290708,136.685320931173,191.766408625,127.036047375639,24.4743797999874,7.79928090555677,10.8464296119601,4.97589441600047,10329.3565993738,10319.6451051866,37.0708294301816,1.64097247935605e-19,14.371035128433,32.4582210222633,5.97495299403906,5.54523613967182,5.29088673786547,2.5290801388225,2.34478793971893,1.19672307641147,5.01383779145814,48.9745390278988,0.999999995310861,6.7710183918962e-19,6.62618400645508,0.709808541955863,0.995845303467257,0.659699746463216,0.127095753390012,0.0405017610535156,0.056325641523489,0.0258398805101105,53.6404750502476,53.5900431422547
"46",4,0.63136991533259,0.00386028268366331,0.001,1.49261523806446,2.1047898583736,6.63248157647698,18.063520238592,36.0307587853891,37.8269894907231,12.0801124771419,2.66040750651797,7.65794359114027,14.2560830718445,161.194299862586,0.200344006182809,0.00126437312936213,0.0113031454813514,0.24199868966425,0.031992483409985,0.0446998711991849,0.218519344304764,0.327779016457146,0.218519344304764,0.243396988085978,0.00049054797355291,0.00477981758350442,189.410975671117,4.59458501843995e-17,1257.9154897899,134.458362278669,187.194514444715,126.381872909445,23.8828231520447,7.62701959190124,10.5858173087953,4.83499519675998,10186.7977371727,10177.3231456337,37.9473536809462,5.80926983788525e-20,14.2184017843407,32.5387474858389,5.98881739781274,5.64925344096394,5.21885885533143,2.49997698033277,2.31320585724796,1.17682326830155,4.99711298696344,48.6457481245066,1.00000000565617,2.42572270595632e-19,6.64119643778749,0.70987630237782,0.988298142915185,0.667236273803501,0.126089964969077,0.0402670415904729,0.0558880884867572,0.0255264786371342,53.7814546316405,53.7314332875288
"47",4,0.620799888105789,0.00359096063596587,0.001,1.44493471863369,2.08060364353136,6.55137779402715,17.985209721463,36.4382086100016,37.5216843317029,12.0086317256745,2.64447092327345,7.56333446489005,14.1379133813487,161.623630408151,0.208561325261774,0.00127041875450876,0.0113446057596044,0.246676436940271,0.0328596226298296,0.0457902521245117,0.220940134761988,0.331410202142982,0.220940134761988,0.246392860551713,0.000495793870886847,0.00481493076753308,186.239966259589,1.1811138951404e-17,1239.67597731326,132.221036414298,182.64118985496,125.671310154802,23.2934574346619,7.45495723160237,10.3261147716677,4.6953171895104,10042.8319199423,10033.5931672631,38.8424541798078,1.50050924359725e-20,14.0636352322712,32.6158141512289,6.00152057529704,5.75452097680609,5.14645962468683,2.47064888309263,2.28145318922002,1.1568926335211,4.97917451225417,48.311056449965,0.999999999075665,6.34189276217099e-20,6.6563369885896,0.709949850977671,0.980676668677901,0.674781640925955,0.125072281105676,0.0400287724189151,0.0554452138792271,0.0252111148829668,53.9241501830023,53.8745434693836
"48",4,0.610183088615481,0.0033404284985729,0.001,1.39870192527053,2.05668414315904,6.47002124981366,17.9064100651302,36.8460494408346,37.2128826878252,11.9361726402928,2.62808467114439,7.46823631817247,14.0187193909291,162.058037190939,0.217180963424614,0.00127668794758183,0.0113871890432693,0.251505551103372,0.0337608268279808,0.046924070664081,0.223446390490141,0.335169585735212,0.223446390490141,0.249496380945963,0.000501144638177056,0.00485111535125719,183.054926415934,1.01406821124606e-15,1221.26983853256,129.974347703768,178.10945030099,124.904645839373,22.7066716947428,7.28325068790146,10.0675563655783,4.55699150313278,9897.51156207231,9888.50736681295,39.7560452786344,1.29464866332371e-18,13.9068305242133,32.6892699485374,6.01312230803859,5.86103442763876,5.07372383023492,2.44112411586963,2.24955913094453,1.13695288803313,4.96008485062795,47.9702898881661,0.999999999078364,5.53969363275866e-18,6.67160322488153,0.710029225264624,0.972983648263805,0.682334248904345,0.124042942292751,0.0397872421343093,0.0549974619826641,0.0248941210605749,54.0685342194039,54.0193457303129
"49",4,0.59952460457541,0.00310737534750967,0.001,1.35388111956804,2.03304795668795,6.38846435516021,17.8271545863434,37.2542869410134,36.9006160511664,11.8627137633936,2.61125120919843,7.37266020358797,13.8985005707248,162.497424632283,0.226225574707464,0.00128318872624268,0.0114309111584654,0.256491026797879,0.03469727833898,0.0481030150117127,0.22604162894153,0.339062443412295,0.22604162894153,0.252711977606938,0.00050659956316628,0.00488841455895129,179.857382205438,9.27657291005572e-16,1202.70502874322,127.719306244148,173.601971684963,124.082564705833,22.1228272466646,7.1119887781898,9.81029195424442,4.42009119322494,9750.89147004429,9742.12042471917,40.6883396548052,1.19035937763518e-18,13.7480143334034,32.7588560004742,6.02351593174887,5.96874547273651,5.00067990762812,2.41140829265386,2.2175343737294,1.11700998664288,4.93979735920624,47.6235233192539,1.00000000463042,5.15773822528684e-18,6.6869928804951,0.710114343205869,0.965220167001649,0.68989420261136,0.123002053503888,0.0395423792113119,0.054544839246379,0.0245755340119599,54.2145748794301,54.1658082107608
"50",4,0.588829653648609,0.00289058171861365,0.001,1.3104371591093,2.00968131400825,6.30673735246536,17.7474484613956,37.662877370456,36.5849539022966,11.7882660597531,2.59397573807121,7.27664561028783,13.7772916649944,162.941686194585,0.235719464507473,0.00128993003752837,0.011475798486625,0.26163722389081,0.0356705128792415,0.0493288383821407,0.22872939680293,0.343094095204395,0.22872939680293,0.256044224548679,0.00051216354968366,0.0049268656262685,176.648896581794,5.05184864461155e-16,1183.98976644005,125.456952194377,169.121563421767,123.205661319198,21.5423057350396,6.94128062108208,9.55449321074396,4.28470471442945,9603.02911508703,9594.48966468775,41.6395833080964,6.51653131173141e-19,13.5872279698922,32.8242086899388,6.03265290619359,6.07759215497948,4.92735859651991,2.38151239424996,2.18539346885116,1.09707389602616,4.91832147929851,47.2707613305385,1.00000000275808,2.85982463309969e-18,6.70250305898378,0.710205129882068,0.957388170324113,0.697460692045481,0.121949846340989,0.0392942201991771,0.0540874776009256,0.0242554853676261,54.362236772458,54.3138953981949
"51",4,0.578103588058074,0.00268891322661735,0.001,1.26832779905307,1.9865829902517,6.2248269271064,17.6672358528411,38.0715298905392,36.2659656104113,11.7128331980935,2.57625441395746,7.18021948820068,13.6551090785439,163.391114205144,0.245688443665227,0.00129692336154083,0.0115218990275077,0.266949981844017,0.0366821425597244,0.0506035521572381,0.231514265359806,0.347271398039708,0.231514265359806,0.259499058519219,0.000517839907304608,0.00496651016242884,173.43107610186,4.98283481815672e-17,1165.13411162594,123.188549399593,164.670741426467,122.273822403227,20.9654848437695,6.77123089814357,9.30031402615724,4.15091064917332,9454.00848267333,9445.69893788003,42.6100111706516,6.4623548823665e-20,13.4245575876589,32.8851810256121,6.04047561242118,6.18748974944658,4.85380882151744,2.35145482044799,2.15315536938129,1.07715740545788,4.89566287632453,46.9121597662245,0.999999998180475,2.87309225145083e-19,6.71813919220357,0.710302628250411,0.949488089609324,0.705028331306281,0.120886552034704,0.0390427773269783,0.0536254183406715,0.0239340649606689,54.5116173984814,54.463704735048
"52",4,0.567351883328511,0.00250131462941149,0.001,1.22751633881965,1.96376613150491,6.14281423489738,17.5866172715335,38.4803494147737,35.9435121374729,11.6364278913083,2.55810327123953,7.08339897747292,13.5320202682976,163.845474427703,0.256158955741365,0.00130417736222096,0.0115692224894183,0.272435123978367,0.0377335686346573,0.0519290993183659,0.234399858350584,0.351599787525877,0.234399858350584,0.263081010240406,0.000523627422094774,0.00500740136851043,170.205565205649,1.06568055749594e-15,1146.14664893839,120.91511630483,160.252194506361,121.288326175617,20.3926193046365,6.60194927935016,9.04794697541278,4.01877975023651,9303.88534091418,9295.80384914106,43.5996798444479,1.38983645844522e-18,13.2600255870694,32.941524701365,6.04688718026021,6.29839353613196,4.78002707640418,2.32124396387613,2.12083748940035,1.05726463662591,4.87176949652825,46.5478209155934,1.00000000121674,6.26113815670477e-18,6.73389644426801,0.710406362482083,0.941521474387295,0.71259906323655,0.11981170712491,0.0387880929710276,0.053158937403073,0.0236113299249097,54.6626389154388,54.6151581425676
"53",4,0.556580120259206,0.00232680430642929,0.001,1.18796523589158,1.94122469686967,6.06068947410954,17.5054780069756,38.8892390115199,35.617895290967,11.5590074410731,2.53951064460765,6.98621141322883,13.4079597761421,164.304817332658,0.267159676266002,0.00131170396545482,0.0116178036845733,0.278098423734883,0.0388265598420063,0.0533076951492627,0.237391182389368,0.356086773584052,0.237391182389368,0.266796575739589,0.000529531651098664,0.00504958194728244,166.974035144956,3.34733939017539e-16,1127.03720776567,118.637827887791,155.868455673582,120.249874032338,19.8242124444263,6.43351375162951,8.79749127971875,3.88838638853114,9152.73487150686,9144.87949901777,44.6087291741545,4.39071835181617e-19,13.0936970250312,32.992992930925,6.05183592169146,6.4102436266531,4.70609323212037,2.29088915462638,2.08844685695259,1.03740817361253,4.84666280857735,46.1778184283134,0.999999994413467,2.00470652132796e-18,6.74977520002449,0.710516620874754,0.933489177928193,0.720171092805924,0.118726317636557,0.0385300248035769,0.0526877800068368,0.0232873713774294,54.815317917118,54.7682724442193
"54",4,0.545794002341738,0.00216446912225981,0.001,1.14963992632486,1.91893913431013,5.97844305955197,17.423845985901,39.2981221446844,35.2891013555525,11.4806538548028,2.52048468053729,6.88873785432761,13.2830624530854,164.76897198664,0.278721338296105,0.00131951588630463,0.0116677114230878,0.28394510680773,0.0399630395086855,0.0547414617885086,0.240492563772105,0.360738845658158,0.240492563772105,0.270651549563908,0.000535558600959043,0.00509308507349296,163.738202031923,5.91021321525901e-16,1107.81513254951,116.35781604442,151.52239545509,119.159329832565,19.2605798678902,6.26607201691293,8.54916739052416,3.7598318045965,9000.62305330551,8992.99166823222,45.6373308005356,7.79862022898182e-19,12.9256672767174,33.0392325046472,6.05529547602242,6.52295590077367,4.63202623216631,2.26041558619206,2.05601118386403,1.01760430401371,4.82036109018801,45.8020716315201,1.00000000811907,3.60955060572374e-18,6.76577077185661,0.71063328865949,0.925394286763751,0.72774300267934,0.117630337851842,0.0382688461826761,0.0522124180786391,0.0229624595144254,54.969597898891,54.9229906622135
"55",4,0.534999309138389,0.00201345964861377,0.001,1.11251386008804,1.89691921255147,5.8962313383971,17.3419236237405,39.7075939362181,34.9574192445163,11.4013747577794,2.50105467347481,6.79105817644687,13.1573855401278,165.236526373413,0.290874986425141,0.00132761937140735,0.0117189161101932,0.289980023619831,0.0411444436118278,0.0562323488326724,0.243705796846533,0.3655586952698,0.243705796846533,0.274648162643177,0.000541707102495464,0.00513793547993788,160.499793135679,5.41282795933794e-16,1088.48572356452,114.075719173918,147.21763168732,118.019640685691,18.7021951450772,6.09972761863986,8.3031579367356,3.63321143271768,8847.55242139296,8840.14274542029,46.6853751495785,7.18617525291239e-19,12.7558728815956,33.0796797405021,6.05718754562576,6.63652160414441,4.55783337061042,2.22980846977115,2.02352772131477,0.997854844490096,4.7927819863695,45.4200830594104,1.00000000245584,3.37248283432693e-18,6.78185127202944,0.710753062202618,0.917244995602034,0.735325813633668,0.116524730815054,0.0380045825259315,0.0517331380614787,0.0226368605881562,55.125008389524,55.0788421244709
"56",4,0.524201930260847,0.00187298571964072,0.001,1.07654577756819,1.87517466476804,5.81407418042912,17.2596816861354,40.1174072297805,34.62290456409,11.3211932598002,2.48122035826484,6.69320833253805,13.0309689761205,165.707620565511,0.303654668813064,0.00133602756824945,0.0117714476963651,0.296210940213442,0.0423726553418785,0.0577829073705976,0.247035747142321,0.370553620713481,0.247035747142321,0.278792724258291,0.000547978415798842,0.00518418320811257,157.260578865956,4.02192776422333e-16,1069.06032383525,111.792878851275,142.956588821285,116.831235038397,18.1493934037331,5.93459135964338,8.05961581175774,3.50859272755443,8693.61583392724,8686.42545593729,47.7529089928926,5.37340637051025e-19,12.5843876862857,33.1142737537035,6.05745026697495,6.75084843221618,4.48354895967111,2.1990843157708,1.99101321373764,0.978170124827729,4.76391383223918,45.0320209871917,0.999999998650024,2.55749265823445e-18,6.7980184869043,0.710876683187372,0.90904274713467,0.742914948699638,0.1154096818803,0.0377373108660008,0.0512500707996708,0.0223106944417935,55.2815962199988,55.235873521837
"57",4,0.513407832361775,0.0017423122973402,0.001,1.04170375449093,1.85368517005298,5.73199217101159,17.1771232560477,40.5275108525806,34.2856706321361,11.2401509951001,2.46098762626517,6.59525262723718,12.9038932350205,166.18203178392,0.317097205582489,0.00134475316119827,0.0118253439279986,0.302643450389351,0.0436498553428089,0.0593955251671729,0.250486938193819,0.375730407290729,0.250486938193819,0.283091203173437,0.000554380095356726,0.00523186790821197,154.022350788673,3.53253604764395e-18,1049.54932568798,109.510490022248,138.741918575013,115.595230543565,17.6025318403148,5.77078155781339,7.8187137579661,3.38605435522814,8538.88931351824,8531.9156715658,48.840057032334,4.75038901711605e-21,12.4112817456594,33.1426325541616,6.0560646757831,6.86583942495548,4.40920430513966,2.16825810510305,1.95848566984682,0.958562201432191,4.73379027186877,44.6378557976359,1.00000000701288,2.29352172222331e-20,6.81426642090657,0.711003891509785,0.900790819238666,0.750509460232974,0.114285568773787,0.037467169983667,0.0507635013539399,0.0219841754241239,55.4392874130085,55.39401059464
"58",4,0.502623042707268,0.00162075562543275,0.001,1.00795875265134,1.83244866468252,5.64995965322339,17.0942162775565,40.9377532099286,33.9456572702022,11.1582526297137,2.44036669976282,6.49715362954092,12.7760675097221,166.660166505098,0.331242771509642,0.00135381097483929,0.0118806782428264,0.309283341926126,0.0449779861472728,0.0610725907631022,0.25406713903454,0.38110070855181,0.25406713903454,0.287553525998448,0.000560915003638217,0.00528106458602568,150.786913215325,4.7436775390862e-16,1029.96579050341,107.22994898539,134.575346435812,114.312544888742,17.0618695438471,5.6083948880431,7.58053524125659,3.26561912621643,8383.48352071614,8376.72399868922,49.947075040828,6.42204271351355e-19,12.2366921580893,33.1644369767693,6.0529280677544,6.98136327307889,4.3348603815858,2.13736326567158,1.92596490109657,0.939040294311505,4.70242168952342,44.2380204563891,1.0000000026736,3.14594778195035e-18,6.83060466783567,0.711135648217394,0.892486913658341,0.758106540924604,0.113152190900674,0.0371941754323791,0.0502731642944297,0.0216571787651364,55.5982171420843,55.5533888350326
"59",4,0.491853662332355,0.00150767965156535,0.001,0.97527021178658,1.81147588183015,5.56802692927438,17.010904428306,41.3479788736902,33.6030337754,11.0754420286732,2.41935875566384,6.39900520805525,12.6476675187796,167.141837177872,0.346131475115417,0.00136321526415533,0.011937451622245,0.316139783604256,0.0463592910851297,0.0628171717617965,0.257780361290464,0.386670541935696,0.257780361290464,0.292185060392624,0.000567585173233966,0.00533182149254623,147.556099087942,7.32204496603488e-16,1010.32058567382,104.952520968518,130.459479370827,112.984193550363,16.5277752279083,5.44749672375262,7.34528993155268,3.14737414686579,8227.4806866885,8220.93247448947,51.0738102395861,9.98152346253042e-19,12.0606531144395,33.1796672677085,6.04800897896665,7.09734749262122,4.2605358695778,2.10638651036636,1.89347149233886,0.919615705180162,4.6697960508332,43.8325444562542,1.00000000263111,4.9622110035154e-18,6.84702695840402,0.711271996843101,0.884134783451594,0.765703312475744,0.112010112584667,0.0369181400955775,0.0497796431071357,0.0213300173601842,55.7583235067251,55.7139457259575
"60",4,0.481105835267507,0.00140249269913056,0.001,0.943607391014775,1.79075594134502,5.48621906745947,16.9272109272179,41.7582442801961,33.2578695269222,10.991780201171,2.39797037236471,6.30082588819876,12.5186742346017,167.626841969413,0.361806790990555,0.00137298089104888,0.0119957067353909,0.323219681759173,0.0477961505857248,0.0646320762927094,0.261632918489443,0.392449377734165,0.261632918489443,0.29699395337902,0.000574396499100881,0.00538419665177881,144.331750483985,9.71869623512091e-16,990.625116069915,102.679416695443,126.396549537689,111.611861076268,16.0005550979677,5.28820959476122,7.11308679224305,3.03136410181699,8070.96497897284,8064.62518189486,52.2202074806599,1.33435842167298e-18,11.8832483770873,33.1880083875187,6.04126851521939,7.21370632025266,4.18627192773242,2.07535456479188,1.86101765692326,0.900296808729871,4.63593402828782,43.4215279022094,0.999999999333012,6.73358162431285e-18,6.86352872522739,0.711412535929516,0.875736274447866,0.773300820003631,0.110859565089741,0.0366392673372367,0.0492828969623561,0.0210027529606625,55.9195391625572,55.8756139898042
"61",4,0.470385748825566,0.00130464437128424,0.001,0.912946851619748,1.77028568947315,5.40454502847885,16.8431392030583,42.1685199068177,32.9102653851997,10.9072836576972,2.37621339308944,6.20265784132609,12.3891256309363,168.115017137708,0.378317161726759,0.00138312274349711,0.0120554987423752,0.330528653902883,0.0492906796423402,0.0665198669615639,0.265631265510627,0.398446898265941,0.265631265510627,0.301988664720834,0.000581352631502129,0.00543824700680566,141.115724518504,4.47494229096452e-16,970.891080519252,100.411892888391,122.388764242162,110.197060073523,15.4805198272653,5.13063079097874,6.88406117835076,2.91764185340094,7914.02521002721,7907.89082251437,53.3865003748555,6.18939445847008e-19,11.7045762001831,33.1890077922405,6.03262537008231,7.33029377564624,4.11211007247883,2.04428392481321,1.82862188265789,0.881094767442169,4.60083938162351,43.0050635956848,0.999999999084678,3.17111526878901e-18,6.88010555126525,0.711557079404823,0.867293595718944,0.78089851679292,0.109700884617332,0.0363576121923239,0.0487830905842599,0.0206755261377536,56.0818096621516,56.0383390459027
"62",4,0.45969961575133,0.00121362267096208,0.001,0.883256395071555,1.75006571440522,5.32302403009641,16.7587176958737,42.5787948361538,32.5603359147686,10.8219754121799,2.3541066114511,6.10454709769097,12.2590723067901,168.606104034034,0.395711734540351,0.00139365793537898,0.0121168813248133,0.338074982231269,0.0508453306861842,0.0684836595282047,0.269781903396761,0.404672855095141,0.269781903396761,0.307177722578136,0.000588455575954169,0.00549402800913029,137.909884747701,9.27058066467754e-16,951.130100586957,98.1511916136308,118.438352594679,108.741420140748,14.9679739087534,4.97485793864944,6.6583517775269,2.80625795514443,7756.74821938678,7750.81612377741,54.5725597037727,1.29200183088988e-18,11.5247305532699,33.1824623607561,6.02203720360332,7.44701039353243,4.03808849109653,2.013189965726,1.79630281602641,0.862019927628044,4.56450174097072,42.5832008776517,1.00000000016171,6.72220173567455e-18,6.89675074764084,0.711705269053526,0.858809742539549,0.788496200669514,0.108534453049229,0.036073251373933,0.0482804535061773,0.0203484903256366,56.245048966807,56.2020346780113
"63",4,0.449053664307254,0.00112895132182519,0.001,0.854506228066915,1.73007749566636,5.24174857749329,16.6739031244118,42.9890586386724,32.2081844917937,10.7358818460788,2.33163458195733,6.00653363491458,12.1285621610447,169.099909033032,0.414043194958547,0.00140459982818906,0.0121798150124875,0.345866137839288,0.0524630813229034,0.0705267347721907,0.274090169494434,0.41113525424165,0.274090169494434,0.312567957295456,0.000595718285755131,0.00555161233402114,134.716099208262,1.94767944483463e-16,931.354260572525,95.8985737194743,114.547377419674,107.246635037862,14.463203266724,4.82098708255143,6.43607406793052,2.69725593854316,7599.22640514243,7593.49337853064,55.7782841285413,2.73571021358209e-19,11.3437226048654,33.1680693166508,6.00950837689367,7.56375498452526,3.96422183480884,1.98207774988049,1.76406463215781,0.843075779013473,4.52699812713657,42.1561314985586,0.999999999377104,1.44576591444386e-18,6.91345923364792,0.711856817584116,0.850287218985168,0.796093678493933,0.107360614972646,0.0357862728202628,0.0477750922254049,0.0200217787830486,56.4091927028039,56.3666363443441
"64",4,0.438454129221383,0.00105018727611646,0.001,0.826673120669602,1.71038380167226,5.16063981579911,16.5882557789935,43.399276417522,31.8540218100488,10.6491555719003,2.30882935449088,5.90878413586949,11.9977621563848,169.59621936879,0.433369621735868,0.00141596837598977,0.0122443357282694,0.353911212863954,0.0541452806286452,0.072652748279613,0.278562109363173,0.41784316404476,0.278562109363173,0.31816807744658,0.000603127394697278,0.00561105083105789,131.536239350498,1.7532798485477e-15,911.575511665382,93.6553250154327,110.717749349153,105.714399724904,13.9665273949239,4.66916623322058,6.21741077188122,2.59073080304978,7441.55360337276,7436.01626825815,57.0038102918838,2.48258881980367e-18,11.1616366064999,33.1456696673796,5.99484360908186,7.68044167274383,3.89054533160855,1.95097919233984,1.73193505939255,0.824287838787982,4.48820483730236,41.7238652617698,1.00000000444047,1.33292533296563e-17,6.93022333779956,0.712011578662729,0.841728107687249,0.803690304028185,0.106180072700163,0.0354971852396676,0.0472676642588378,0.019695947119565,56.5741705340051,56.5320731229301
"65",4,0.427907232339074,0.0009769183963874,0.001,0.79971948775045,1.69088051852148,5.07983362599727,16.5027522054119,43.8094797128124,31.4977743931069,10.5615355255209,2.28569692743434,5.81108920247076,11.8664560383635,170.094784705448,0.45374759560635,0.00142778307453808,0.0123106184935838,0.362217809744865,0.055896683794256,0.0748643561697466,0.283209313577955,0.424813970366932,0.283209313577955,0.323991902518752,0.000610708726981058,0.00567242541071082,128.37217070424,1.20218222195365e-15,891.806701518657,91.4226751092854,106.951476815448,104.146628967357,13.4781254653949,4.51935743597643,6.00235868764449,2.48660709750474,7283.8238478209,7278.4788558619,58.248563799817,1.716455429016e-18,10.9786920724176,33.1149211391017,5.97823288088178,7.79687032489069,3.81713066137205,1.91988617588447,1.69992388377647,0.80564056433719,4.44829478965697,41.2866284133125,1.00000000780947,9.36481968597217e-18,6.94704080791659,0.712168964049682,0.833136006534389,0.811286661348377,0.104992581310356,0.0352051184184029,0.0467574763407927,0.0193702973415692,56.7398982563367,56.6982615684828
