"","convergence","mu","x_C","x_W","x_CO2","C","AA","NT","ADP","ATP","CI1","LIP","rRNA","mRNA","tRNA","DNA","TC","p","tau tC","tau CCM","tau FERM","tau ATPS","tau ADPS","tau EAA","tau ENT","tau LIPS","tau Maint","tau rRNAp","tau mRNAp","tau tRNAp","tau DNAp","tau tRNAc","tau r","v tC","v CCM","v FERM","v ATPS","v ADPS","v EAA","v ENT","v LIPS","v Maint","v rRNAp","v mRNAp","v tRNAp","v DNAp","v tRNAc","v r","p tC","p CCM","p FERM","p ATPS","p ADPS","p EAA","p ENT","p LIPS","p Maint","p rRNAp","p mRNAp","p tRNAp","p DNAp","p tRNAc","p r","f tC","f CCM","f FERM","f ATPS","f ADPS","f EAA","f ENT","f LIPS","f Maint","f rRNAp","f mRNAp","f tRNAp","f DNAp","f tRNAc","f r"
"1",-1,0.00025261104524756,0.1,0.001,0.001,9.974684727074,0.0175091418351214,-0.0450273150491029,6.42729861066726e-05,34.5468635287066,0.00540810020612875,39.0093684716206,53.4783034094475,25.8097123192658,23.9260373341247,30.1954135150689,1.10697882412936,193.824990827622,23.0088818776439,0.00525078426810817,11.7369446689165,165.520362887795,-1.5148576123394,16.4329958609373,0.463261613512746,3.34077849193188,0.0140886480445211,-7.40706938718955,-11.1106040807843,-7.40706938718955,-10.4557207288266,0.0259422800764887,0.00732063825443888,0.184133676913857,0.0801717422946379,0.288745712993437,1.11732988693508,0.00872693554207763,0.0703161788047288,0.127823226029396,0.0547455408003515,0.697593275376936,0.0135092101223267,0.00651981840650856,0.00632067285030088,0.00762769496972385,4.89652770551992,4.89623335280642,4.23671002180718,0.000420964523187507,3.38899245679082,184.940848350874,-0.0132200647383116,1.15550547525504,0.0592155939347825,0.182892725234993,0.00982814613501032,-0.100063656742197,-0.0724391209933267,-0.0468176623759037,-0.0797530484081081,0.127027093138885,0.0358435531852142,2.14388740385913,0.933447869676358,3.36189613643873,13.0091871878283,0.10160861118145,0.818698526818044,1.48825901268058,0.637407981562428,8.12215050046013,0.157289127674845,0.075910918586076,0.0735922463222949,0.0888100397502027,57.0107774224402,57.0073502434181
"2",-1,0.000258472224984995,0.0930232558139535,0.001,0.001,9.974684727074,0.0175091418351214,-0.0450273150491029,6.42729861066726e-05,34.5468635287066,0.00540810020612875,39.0093684716206,53.4783034094475,25.8097123192658,23.9260373341247,30.1954135150689,1.10697882412936,193.824990827622,-0.861049640460291,0.00525078426810817,11.7369446689165,165.520362887795,-1.5148576123394,16.4329958609373,0.463261613512746,3.34077849193188,0.0141389646446801,-7.40706938718955,-11.1106040807843,-7.40706938718955,-10.4557207288266,0.0259422800764887,0.00732063825443888,0.188406018113544,0.0820319182461357,0.295445303348285,1.14325460961266,0.00892942129529957,0.0719476821383232,0.130789030242917,0.0560157681339961,0.713779105915754,0.0138226560706626,0.00667109376938328,0.00646732756051292,0.00780467571558186,5.01013884609084,5.00983766369117,-0.162226934157222,0.000430731905809545,3.46762517809007,189.231917856232,-0.0135268018229701,1.1823159627831,0.0605895371801011,0.187136273391097,0.0100920975426542,-0.102385372630654,-0.0741198816574047,-0.0479039439904025,-0.0816035096611789,0.129974425167384,0.0366752092493463,2.14388740385913,0.933447869676358,3.36189613643873,13.0091871878283,0.10160861118145,0.818698526818044,1.48825901268058,0.637407981562428,8.12215050046013,0.157289127674845,0.075910918586076,0.0735922463222949,0.0888100397502027,57.0107774224402,57.0073502434181
"3",-1,7.32946202994098e-06,0.0865332612222823,0.001,0.001,0.00403927909900015,0.905573167894571,51.8562218887458,47.5212778585971,0.00229368844085087,5.96998491551432,9.48439678427258,15.4261606814169,3.24694023777458,11.0716518138116,0.438629739455652,0.0175932686086355,193.652318561218,0.0231979005076933,-0.155466573964801,0.0187850887447017,0.262991937623328,0.147947760253247,0.100073176723274,-0.0814436135241178,-0.40560426844563,17.0934447661303,1.38150761653074,2.07226142479611,1.38150761653074,1.34153829186763,0.725534309723692,1360.9744305603,0.00488357971915602,0.00201415632634481,0.00881789157997412,0.0315468743003713,0.000348322213181199,0.00190088402248001,0.00284358074889923,0.000386197367262334,0.0215660467010743,0.000113065458982214,2.37983251862563e-05,8.1276843412374e-05,3.2149200205431e-06,0.141936867326442,0.141936731590448,0.00011328879644637,-0.000313133983486358,0.000165644875870972,0.00829657359821422,5.15334912866123e-05,0.000190227502712091,-0.00023159149153797,-0.000156643300624067,0.368638028108601,0.000156200792750472,4.93163512582325e-05,0.000112284578221771,4.31293831285045e-06,0.102980067060034,193.1722624519,1.95968949747588,0.808243384157284,3.53845550045463,12.6591725332403,0.139775210432465,0.762789320334381,1.14107594209714,0.154973803664585,8.65405248866779,0.0453710608276968,0.00954982422874877,0.0326148820297639,0.00129008746898721,56.9566187510352,56.9565642827113
"4",4,0.881903807544642,0.0804960569509603,0.001,0.001,0.585482779761189,4.31143237693891,8.32057184568456,2.19583760902858,20.8287877838031,7.94741771264028,26.1889677246031,44.0278357400002,13.5570373307161,1.97570278538208,8.75910287224012,11.9199566596747,189.38186757475,0.016670482861757,0.0135855737325029,0.00133289742717791,0.018660924020592,0.100762892444929,0.103799005587271,0.0275782135320695,0.0197052325743649,0.015001145172187,0.188876345605103,0.283314518407655,0.188876345605103,0.205815625209974,0.000274733775169892,0.0038717346941867,1397.11894097478,250.182739053738,5486.35822854146,2.22453814454904e-19,20.3055048012271,220.077730760822,294.300698922313,128.311946399951,2398.77835652143,38.8283159770563,11.9560028409834,12.1439796554242,7.72468617370378,16712.7245411602,16701.6590094087,23.2906473613561,3.39887604801409,7.31275276739928,4.15119372963385e-21,2.04604139632603,22.8438496048764,8.11628751751686,2.52841674588048,35.9844223620781,7.33375042774664,3.38730918697376,2.29371049841924,1.58986111439168,4.59154990656744,64.6643926372035,4.65943487334379,0.83436717151822,18.2971743550245,7.41890350478214e-22,0.0677194864495043,0.733966037879269,0.981501932005395,0.42792430922554,8,0.129493634529412,0.0398736392079884,0.0405005476972359,0.0257620672712945,55.7374531772783,55.7005492866911
"5",4,0.875964009614602,0.0748800529776375,0.001,0.001,0.564374639400231,4.32072585837935,8.26235983816608,2.19288454602453,20.782240765478,7.88892712104031,26.5179193292364,43.8618659788307,13.518823934873,1.96609349019042,8.71136634933174,11.8844593466611,189.527958672071,0.0170884427458963,0.0138953859076979,0.00134427662864706,0.0188202465716908,0.100944914704007,0.103974013016638,0.0282504857535404,0.0197621601306117,0.0150711912843082,0.189803568789409,0.284705353184114,0.189803568789409,0.206963129882514,0.000274918104796428,0.00388427282575457,1388.16998580766,248.693302070049,5451.71111326422,7.84400263262581e-16,20.1253828892616,218.55414289527,291.258019237779,129.048571901525,2382.62210615172,38.4214159919949,11.8420032192652,12.0230030755954,7.63084339658235,16612.925333521,16601.9670612458,23.7216633240458,3.455689404923,7.32860783569651,1.47626063655009e-17,2.03155505914198,22.7239512982331,8.22818052308126,2.55027854254469,35.9089535200339,7.2925218732231,3.37148170894831,2.28200889131406,1.579303233,4.56719394781616,64.4865695100695,4.66098247715749,0.835023905563353,18.3049123877039,2.63373788478611e-18,0.067573897975007,0.733827298356657,0.977941129600959,0.433299335445039,8,0.129005488173032,0.0397612468672735,0.0403689801905325,0.0256216657333286,55.7803112482769,55.7435172564916
"6",4,0.869796338663065,0.0696558632350116,0.001,0.001,0.543910684662323,4.33026811527788,8.20468122692986,2.19012743161232,20.7376621566884,7.82896863586391,26.8574136750657,43.6965113866948,13.4807685606175,1.95649120883786,8.66429766524758,11.8491098090564,189.659791042339,0.0175303548252425,0.0142180690380953,0.00135609895692732,0.0189857735098903,0.101129507177202,0.104156196099378,0.0289515136547535,0.0198211129980129,0.0151460495549699,0.190733562097063,0.286100343145594,0.190733562097063,0.208115030706988,0.000275094804257068,0.00389682800916335,1378.8352729477,247.134042020054,5415.52258205775,1.25286033473319e-16,19.9425074375413,216.96395368454,288.165407149822,129.780444891841,2365.84604116354,38.007065616496,11.7255231363893,11.8995737202135,7.53617438631929,16507.3879338422,16496.5391840229,24.1714715803333,3.51376887110466,7.34398452474488,2.37865225547698e-18,2.01677594903624,22.5981401064633,8.34282471992568,2.57239286313357,35.8332213788922,7.24922300989108,3.35467619288258,2.26964808309292,1.56839116382206,4.5410966524558,64.284175946561,4.66246830590746,0.835672440962429,18.3123415060242,4.23648982371492e-19,0.0674346752597086,0.733653669459695,0.974418122349503,0.438846628677544,8,0.128519151137338,0.039649319295934,0.0402378633712319,0.0254832284271988,55.8189760335334,55.782291483041
"7",4,0.863394418061283,0.0647961518465225,0.001,0.001,0.524096814820614,4.34100889680525,8.14651687065209,2.18752301782099,20.6932556419921,7.77032934766425,27.2122352908111,43.5265899013234,13.4421547829255,1.94657376545123,8.61668078664515,11.8129065403886,189.780126625904,0.0179959613647913,0.0145556656214273,0.00136837264833057,0.0191576201411047,0.101320075716744,0.104340490724678,0.0296805032399852,0.019881294366701,0.0152262572426172,0.191687065987983,0.287530598981974,0.191687065987983,0.209296444437657,0.000275247476500262,0.00390977720019951,1369.11013692577,245.507907122438,5377.78018133601,2.25642703733469e-15,19.7551365757781,215.304156084111,284.992163303506,130.527178072536,2348.43281712669,37.5806147580453,11.6058814062937,11.7724985170855,7.43959409340533,16396.2461962169,16385.5101987769,24.6384531282602,3.57353100349064,7.35880730887439,4.32277720573762e-17,2.00159193365246,22.4649413008788,8.4587108263001,2.59504925011489,35.7578421905752,7.20371778099439,3.33704603246538,2.256635700088,1.55708059180913,4.51302538958573,64.0636941888143,4.66391076445908,0.836329335315004,18.3195538475424,7.68657981911675e-18,0.067296407822979,0.733439439319488,0.97083352344631,0.444644367496913,8,0.128019382062716,0.0395357493615457,0.0401033350623644,0.0253431787842504,55.8542567678057,55.8176843017364
"8",4,0.856751858630505,0.0602754900897883,0.001,0.001,0.504771202133273,4.34899660236597,8.08154365592409,2.18394977483777,20.6404375207487,7.70316092061212,27.5726886474496,43.3378015504238,13.3986299313049,1.9359983945408,8.5625055172584,11.7721981974618,189.95731889232,0.0184892810986422,0.0149052349369726,0.00138143047190269,0.0193404454827664,0.101529658139853,0.104544671388943,0.0304521532129535,0.0199485721860462,0.0153130247013285,0.192780018134131,0.289170027201197,0.192780018134131,0.210649839022317,0.000275553130216074,0.00392443973514852,1359.10038754638,243.832141228393,5339.02377460142,2.27699162089801e-16,19.5548362375961,213.609491546186,281.622920551448,131.238623589682,2330.36505547497,37.1297420272856,11.4793010967478,11.6383560382924,7.33594251644509,16285.245289184,16274.6286021462,25.1287891066185,3.63437535019429,7.37549013244734,4.40380323086939e-18,1.98539583818394,22.3317340992553,8.57602432491212,2.61802315627611,35.684937657601,7.15787234133573,3.31946981039729,2.24364248811349,1.54531511016613,4.48745031577122,63.8687991610473,4.6657080935995,0.837060753740819,18.3285404561243,7.8167722796853e-19,0.0671305508693718,0.733308255011225,0.96679417635379,0.450534128226301,8,0.127464122207129,0.0394077350920733,0.0399537609301142,0.0251838397566424,55.9062461082595,55.8697996742117
"9",4,0.849862679284119,0.056070223339338,0.001,0.001,0.486079600704702,4.35926061136684,8.02065141385447,2.18118551890027,20.5940730643761,7.63928122443462,27.9421280867469,43.1586357463558,13.3578877653732,1.9257140675947,8.51246646213145,11.7340438187907,190.088593186458,0.0190128241336697,0.0152723263394777,0.00139487140829675,0.0195286350425257,0.101735056665138,0.104748715383133,0.0312525135720214,0.0200149838538334,0.0154053962727888,0.193813327140481,0.290719990710721,0.193813327140481,0.211931299959341,0.00027575628152316,0.00393834474903589,1348.61668858334,242.069234119046,5298.31688572398,4.39615883346774e-20,19.3558422809718,211.829922269141,278.269319806579,131.927621337238,2311.6264876528,36.6789138096453,11.3523702858566,11.5039465839182,7.23442755482324,16165.4172958568,16154.9201106792,25.6410119237671,3.6969603402135,7.39047073599226,8.58509814477671e-22,1.96916771125613,22.1889122374014,8.69661569393227,2.64052921093946,35.6115220769665,7.10886232134628,3.30036098404891,2.22961816267556,1.53320163615537,4.45771536277565,63.6236447889879,4.66724774365329,0.837745147538399,18.336238709927,1.52140801533436e-22,0.0669860546566948,0.733093943681983,0.963025199072296,0.456570720371681,8,0.12693716395987,0.0392879051922741,0.0398124753989965,0.0250366660650925,55.9447380697596,55.9084097607231
"10",4,0.842720668980206,0.0521583472924074,0.001,0.001,0.467919978367135,4.36800132792985,7.95448326464459,2.17779855533963,20.5418889936754,7.57030449188384,28.3275544300873,42.9630936684011,13.3125188740929,1.91471964360503,8.45711426510559,11.6921084650468,190.252495218744,0.019563912885371,0.0156537312195973,0.00140905189123217,0.0197271791191887,0.101958008603169,0.104967201593219,0.0320945843852339,0.0200873067400652,0.015504999330123,0.194966081408836,0.292449122113254,0.194966081408836,0.213360141230388,0.000276066397463997,0.00395377296686498,1337.78940455051,240.248501520151,5256.32188052709,1.70735877290651e-15,19.1463502903273,209.99663383447,274.743719088262,132.623420110535,2292.20021962616,36.2058870376943,11.2187348113872,11.3630375867657,7.12698499113182,16043.3427745551,16032.9710045894,26.1723953695984,3.76078546870746,7.40643028668171,3.3681372333845e-17,1.95212374762046,22.0427589976002,8.81778547659122,2.66404732067685,35.5405628698115,7.05891991967022,3.28090914681159,2.21540691119303,1.52061452425474,4.42902784305147,63.3907273364754,4.66901413967647,0.838490458078164,18.3450706810746,5.9588469045168e-18,0.0668226104382797,0.732908520072366,0.95888209672389,0.462868536439335,8,0.12636204020118,0.0391544672767439,0.0396580978903107,0.0248738654856047,55.9928147190271,55.9566162408072
"11",4,0.835320012795811,0.0485193928301464,0.001,0.001,0.450311339722586,4.37700674079033,7.8855492512864,2.17403303887996,20.4854360614713,7.50012900774392,28.7280753259572,42.7577107474086,13.2646548190064,1.90331406025265,8.39904029380689,11.6481038418638,190.426635821498,0.0201454042334059,0.0160523674310899,0.00142393576439028,0.019935571518781,0.102191911177009,0.105193938011824,0.0329761077392893,0.0201633177031469,0.0156122039745038,0.196193591123537,0.294290386685306,0.196193591123537,0.214881932047474,0.000276401630819353,0.00397020073040887,1326.56724015893,238.360297906746,5212.79217758128,3.9586920457235e-18,18.9279080188515,208.098153799149,271.091932107018,133.317423604875,2272.07043480461,35.716371488645,11.0802316331445,11.2173506359212,7.01588644569531,15916.9599810553,15906.7179871077,26.7242332957953,3.82624708298314,7.42268121399187,7.89187883983501e-20,1.93427909502907,21.8906642911228,8.93955676041312,2.68812156751012,35.472027072609,7.00732318425957,3.26080565188085,2.20077230415327,1.5075872344767,4.39947369645007,63.1528633708229,4.67086660637971,0.839270805184327,18.3543330267561,1.39386243844643e-20,0.0666454973539735,0.732717263026383,0.954519465433143,0.469412995522176,8,0.125757972786496,0.0390136906441366,0.0394964890668483,0.0247030596876673,56.0438963061429,56.0078340651464
"12",4,0.827655132987223,0.0451343189117641,0.001,0.001,0.433242386531845,4.3873110618418,7.81612135357306,2.17044055915461,20.4283634171356,7.43084769074173,29.1410421343517,42.5479100409782,13.2165266009872,1.89152491460575,8.34053948650674,11.6029903422255,190.593139866238,0.0207607047619799,0.016470888833709,0.00143944327081507,0.020152695626472,0.102433783457866,0.105425576981855,0.0338970134583852,0.0202413530694372,0.0157272063145139,0.197453409786431,0.296180114679647,0.197453409786431,0.216444777249802,0.000276717547954027,0.00398711914988244,1314.90865843799,236.395370145111,5167.52956671227,1.40489126950781e-15,18.7040161103489,206.126457808329,267.358081828655,133.992961683851,2251.22196172525,35.2149961432942,10.9387260815692,11.0677177193328,6.90309031788992,15784.6477622599,15774.5390522444,27.2984304468022,3.89364186246362,7.43836566154188,2.83123461426787e-17,1.91592313603992,21.7310007456691,9.06264049795396,2.7121988462624,35.4054322518176,6.95332106410947,3.23983314528842,2.18535860223597,1.49413784619095,4.36788902409057,62.8949667357719,4.67269307351745,0.840060639649933,18.3634653697216,4.99245758399107e-18,0.0664670705185015,0.732496257811423,0.950090524610066,0.476160819188754,8,0.12514091188523,0.0388721370617271,0.0393305250481865,0.0245309984897257,56.0927284137301,56.0568058430112
"13",4,0.819720542619525,0.0419854129411759,0.001,0.001,0.416612529671288,4.39489110889882,7.74409640627976,2.16657908268765,20.37156026055,7.35336379046161,29.5538438406462,42.3309721800439,13.1661545266634,1.87970319210876,8.27939803632788,11.5565572404958,190.78626898332,0.021416329369587,0.016905294478164,0.00145581825530476,0.0203819655517069,0.102687965713732,0.105679892472029,0.0348717792985285,0.0203257874348005,0.0158505017230219,0.198791210218565,0.298186815327847,0.198791210218565,0.218104707418999,0.000277142052102937,0.00400478112109875,1302.8598268704,234.355399837057,5120.77420706999,9.00711898318516e-18,18.4749758120731,204.101803571114,263.521435751226,134.588293941929,2229.63987592511,34.6995674850376,10.7925673328091,10.9142613518344,6.78679265090172,15649.1141276119,15639.1423935361,27.9024751746595,3.96184704679332,7.45491657194623,1.83582788835405e-19,1.8971576827522,21.5694566547425,9.1894613479481,2.73561305387609,35.3409106950694,6.89796901441138,3.21820128218169,2.16965922277286,1.48023142543833,4.33702760291943,62.6313422078087,4.67469151745349,0.840872653445239,18.3734575699416,3.23177534827609e-20,0.0662886451271691,0.73232204276551,0.945521072157492,0.482905945108597,8,0.12450285935307,0.0387239839019513,0.0391606248872128,0.024351170695082,56.1493873394918,56.1136085245058
"14",4,0.811511298732901,0.0390561980848148,0.001,0.001,0.400504692240544,4.40399730703562,7.67016470840279,2.16267249977677,20.3112529547591,7.27788687403948,29.9830001898433,42.1039850123692,13.1143098292502,1.86725983155114,8.21615033716151,11.507800372855,190.9810162634,0.0221086264669156,0.0173626208818849,0.00147293221729412,0.0206215821202432,0.102954523374537,0.105937295726452,0.0358910302392717,0.0204126284959169,0.015983096982463,0.200198316520905,0.300297474781357,0.200198316520905,0.219851007052561,0.000277557601085807,0.00402346469867744,1290.37225225557,232.240953686937,5072.29204989094,4.47340781385755e-16,18.2378444332369,202.003322833786,259.56811082332,135.17524124427,2207.31073255349,34.1678595592183,10.6424106015205,10.7557102663072,6.6674988306947,15508.1554752043,15498.3252541241,28.5283581283909,4.03231163211368,7.47114237580919,9.2248746590801e-18,1.87766858100286,21.3996857487687,9.31616691471038,2.75928198136523,35.2796615088339,6.84034796287821,3.19588902922294,2.15327508830131,1.46585633245001,4.30440643096342,62.3569645485894,4.676721707461,0.841715487581662,18.3836085244714,1.62130605279396e-18,0.0660997807486351,0.732124643276124,0.940757844358569,0.48991830375561,8,0.12383525003638,0.0385714994977946,0.0389821337165869,0.024165148050475,56.2065150012256,56.1708871362941
"15",4,0.803022750416713,0.0363313470556417,0.001,0.001,0.384882691693131,4.41347920701161,7.59478067144754,2.15869148414625,20.2492789594972,7.20076429131356,30.4243823915381,41.8715353075689,13.0606654216227,1.85451188110434,8.15158459056332,11.4579376111899,191.177504644785,0.0228416200151204,0.0178417355200484,0.00149087526870964,0.0208728070319734,0.10323177554614,0.106206412262619,0.0369607983239156,0.0205036023863184,0.0161254916830765,0.201664353748962,0.302496530623444,0.201664353748962,0.22167161373233,0.000277987757614763,0.00404287014737918,1277.43808988328,230.04668797846,5022.05177710687,2.12712680650711e-17,17.9941100569102,199.832839204364,255.520819914828,135.730395709904,2184.22188113346,33.6237954468545,10.488011469144,10.5933473368777,6.54590787816866,15361.6738066866,15351.988559766,29.1787554419551,4.10443216417478,7.48725279266793,4.43991073647608e-19,1.85756393054751,21.2235289041484,9.44425349243352,2.78296206537353,35.2216517782113,6.78072097937722,3.17258708255493,2.13630054472972,1.45104196269682,4.27035725473026,62.0660962511844,4.67878506636104,0.842576260097098,18.393925344254,7.79088177764534e-20,0.065905795422478,0.731914063971064,0.935878619738871,0.497130431234282,8,0.123151574434026,0.0384137218283022,0.0387995283020622,0.0239752487957745,56.2641513277579,56.2286778367016
"16",4,0.79425055503958,0.0337966019122248,0.001,0.001,0.369709989039668,4.4197811980477,7.51635860716919,2.15419576883877,20.1862636194428,7.11541692008905,30.8760192399459,41.6309174952031,13.0038698850245,1.84168665995671,8.08437676658632,11.4061527026028,191.395251138131,0.0236183261589024,0.0183382243826129,0.00150985709166066,0.0211385760843361,0.103522411062067,0.10650013816803,0.0380928362475823,0.0206027414295181,0.0162783530089406,0.203223590900537,0.304835386350806,0.203223590900537,0.223609331441988,0.000278549154955262,0.0040632706299518,1264.08372777086,227.773912611506,4970.19269532643,6.20149818880454e-17,17.7439222689819,197.599193354648,251.363076227974,136.24053010411,2160.36150970766,33.065379327372,10.3283308738432,10.4267422603153,6.42102073401027,15211.1145954873,15201.5784448401,29.8555417746534,4.17696911797546,7.50428068795862,1.31090841300917e-18,1.83689361498291,21.0443413941614,9.57513250144076,2.80692841395546,35.1671272819491,6.71966512139693,3.14844073228694,2.11896000353565,1.43580015350718,4.23704311650065,61.768127223827,4.68100814457454,0.843465916562563,18.4050407230186,2.29646683147719e-19,0.0657072334949461,0.731726398444813,0.930818569386523,0.504510118299769,8,0.122443874985891,0.0382466761324249,0.038611101756673,0.0237775787252539,56.3280340892418,56.2927209229798
"17",4,0.785191056088286,0.0314386994532324,0.001,0.001,0.354996714396169,4.42795099234723,7.43531038213739,2.14961859807242,20.1176981702889,7.03263838390364,31.3413491714906,41.3764638403345,12.9457328651867,1.82800163815443,8.01392965008683,11.3509883481666,191.625320376004,0.0244403823279985,0.0188633859304013,0.00152975251400324,0.0214171367104728,0.10383007848925,0.106797368607573,0.0392806743539762,0.0207047769078028,0.0164429440221879,0.204884915940588,0.307327373910882,0.204884915940588,0.225673731158059,0.000279109291363079,0.00408509677541954,1250.28185395856,225.425111494814,4916.58447785605,6.47493428784792e-16,17.4840979696021,195.294199679875,247.072494894916,136.716372528858,2135.71967256014,32.4884293399911,10.1648736602528,10.2542072283923,6.29246588536891,15055.6305516436,15046.2487679291,30.557366528506,4.25228087653042,7.5211574653096,1.38674552834167e-17,1.81537526449752,20.8569066301326,9.70517421379164,2.83068199285406,35.1175190229918,6.65638911436581,3.12394392814139,2.10093238602653,1.420044254536,4.20216637429356,61.4653823240274,4.68331820892886,0.844399625629111,18.41659105743,2.4253873281361e-18,0.0654921081422394,0.73153495634854,0.925486609761829,0.512113548553768,8,0.121695481883337,0.0380756848976081,0.0384103114660187,0.0235703813237848,56.3955307246705,56.3603883458836
"18",4,0.775840804656105,0.0292453018169604,0.001,0.001,0.340706253109496,4.4329958144958,7.34982151216783,2.14429453115336,20.0456161997243,6.9415714003879,31.8197071112083,41.10736285195,12.8831513008407,1.81401610676772,7.93911027330318,11.2931586988147,191.888486402681,0.0253103273152785,0.0194083504723893,0.00155086862598381,0.0217127885485211,0.104156645662915,0.107122057032619,0.0405397353166138,0.0208164812581674,0.0166199145097694,0.206687028364512,0.310030542546769,0.206687028364512,0.227913958926731,0.00027981745793501,0.00410854064823684,1236.06396678334,223.000282583768,4861.39047198849,1.91425239846667e-16,17.2158381966915,192.927701073832,242.642251427037,137.150150939342,2110.28698866461,31.8927694723474,9.99527447175059,10.0768526970688,6.15948570269309,14896.7146045761,14887.4917694898,31.2851835819079,4.32806763982762,7.53937796166355,4.15637575564062e-18,1.79314395884287,20.6668121976031,9.83665264947935,2.85498354658363,35.0727893426846,6.59182174855391,3.0988403673807,2.08275473922406,1.40383277145338,4.16836081223582,61.1658650852401,4.68586111148997,0.845383718069107,18.4293055801468,7.25684196983277e-19,0.0652644433261118,0.731379957740883,0.919845510038733,0.519929854758306,8,0.120904008388088,0.0378916214730608,0.0382008807378201,0.0233503243332447,56.4727534580603,56.4377901184355
"19",4,0.766199007086473,0.0272049319227538,0.001,0.001,0.327005196396492,4.44419174266502,7.27620453505172,2.14130620925193,19.9963175351113,6.86074039883467,32.3266337613827,40.8713921994536,12.8277770083472,1.80094491165121,7.8763570824292,11.2424993670808,192.008630058239,0.0262291668256366,0.0199869532392958,0.00157235265050782,0.0220135921109155,0.104461795233699,0.107435827091334,0.0418328536057115,0.0209218693217079,0.0168073016744056,0.208253470838406,0.312380206257608,0.208253470838406,0.229865881405737,0.000280222626981785,0.00412904031744878,1221.15778243161,220.447534565322,4803.25060008845,1.16225005121866e-18,16.9618253321851,190.422207393437,238.380699352122,137.603526057886,2084.06129927521,31.3156201214632,9.82863000692229,9.9032004569076,6.03485697601576,14720.7495301101,14711.6821702656,32.0299511958231,4.40607456507512,7.55240381210234,2.55852985584183e-20,1.77186272464048,20.4581673478715,9.97214489842443,2.87892299038932,35.0274469648721,6.52158658175172,3.0702694687921,2.06237586755949,1.38720771794942,4.12508710446833,60.7451288185192,4.68760792345715,0.846222842454735,18.4380396171991,4.46148124960765e-21,0.0651106580716567,0.730965859630566,0.915062141156886,0.528212969957234,8,0.120209977057217,0.0377287559069034,0.0380150064121501,0.0231657561247918,56.5079329873058,56.4731264877173
"20",4,0.75626116695547,0.0253069134165152,0.001,0.001,0.313488116942897,4.44980705810066,7.18715815227192,2.13612456617946,19.9203676913078,6.7662749540718,32.8001420218704,40.5886159553437,12.7618431337518,1.78620519559999,7.79800406602499,11.1815929657507,192.310376759397,0.0272195902613937,0.0205931359941229,0.00159574127392642,0.0223410621926885,0.104821832277509,0.107791543840804,0.0432384357552645,0.0210430378253706,0.0170114659456509,0.210227768816687,0.315341653225031,0.210227768816687,0.232323314178368,0.000280984142968858,0.00415440583356292,1206.0289009744,217.852680967622,4744.50051284132,5.79916228681992e-05,16.6804685735918,187.930136293149,233.766690955317,137.808187120916,2057.03037411888,30.6955940674956,9.65128638083376,9.71802949092841,5.89732765489556,14552.5882625125,14543.6869945708,32.8276125279222,4.48626988585051,7.57099529250597,1.29559445315337e-06,1.7484772791313,20.2572795252514,10.1077060485922,2.89990289423118,34.9931021584927,6.45306625331234,3.04345260308034,2.04299965717265,1.37008670558108,4.08904654092076,60.4203780917579,4.69036885851917,0.84725119748779,18.4518442606803,2.25535309921866e-07,0.0648720360514338,0.730879382852666,0.909142398270905,0.535950033037098,8,0.119378282221599,0.0375348327463287,0.0377944034787181,0.0229353060765441,56.5964934523482,56.5618755174697
"21",4,0.746028252442275,0.0235413148060607,0.001,0.001,0.30049809442577,4.46236118191575,7.10244613442408,2.13206916242444,19.8495478152599,6.68284821039904,33.3071075734023,40.3110509190271,12.6981542653641,1.77111755486678,7.72347052725578,11.1225042967041,192.536823721151,0.0282622955182666,0.0212412785462892,0.00161987011775398,0.0226788965405083,0.105182799007169,0.108135383816275,0.0446918613460605,0.0211609804106417,0.017229998282885,0.212156032138567,0.31823404820785,0.212156032138567,0.234725551935731,0.000281519371809197,0.00417949099192553,1190.30818019997,215.156682033708,4683.29287387486,4.55534238844747e-17,16.3989072997172,185.323045205074,229.154151634984,138.044684760512,2029.19684664299,30.0731828712334,9.473181835832,9.53166194133439,5.76192722023805,14372.5254367721,14363.7910131476,33.6408415466216,4.57020301417336,7.58632617908002,1.03310138734192e-18,1.72488297044334,20.0399786232515,10.2413255717449,2.9211608700104,34.9630581832944,6.38020715173838,3.01468900502589,2.02219957715969,1.35247154698389,4.04614433227179,60.0333351493515,4.69272631551408,0.848243707414204,18.4636315855613,1.79591936424842e-19,0.0646518146402475,0.730626190403024,0.9034279824122,0.544233783879122,8,0.118561914467727,0.0373475125451885,0.0375780672322772,0.0227160897860464,56.6629125628669,56.6284775650443
"22",4,0.735497585086827,0.0218988974940099,0.001,0.001,0.287734822710826,4.46447949360968,7.0021092273048,2.1252168429507,19.7554444126455,6.57936168749918,33.7933031968773,39.9878160103778,12.6220700843946,1.75480396581733,7.63303414381945,11.0525213292074,192.942104579085,0.0293789067173169,0.0219100535347927,0.00164628082559262,0.0230486796443666,0.105598234565556,0.108535970972274,0.0462784282213752,0.0213008697110156,0.017467297941504,0.21453684197254,0.32180526295881,0.21453684197254,0.237690058587122,0.000282563557545471,0.00420971872624736,1174.35596437298,212.414591703366,4621.4339279664,5.11692822736304e-15,16.0931735135938,182.720594177388,224.209334186131,138.082738296723,2000.55343143617,29.4109421085292,9.28350206586893,9.33418732331455,5.6140781796645,14199.4021482084,14190.8451979487,34.5012943302384,4.6540150757919,7.60817806235427,1.17938439475707e-16,1.69941071159267,19.8317571056737,10.3760555786952,2.94128241779877,34.9442628347937,6.30973063940105,2.98747982348561,2.00252707072402,1.33441057143714,4.01223358601658,59.739466771082,4.69612436606575,0.84942331803006,18.4806218333243,2.04620507383886e-17,0.0643548860458708,0.730680186017188,0.896589236410145,0.552178156811721,8,0.117611223559935,0.0371237355423371,0.0373264204860099,0.0224501004229984,56.7818961496665,56.7476778173779
"23",4,0.724674630593327,0.0203710674362883,0.001,0.001,0.275728527407037,4.47547534478533,6.92384323320716,2.12212217166528,19.7069175018836,6.49126842113283,34.3765036692876,39.7277102466377,12.56004783552,1.74061697621156,7.56546830143451,10.9958256638069,193.038471693637,0.0305321254146114,0.0226144215192667,0.00167265524760858,0.0234179555634464,0.105957041127448,0.10891363335903,0.047872608764103,0.0214303137274889,0.0177165607553329,0.216403035897848,0.324604553846771,0.216403035897848,0.240021888195683,0.000283092212896598,0.00423375468371108,1157.50606492508,209.511311367452,4555.58231069171,0.0114342288427044,15.8189512616362,179.895473724654,219.630235125547,138.398778320173,1971.11499521385,28.7896637473009,9.10194802543996,9.14589901363746,5.48250294660758,13997.3961016476,13989.0083164887,35.3411203424658,4.73797710831788,7.6199186578913,0.000267766262940729,1.67612926942227,19.5930696681961,10.5142723189333,2.96592923890249,34.9213785684538,6.23017063739413,2.95453377793444,1.97920031256628,1.31592070928315,3.96255383720563,59.2260294804071,4.69787330616699,0.850326081943165,18.4893618961991,4.64071507566767e-05,0.0642030578633792,0.730126752265458,0.891394913676129,0.561707576295549,8,0.116846206607758,0.036941317163294,0.0371196973726851,0.0222513773571603,56.8100638902764,56.7760210863637
"24",4,0.713556657204556,0.0189498301732914,0.001,0.001,0.264287374614232,4.48784142887662,6.85196424798717,2.11958833153001,19.6723842232233,6.40386436160968,35.0495586398544,39.4856559365347,12.5015284555005,1.72711389165372,7.50542975760014,10.943218422067,192.987565804175,0.0317230862530048,0.023345453229413,0.00169998694029808,0.0238006348716042,0.106297565507078,0.109303006819341,0.0495187808039654,0.0215661787688284,0.0179825920433215,0.2181274137291,0.32719112059365,0.2181274137291,0.24218245702088,0.000283517481949805,0.00425618380501543,1140.00927209839,206.49606666341,4487.00004012159,9.13166898475874e-18,15.5498070900633,176.916700716799,215.117445479596,138.943588330831,1940.87410759639,28.1752526576029,8.92054885465454,8.9588041150686,5.35554936871675,13778.9758193653,13770.7562337271,36.1646124680025,4.82074426634839,7.62784146932367,2.17339519274595e-19,1.65290663777844,19.3375273449037,10.6523536298131,2.9964822647252,34.9019472843516,6.14579499336688,2.91872437606482,1.95416077172553,1.29702010481245,3.90658052815371,58.6108696648046,4.69895195216014,0.851146669864696,18.4947597479297,3.76394077246671e-20,0.0640940369257456,0.729224837507449,0.886682735939017,0.572705206533568,8,0.116134282166278,0.0367692013397072,0.0369268839437024,0.0220747934047063,56.794928699129,56.7610487659337
"25",4,0.702146414976813,0.0176277489984106,0.001,0.001,0.252115221274971,4.48466727988617,6.72011355106192,2.10944891400735,19.5155466209346,6.28167992501834,35.358122705651,39.0568309868378,12.4036103042235,1.70625980856713,7.38138637027375,10.8503675835529,193.879851002733,0.0331484765960352,0.0241541971733267,0.00173272659208912,0.02425903097104,0.106875434011615,0.109804768929576,0.0515159819859864,0.0217382888826153,0.0182835806002188,0.221609849070449,0.332414773605673,0.221609849070449,0.246519873960188,0.000285206400583057,0.00429907487776898,1123.19184237667,203.575564111186,4422.30998012171,0.00325339032434798,15.1839130887493,174.338325973719,209.444283679969,137.925439433795,1909.83824873693,27.4236138577635,8.70915050788,8.73639567915512,5.18281397744642,13621.2237546228,13613.2042317808,37.2320984998806,4.91720431521279,7.66265410101801,7.89240966392393e-05,1.62278730135473,19.1431795991134,10.7897279451251,2.9982630466735,34.9186815541624,6.07734292798522,2.89505029437466,1.93607132787729,1.27766664847919,3.88486019859241,58.5241843187871,4.70486688857337,0.852744735825958,18.5243330760451,1.36279198576093e-05,0.0636029280439477,0.730274728088695,0.877327842055668,0.577747103033513,8,0.114873032314229,0.036481206777128,0.0365953323426543,0.0217099599125698,57.057078058338,57.0234855890391
"26",4,0.690448610273246,0.0163979060450332,0.001,0.001,0.240930052587052,4.48393034135474,6.60935778079797,2.10084728660608,19.4031936627522,6.16979785652927,35.9098887920921,38.6826630617198,12.3155072633641,1.6880548356653,7.27911609956388,10.7704509266389,194.346262035814,0.0345549175937776,0.0249765478360349,0.00176578717336979,0.0247219213408314,0.107377946592309,0.110288446736871,0.0535113971224626,0.0219145631296742,0.0186009265743931,0.224625035665585,0.336937553498377,0.224625035665585,0.250284127090221,0.000286590835681927,0.00433678601359861,1105.39140853024,200.500173595152,4353.19440520226,3.90162183531416e-16,14.8474351887436,171.446312427877,204.107808830261,137.744071175371,1878.02021994323,26.7083909526327,8.50322487479985,8.52367964361897,5.02585559496149,13426.4384880473,13418.6106534428,38.1967090306322,5.00780217693262,7.68681484389128,9.6455588114307e-18,1.59428710272968,18.9085474964349,10.9220940141118,3.01860114351101,34.9329162163896,5.99937327030549,2.8650557861616,1.91463184394993,1.25789188046644,3.84789422652147,58.1936430037761,4.7087518943269,0.854091650200497,18.5437594717009,1.66201483621176e-18,0.0632471792628192,0.730327865939846,0.869459472961078,0.586762888759675,8,0.113772538416823,0.0362220801863651,0.0363092135136932,0.0214091649987173,57.1940103539597,57.1606653046512
"27",4,0.678467436105222,0.0152538660884029,0.001,0.001,0.230035660212136,4.47378097704704,6.49975094227301,2.09266017417768,19.3085092862777,6.04098763076917,36.4197907772082,38.3240422691804,12.2278904301544,1.67072346238101,7.17736290458971,10.688679099169,194.845785423946,0.0360763485079198,0.0258239831973769,0.00180110944206769,0.0252164788354121,0.107896461074043,0.110838907426966,0.0556650334327693,0.0221068390982435,0.0189393378413179,0.227731148161031,0.341596722241547,0.227731148161031,0.254165192476449,0.000288259524341663,0.00437388643130687,1087.14389467816,197.319641284332,4282.32483527744,1.19896938286763e-16,14.5199965734884,168.51138582284,198.821644513446,137.27578928945,1845.4314262062,26.001614699559,8.29622546912245,8.309116160321,4.86960700787371,13227.2856479901,13219.6520472493,39.2201820226667,5.09557910103903,7.71293569481917,3.02337860673887e-18,1.56665624508662,18.6776178936076,11.0674134889991,3.03473378590625,34.9512492439044,5.92137756957132,2.83396342722907,1.89224456339328,1.23768460244089,3.81289106922094,57.8212567160618,4.71280104691005,0.855386500878995,18.5640052487063,5.19756785688837e-19,0.0629446160601621,0.730501858502591,0.861897729452582,0.595094620542618,8,0.112717771379942,0.0359643836181012,0.0360202651470077,0.0211098908958521,57.3406758339754,57.3075839482195
"28",4,0.666212450387864,0.014189642872933,0.001,0.001,0.21956070705704,4.47497913653101,6.39124203729634,2.08538834186276,19.2059800409812,5.92863244679954,36.9531441154365,37.9549330606214,12.1389596638695,1.6521969938718,7.07783113146725,10.6079733245062,195.309177220446,0.0376884979519586,0.0267482483080665,0.00183785584340232,0.0257309762151276,0.108438190676598,0.111370603744359,0.057909290559518,0.0222952354667139,0.0193038476002768,0.230903021163631,0.346354531745447,0.230903021163631,0.258135818736119,0.000289633181922478,0.00441276053994974,1068.37442481228,194.053707432296,4209.31051985254,0.00444476296208844,14.1845747024451,165.485333991784,193.486529566228,136.77024828156,1812.09786505499,25.2860489586239,8.08712606282591,8.09348691100968,4.7153392215263,13019.1796738241,13011.7405539271,40.2654273214626,5.19059675149995,7.73610593560585,0.000114368090059378,1.53814961625019,18.4302015575018,11.2046676600035,3.04932489027831,34.9804610238084,5.83862509783775,2.80101276065647,1.86881057950044,1.21719795056723,3.77078643495013,57.4176952724332,4.71663013533703,0.85670299016177,18.5831487405888,1.96226177307639e-05,0.0626216717142469,0.730580117919899,0.854199028860315,0.603809544369878,8,0.111632156060651,0.0357028225407925,0.0357309042390559,0.0208171503866684,57.4767176757488,57.4438756530723
"29",4,0.65369950928666,0.0131996677887749,0.001,0.001,0.209597842072657,4.4885082327691,6.29527944195309,2.08098656125679,19.1239245722709,5.83216248033568,37.5546236104024,37.6098636541357,12.0615831181522,1.63420646684585,6.99110963671558,10.5362128160765,195.581941619199,0.0393776717981195,0.0277439161993275,0.00187537224699613,0.0262562552536383,0.108959293771733,0.111883921470204,0.0602098990438709,0.0224758092804675,0.0196924879226182,0.233786556736083,0.350679835104125,0.233786556736083,0.261752643017945,0.000290501562181858,0.0044487911067951,1048.93413385572,190.670597516801,4133.38150033373,2.98696370958905e-05,13.8616400024543,162.30867673976,188.324680648301,136.385772364251,1778.06266525972,24.5855494150467,7.88465096555636,7.88329693255799,4.57008493889022,12792.4319442304,12785.1819261803,41.3045840608152,5.28994907918183,7.75162895197313,7.84264815923244e-07,1.51035450518543,18.1597312422842,11.3390100093035,3.06538060822817,35.0144775612853,5.7477709432086,2.76498810045489,1.84300884559086,1.19623181157102,3.71622146390403,56.8786036519482,4.71944731465357,0.857880214200215,18.5972365590613,1.34391830746989e-07,0.0623673856868461,0.730272019815691,0.847325279711864,0.613637640692849,8,0.110617246041575,0.0354752444651535,0.0354691522929267,0.0205620871668105,57.5567203301548,57.524100476235
"30",4,0.640917733369807,0.012278760733744,0.001,0.001,0.199720568295242,4.47808357819304,6.18227376077991,2.07403938570865,19.0425574429605,5.69930811182002,38.0528799364791,37.2154155567522,11.9667802972416,1.61605589062432,6.88857776474695,10.4518674538805,196.13244023355,0.0412272376814383,0.0287543164036433,0.00191724268141498,0.0268424969131847,0.109570962837881,0.112523938530889,0.0627929605992918,0.0226937684974658,0.0201098921807595,0.237317041725005,0.355975562587507,0.237317041725005,0.266185128284678,0.000292297938776648,0.00449113635105802,1029.37039270593,187.235466917265,4057.29177137197,0.000454897831514364,13.5340013759147,159.193913723379,182.925496780686,135.493141983787,1743.29623476588,23.8520197850491,7.66972170384256,7.66403252698871,4.41501164712327,12577.5272584229,12570.4759034776,42.4380978423228,5.38382785772292,7.77881295502811,1.22105936382388e-05,1.48293356180819,17.9131261623012,11.4864335119555,3.07484999717432,35.0574993202658,5.66049077455413,2.73023349841497,1.81880552698917,1.17521044166785,3.67638529254411,56.4557212802071,4.72378874996732,0.859225016073808,18.6189435413625,2.08752969205125e-06,0.0621076377313801,0.730542110049399,0.83944652954638,0.621779083929397,8,0.109457104578683,0.0351964126389459,0.0351703049620502,0.020260522837491,57.7183705561644,57.686011833397
"31",4,0.627864438882668,0.011422103008134,0.001,0.001,0.192179676259629,4.57004491211828,6.22589315058084,2.09460890868007,19.2687008166296,5.71292740321094,39.5354942057993,37.3140767761492,11.9879179719289,1.61184346458143,6.95235303870407,10.4736909372828,194.06027143755,0.0427399584047275,0.0298819121683699,0.00194645152804451,0.0272514647962201,0.109565448133022,0.112755915364194,0.0644971600278995,0.0227578808664652,0.0205135170907116,0.235497365832489,0.353246048748734,0.235497365832489,0.263959122217455,0.000288756543530892,0.00447408543465667,1006.40274456279,183.272628379142,3964.64415861288,9.62601489060353e-05,13.4132624733581,154.862753535275,180.123471564482,137.905171585962,1707.79127376086,23.4281818774817,7.5267873908166,7.51885561178756,4.36513523956014,12191.2765099591,12184.3543435555,43.0136114410172,5.47653658409183,7.71698768068478,2.62323005919173e-06,1.46963011381933,17.4616915306895,11.6174523702752,3.13842946582276,35.0328054816615,5.5172751183914,2.65880790557776,1.7706706906508,1.15221726619478,3.52031086624514,54.5138422991975,4.71440630960253,0.858524721117911,18.5720314632223,4.5092231297823e-07,0.0628332638979692,0.725441128150233,0.843772769339984,0.646004807284303,8,0.109747284635733,0.0352585822703792,0.0352214265399294,0.020448097172659,57.1089767105402,57.0765504228087
"32",4,0.614616717862804,0.0106252121005898,0.001,0.001,0.18298092515079,4.58490230775158,6.11033997554962,2.08812509510452,19.1448971694967,5.60628150096889,40.1142075633461,36.9039938267731,11.8910240454737,1.59026415971837,6.84408895332128,10.3854240913567,194.553469823039,0.0447895828812345,0.0310841561443364,0.00199168974295758,0.0278848597491566,0.110218499929512,0.113373171147508,0.0672808936569207,0.0229770180616278,0.0210002238531467,0.239247290762132,0.358870936143199,0.239247290762132,0.268663631400389,0.000289975244834885,0.00451997924900179,986.013750234637,179.709380127264,3885.22022547092,0.0010706548494801,13.0501704545771,151.608803199472,174.537966852963,136.971458845839,1671.75747258683,22.6818115618405,7.30842217085674,7.29326815156575,4.2064914892514,11964.3005126916,11957.5815071456,44.1631445881711,5.58611443247777,7.73815327220178,2.98550603175068e-05,1.43837021132793,17.1883707926027,11.7430703869294,3.14719568382836,35.1072811524941,5.42656196574755,2.62278030618507,1.74489464606385,1.13013127895711,3.46935097044587,54.0480202805457,4.71845356232879,0.859978235236176,18.5922673075732,5.12349365041998e-06,0.0624500654841216,0.725506208576426,0.835231041416018,0.655460907897812,8,0.108541158314039,0.0349736001337462,0.0349010823455408,0.0201296733921214,57.2537617872446,57.2216087714819
"33",4,0.601155554411802,0.00988391823310676,0.001,0.001,0.172469163491116,4.47630847804044,5.85035181552174,2.05400722623883,18.7634321911538,5.34104353737295,39.7658472522888,36.0212141527792,11.683355341561,1.55792522169094,6.580624846113,10.1930563680442,197.540365193997,0.0474330102097393,0.0322274940890205,0.00205629009852811,0.0287893473030183,0.111512293702803,0.114503463390266,0.0713898145830901,0.0233917026390045,0.0215634485637653,0.248706709989709,0.373060064984564,0.248706709989709,0.280503497564311,0.00029713468565627,0.00462685292684481,967.935280891374,176.456706382102,3817.71195958736,6.45344454094343e-14,12.5145193343969,149.34044844165,166.661687402407,132.808110842248,1635.1431080001,21.6543529646002,7.02351395774618,6.99966666875552,3.95597917774114,11881.6988940613,11875.2487756907,45.9120840608874,5.6867574618972,7.85032330153184,1.85790456189988e-15,1.39552275556667,17.0999985708244,11.8979469617628,3.10660783686981,35.2593243037555,5.38558288278164,2.62019257349678,1.74086406821081,1.10966599564797,3.53046486594936,54.9450295548148,4.73566026682633,0.863321163848079,18.678301322539,3.15737234710249e-16,0.0612277629923317,0.730653837996133,0.815398660029196,0.649768745952431,8,0.105944747508174,0.0343628098281205,0.0342461360574934,0.0193547789591559,58.131664860055,58.1001074099991
"34",4,0.587487009789032,0.00919434254242489,0.001,0.001,0.16533716548446,4.54946441676064,5.85390443720427,2.06855778602786,18.9174541166572,5.31798670944273,41.1603633069363,36.0003020950707,11.6734108892725,1.54925261899706,6.60285880112679,10.1861903621524,195.954917139275,0.0493617716287001,0.0335587416035003,0.00209569357742032,0.0293410538445203,0.111689790077068,0.114899780785631,0.0737202856629487,0.0235218120628836,0.0220819285213237,0.248186031311268,0.372279046966902,0.248186031311268,0.279899218809755,0.00029471139753809,0.00462453654129826,944.597615611465,172.40529419686,3724.26016187302,1.48234312027375e-15,12.3290093801055,145.09986732581,163.132668281701,134.339882005679,1597.96466662617,21.1497098293349,6.85797725737741,6.83142815273335,3.87909377313317,11518.3960476421,11512.0968323611,46.6270117828278,5.78570471902787,7.80490810187963,4.34935093080065e-17,1.37702446952219,16.6719429477597,12.0261869066861,3.15991745708754,35.2861415480399,5.24906254592754,2.55308123749715,1.69546504141496,1.08575531678976,3.39460259659782,53.2381124682176,4.72900376504981,0.863124437217324,18.6450188275372,7.42115593032966e-18,0.0617235644196622,0.726423407757386,0.81670225475575,0.672554955995691,8,0.10588324145609,0.0343335614390367,0.0342006468373635,0.0194201729444906,57.6653353516821,57.6337991586104
"35",4,0.573630188852735,0.00855287678365106,0.001,0.001,0.156801095196688,4.540259880961,5.71176362453191,2.05758947887823,18.7532288507741,5.17883680638408,41.5115384106692,35.4794056838352,11.5544841608332,1.52546330093458,6.46481862730501,10.0767067371993,196.989103208509,0.0519775063699399,0.0349768750697692,0.00215369783330676,0.0301531916494675,0.112561665895255,0.115726999159283,0.0773585193453124,0.0238110926918678,0.0226924784107876,0.253625703983918,0.380438555975877,0.253625703983918,0.286740301086564,0.000297211986801852,0.00468777199907431,923.65361702306,168.695749474845,3643.09616900854,0.00595441413242335,11.9377136486184,141.912740721482,157.177058780688,132.290397878221,1560.27411367944,20.3520581828012,6.62800093127466,6.59450969335364,3.70841513007965,11305.9741772151,11299.8896475428,48.0092117624341,5.90045015418275,7.84612832572185,0.000179544590495259,1.34372893526901,16.4231356261664,12.1589845423252,3.14997892612238,35.4064866395814,5.16180508413461,2.5215471033009,1.67253716340559,1.06335207095301,3.36027104794053,52.9713062823808,4.73585306030567,0.864954423050841,18.6792622504895,3.05300925278144e-05,0.0612082892048596,0.727629790059508,0.805894591995933,0.678293111285444,8,0.104351193187751,0.0339837769436269,0.0338120571791194,0.01901417243325,57.9691687663949,57.9379715319144
"36",4,0.559505023499587,0.00795616444990797,0.001,0.001,0.147679630089381,4.48353126750703,5.48411646008269,2.02827874465074,18.3336264570602,4.97888719769662,41.1457524616781,34.6977793417181,11.3637553534466,1.49196136967859,6.23428151503039,9.90526892216522,199.705082570588,0.0551821349470941,0.0365118936586693,0.00222594044747016,0.0311646818407437,0.113879184388046,0.116832632918768,0.0820674374237631,0.0242193508721151,0.0233939732918017,0.263237702513859,0.394856553770788,0.263237702513859,0.29882716721795,0.000302967587173038,0.00479471949592049,903.831143302127,165.129470671145,3567.99464118358,0.0253176505081022,11.3925882483796,139.322503074617,149.818027223669,127.895862210997,1521.85769911009,19.4135818459714,6.35807820607368,6.31847025783759,3.48811182557012,11179.4334261076,11173.5996916644,49.8753321190843,6.0291896730572,7.94214358816729,0.000789016523040147,1.29737865779431,16.2774148590406,12.2951815741301,3.09755476197982,35.6022983669042,5.11038668269828,2.51052884905541,1.66325959407531,1.04234257577455,3.38700597106943,53.5742762812345,4.75121183977545,0.868043884040338,18.7560458710373,0.000133088488641714,0.0598879564756202,0.732383179159824,0.787555496435196,0.672316216694087,8.00002121198014,0.102052292181524,0.0334228098630782,0.033214600891742,0.0183361221030305,58.7674554586008,58.7367889913495
"37",4,0.545358189634142,0.00740108320921671,0.001,0.001,0.14052103852729,4.47986689749911,5.41304417033,2.0318261910592,18.419650931304,4.85226532601923,41.9778063084867,34.4317310225935,11.2908949595814,1.47937178829878,6.17766070390384,9.84316983806366,199.462188181151,0.0579008732536221,0.0379810981128695,0.00228530718700578,0.0319959030421577,0.114505486791592,0.117706196028539,0.0857423571949928,0.0244964901741414,0.0240552740551006,0.26605890140783,0.399088352111744,0.26605890140783,0.302426937296781,0.000303944796805218,0.00482502267739149,881.056526183572,161.081143796987,3478.17349205686,0.0022369035594671,11.1533805387962,135.541980709956,145.293442742299,127.183002517828,1483.37427580487,18.7776264964513,6.15758203450654,6.11833497937799,3.36903785765498,10883.484367097,10877.8337846937,51.0139422518316,6.11803872668662,7.94869487905054,7.15717494033669e-05,1.27712326796673,15.9541309515425,12.4578022657004,3.11553717149577,35.6829747307724,4.99595467669239,2.4574192671441,1.6278374830584,1.0188878009275,3.30797844449007,52.4857946920423,4.75163438144709,0.868728257861078,18.7581707397191,1.20638659896047e-05,0.0601514033010692,0.730992753053707,0.783583456243849,0.685911867785731,8,0.101269797125275,0.033208514587004,0.0329968509184682,0.0181695903055995,58.6958236750693,58.6653494650443
"38",4,0.531018615347814,0.00688472856671322,0.001,0.001,0.133173205798105,4.51020348750901,5.29940833451693,2.02687504378982,18.2605581582395,4.75532482793739,42.3739399498375,33.9939412149811,11.1969740604081,1.45556343523793,6.07095295709198,9.75247510476279,200.170610111281,0.061086178278331,0.0398065201851742,0.00235107320484291,0.0329167177697279,0.115378669018729,0.118538913292289,0.0899539103134776,0.0247791397646531,0.0248129293861352,0.271146072332424,0.406719108498636,0.271146072332424,0.30886946775681,0.00030514366865514,0.00488398308904527,858.773737827721,157.122981986674,3391.13588067272,0.0116266296828168,10.773004687903,132.09646506202,139.836106123143,125.007505105523,1444.37063374605,18.0514155941943,5.94580166164327,5.8971639923146,3.2237890331167,10634.8833328581,10629.4320214619,52.4592056496928,6.2545191540073,7.97280870303098,0.000382710487882421,1.24297494222277,15.6585714182046,12.5788045487871,3.09757844064033,35.8390665425482,4.89457043840604,2.41827115113326,1.5989928544163,0.995730002818996,3.24516731590772,51.9139662389765,4.75652837444054,0.870264062786529,18.7826354341067,6.43969319850403e-05,0.0596689211824399,0.731648578146015,0.774516473021721,0.692384639703227,8,0.0999821800440621,0.032932276648259,0.0326628850215265,0.017855743991447,58.9039022776361,58.8737088562591
"39",4,0.516321671371404,0.00640439866670997,0.001,0.001,0.125251517523833,4.40261504645878,5.04593868142466,1.98891429255484,17.8417802482276,4.5281670542839,42.2120365636388,32.9987011149527,10.9582299943648,1.41739315020885,5.79897100320791,9.53747116314517,203.144528806962,0.0647940526641306,0.0414995715622968,0.00244220185786006,0.0341926427295591,0.117033623363446,0.119883875310107,0.0958985774789886,0.0253309429346918,0.0256806279968406,0.284391215034486,0.426586822551728,0.284391215034486,0.325564049387027,0.000313829770326294,0.00503032328444541,838.060723230342,153.41530078312,3312.55620195885,0.0057638031732981,10.2390173497526,129.282320730874,132.152076086937,121.08327372516,1404.398539624,17.0379445127578,5.65797162596268,5.60439803032252,2.99413440061061,10493.9758465163,10488.7922643567,54.3013506367262,6.36666925360036,8.08993091068979,0.000197079662668081,1.19830930012274,15.4988656183014,12.6731961076323,3.0671534970777,36.0658364553902,4.84544174167334,2.41361613800726,1.5938415653803,0.974782519871792,3.29332202972189,52.7620159531045,4.77393186604438,0.8739154250354,18.8696560669719,3.28329473937806e-05,0.0583255721787723,0.736444237923862,0.752791521792809,0.689739159536582,8.00002046998984,0.0970550032792727,0.03223008821872,0.0319249114119376,0.0170557970682585,59.7779186000761,59.7483908255772
"40",4,0.501453352739688,0.00595758015507905,0.001,0.001,0.117905153499821,4.27615872573789,4.84111528614363,1.95867300451286,17.5899860034686,4.28759925582595,42.1160394084969,32.2127971908418,10.7673125538058,1.39118886200649,5.59331321774851,9.36613830510453,205.481772844294,0.0687510498146449,0.0431382628176278,0.00253834025924373,0.035538717505029,0.118507304836288,0.121409517339994,0.102218578714955,0.02591223158277,0.026579713821082,0.295887455940967,0.443831183911451,0.295887455940967,0.340145507427577,0.000322332481782319,0.00515054583758286,816.304251204964,149.46876644584,3229.05055683999,7.10001972597658e-18,9.80274060111736,126.199506258294,125.546403931723,117.329050919487,1363.95372828593,16.1532151524712,5.39930498010207,5.34485902230564,2.8047856659632,10308.8962671828,10303.9523919666,56.1217742384989,6.44782292996726,8.19642902756034,2.52325595321615e-19,1.16169636864767,15.321821143365,12.8331749726744,3.04025753881235,36.253499763038,4.77953373673179,2.39637992161769,1.58147673847314,0.954035243574649,3.3228921182375,53.0709791030957,4.7878727769351,0.876679787973343,18.9393638874477,4.16437757264234e-20,0.0574960559058287,0.740198497784158,0.736367853946,0.688170578570212,8.00000357099653,0.0947435211495346,0.031668566334723,0.0313492242281949,0.0164509212286721,60.4648128746535,60.4358155424395
"41",4,0.486930619949823,0.00554193502798051,0.001,0.001,0.111996120016309,4.29037252270658,4.72695530305176,1.94481404351112,17.4251799620383,4.19607785346773,43.2710534047546,31.7410692985374,10.6376724902012,1.36389376087052,5.48082740012155,9.24601742140609,205.564070560817,0.0720429082217353,0.0451460426635639,0.00261893594609089,0.0366671732322238,0.119437390052169,0.122318810279899,0.107173566625958,0.0263327114263413,0.0275272296519373,0.302733456459462,0.454100184689193,0.302733456459462,0.348855372171232,0.000324848500718085,0.00523001046072484,793.180605902608,145.42351074248,3138.12092663271,0.000486211335135074,9.43184318954663,122.310311091674,120.229735144965,117.055560334773,1324.76244159179,15.4556985514071,5.17980846047683,5.11889937701848,2.66878268377916,10014.2831570167,10009.5440317588,57.143037594302,6.56529602026523,8.21853769793846,1.78279952528686e-05,1.12651473394077,14.9608517376978,12.8854495299802,3.08239029114424,36.4670399639582,4.67895704446298,2.35215197855717,1.54966210167299,0.931019176393919,3.25312486932325,52.3500199931843,4.7909990446854,0.878392507150591,18.954994927663,2.93683181965417e-06,0.0569705706045577,0.738783297567584,0.726216125225122,0.70704335628684,8.00187945200549,0.0933560861721689,0.0312872720300034,0.0309193667150096,0.0161200805885928,60.4886461941146,60.4600207531814
"42",4,0.472119314066298,0.0051552883981214,0.001,0.001,0.106035658786913,4.25637897807874,4.62167995560704,1.93860315959967,17.4094337653958,4.05501851323245,43.9623472433404,31.2940193604164,10.5307581952409,1.34658419415103,5.38079118158509,9.16208377700514,205.936266017862,0.075950871824617,0.0471537572622068,0.0027090295770677,0.0379286202793763,0.120453966493629,0.123539520490201,0.112928863805764,0.0267817110835779,0.0285102211849382,0.309269025168325,0.463903537752488,0.309269025168325,0.357197997783793,0.000328179500441766,0.00529681203299698,770.141655095605,141.210985529323,3048.10544143994,1.246711677185e-06,9.13458192155828,118.54105974506,115.326465693812,115.308184584835,1286.41233741256,14.7745109548172,4.97177433573519,4.91581251736337,2.54037544178394,9727.20212506564,9722.64886537278,58.4929301329647,6.65862853440671,8.25740779488179,4.72860538018143e-08,1.10029662471269,14.6445056793049,13.0236867375366,3.08815048512292,36.6759002746655,4.56929860033507,2.30642370325458,1.52030854515522,0.907417021424341,3.19226833410012,51.499043502711,4.79777557812216,0.879706497178167,18.9888778898297,7.76667876381182e-09,0.0569059909558691,0.738478950835305,0.71845289364101,0.718339007244124,8.01400320966519,0.0920412334129893,0.0309728182212968,0.0306241911294947,0.0158258564164267,60.5978555897025,60.5694900052536
"43",4,0.457782387564895,0.00479561711453154,0.001,0.001,0.100621608330521,4.13841458004452,4.52232536871025,1.9281997593518,17.5121371715115,3.86629271828461,45.0687863315992,30.9687243447496,10.419206711823,1.33853173671866,5.30529169993084,9.05689571921769,205.774573325771,0.079803023328405,0.0488334869370024,0.00280772219787788,0.0393104745896531,0.121374983563768,0.124956041825004,0.119250960152612,0.0273798074917624,0.0295375209563776,0.315079522798562,0.472619284197843,0.315079522798562,0.364707816580439,0.000334219010448279,0.00535019077138586,746.548785680538,137.069839298395,2954.5138670794,9.70906186220554e-18,8.89944385527655,114.668221975263,110.95874350994,114.620536730731,1245.48901250529,14.1769365703785,4.76972932507053,4.71520057583842,2.42866910112256,9424.36185019163,9419.99754772188,59.5768501594564,6.6935982068352,8.29545416853686,3.81667829623601e-19,1.08016985166087,14.3284871411397,13.2319367008878,3.13828823028989,36.7886578078131,4.46686240934035,2.25426605943229,1.48566314733468,0.885754605066787,3.14980089167756,50.398783946299,4.79645303584021,0.880651150246799,18.9822651633769,6.23791239599764e-20,0.0571774615613623,0.736724447158906,0.712891658749559,0.736418077313712,8.00206184742624,0.0910844833669105,0.0306447256230089,0.0302943873868326,0.0156037991174436,60.5499732559363,60.521933331109
"44",4,0.443332672896716,0.00446103917630841,0.001,0.001,0.0950780018188521,4.40202576653572,4.48945550825642,1.95627918712096,17.3368597841727,3.92139641607942,45.1858589916122,30.7592135994727,10.4132787062671,1.30887820821272,5.27859299402275,9.05018912903373,205.802893695715,0.0848426257511529,0.0524140143703204,0.00288074445860858,0.0403328833609024,0.122269487679218,0.125644433530266,0.124088953903053,0.0274162982349572,0.030713636663076,0.317123764344038,0.475685646516056,0.317123764344038,0.36734418804846,0.000325978780807047,0.00538204486852642,722.941944209148,132.847375673899,2861.04237904867,0.0179809853882683,8.55327886871146,111.076524875385,106.847795934897,111.29093135492,1206.14369212809,13.6365643812553,4.61654668246786,4.55027885832089,2.34017274117399,9128.1381105019,9123.91469520001,61.3362928123476,6.9630642576311,8.24193197928874,0.000725224986379117,1.04580502525483,13.9561470464783,13.2586312244083,3.05118536487263,37.0450591234831,4.32447862930349,2.19602499332128,1.44300156036581,0.859648855499696,2.97557933229975,49.1053182661741,4.79617218829397,0.881341708831138,18.9808490126198,0.000119290217877279,0.0567445263861581,0.736908604690868,0.708854191333527,0.738331029274709,8.00184977176725,0.0904682752925668,0.0306272903125503,0.0301876534956547,0.0155252735118316,60.5582820130711,60.5302628516809
"45",-1,0.428531436389545,0.00414980388493805,0.001,0.001,0.0950780018188521,4.40202576653572,4.48945550825642,1.95627918712096,17.3368597841727,3.92139641607942,45.1858589916122,30.7592135994727,10.4132787062671,1.30887820821272,5.27859299402275,9.05018912903373,205.802893695715,0.0926440685756697,0.0524140143703204,0.00288074445860858,0.0403328833609024,0.122269487679218,0.125644433530266,0.124088953903053,0.0274162982349572,0.0319310096740128,0.317123764344038,0.475685646516056,0.317123764344038,0.36734418804846,0.000325978780807047,0.00538204486852642,698.805589387209,128.412093668044,2765.52276703215,0.0173806668608185,8.26771655583163,107.368090971038,103.280543632988,107.575339212061,1165.87501999938,13.1812899859949,4.46241728152132,4.39836189466575,2.26204303784436,8823.38337595714,8819.30096485497,64.7401929442499,6.7305933228398,7.96676438628373,0.000701012409232095,1.01088946755852,13.4902029692821,12.8159746179561,2.94931758256456,37.2275665422903,4.18010029926906,2.12270784958489,1.39482508098378,0.830948363067608,2.87623575548767,47.4658735018878,4.79617218829397,0.881341708831138,18.9808490126198,0.000119290217877279,0.0567445263861581,0.736908604690868,0.708854191333527,0.738331029274709,8.00184977176725,0.0904682752925668,0.0306272903125503,0.0301876534956547,0.0155252735118316,60.5582820130711,60.5302628516809
"46",4,0.413411637567526,0.00386028268366331,0.001,0.001,0.085225618366449,4.16751491518784,4.25695398120547,1.93319736026047,17.4545011477693,3.56016814892806,47.503513165724,30.0219883784757,10.1169408554783,1.27632088189387,5.07636184473258,8.76114677241432,205.786166879754,0.0938664598812476,0.0565989279263105,0.00311243800904766,0.0435769695325878,0.124690128909983,0.128762529709881,0.139158248186634,0.0288001301659218,0.0332066375317683,0.333091851256048,0.499637776884072,0.333091851256048,0.387912547444611,0.000339939362029444,0.00552700395954966,676.310164766233,124.235232450854,2678.63979639154,1.11243677785557,8.01510018886997,103.124912338337,97.5418625093569,109.10280648918,1131.42435764023,12.4114393785789,4.18246108623709,4.11148004490333,2.0986270631162,8511.25221335997,8507.43962385033,63.4828409483096,7.0315809673943,8.33710031483671,0.0484766235755422,0.999403875776626,13.2786245887941,13.5737547116636,3.14217502835577,37.570798538773,4.13414931936305,2.08971555903164,1.36950049955915,0.814083770189607,2.89330964748128,47.0206524866505,4.81154220798923,0.883859352998566,19.0569196084646,0.00791432213978583,0.0570226426706752,0.733672055014296,0.693951995637795,0.776201195518366,8.04940741030377,0.0882999658190462,0.0297557083984656,0.0292507207550188,0.0149304760139193,60.5524674933408,60.5253431999277
"47",-1,0.398638245993655,0.00359096063596587,0.001,0.001,0.0815722740959779,4.40943523686959,4.24443581750632,2.10868200810015,17.4021358175633,3.58235333101744,47.2229210043984,30.0371341181351,10.1876981053691,1.26057392434944,5.11219252583523,8.79846197227479,205.552403865159,0.10103894056595,0.0597458276116599,0.00306685501905333,0.0429386736049604,0.128296617054766,0.129772350223389,0.144277320973961,0.0292819644542021,0.0346273412000395,0.332137435355,0.4982061530325,0.332137435355,0.386915571878083,0.000330884493613467,0.00551457031248646,643.180104253143,119.746575279835,2534.84553447962,33.6996859554162,7.77775819592417,99.4936498315387,94.3587456886727,104.582568888279,1085.76923425676,11.9739504595296,4.06120610343723,3.97299638992153,2.03791546168083,8197.7969772882,8194.10497365866,64.9862363268349,7.1543582437557,7.77400374994374,1.44701981582929,0.997860064807051,12.9115247709417,13.613827038425,3.06238306471574,37.5973017391144,3.97699719669597,2.02331786946557,1.31958083162321,0.788501226295427,2.71252390157602,45.1869680251357,4.74542071161416,0.883497289048828,18.7022397311716,0.248638268892696,0.0573847583107744,0.734070011591723,0.696184386227107,0.771616356281019,8.01086939444192,0.0883445121121622,0.029963817956968,0.0293130014924739,0.0150358603701036,60.4838291924533,60.4565893721057
"48",-1,0.384064273632345,0.0033404284985729,0.001,0.001,0.0815722740959779,4.40943523686959,4.24443581750632,2.10868200810015,17.4021358175633,3.58235333101744,47.2229210043984,30.0371341181351,10.1876981053691,1.26057392434944,5.11219252583523,8.79846197227479,205.552403865159,0.110614630897523,0.0597458276116599,0.00306685501905333,0.0429386736049604,0.128296617054766,0.129772350223389,0.144277320973961,0.0292819644542021,0.0361388430564969,0.332137435355,0.4982061530325,0.332137435355,0.386915571878083,0.000330884493613467,0.00551457031248646,619.665829953232,115.368713155393,2442.17312000114,32.4676458874221,7.49340807618638,95.8562223710691,90.9090472075678,100.759093635288,1046.07416994757,11.5361900970789,3.9127308728242,3.82774605290488,1.96341050910361,7898.0904946028,7894.53346838548,68.5441070600838,6.89279924796112,7.48979089047262,1.39411764948145,0.961378906385575,12.4394872606294,13.1161137834032,2.95042419826613,37.8039102531906,3.83160059261153,1.94934659600124,1.27133775720205,0.759674099961262,2.61335567381999,43.5349598956893,4.74542071161416,0.883497289048828,18.7022397311716,0.248638268892696,0.0573847583107744,0.734070011591723,0.696184386227107,0.771616356281019,8.01086939444192,0.0883445121121622,0.029963817956968,0.0293130014924739,0.0150358603701036,60.4838291924533,60.4565893721057
"49",-1,0.369012656440971,0.00310737534750967,0.001,0.001,0.0815722740959779,4.40943523686959,4.24443581750632,2.10868200810015,17.4021358175633,3.58235333101744,47.2229210043984,30.0371341181351,10.1876981053691,1.26057392434944,5.11219252583523,8.79846197227479,205.552403865159,0.121401938489968,0.0597458276116599,0.00306685501905333,0.0429386736049604,0.128296617054766,0.129772350223389,0.144277320973961,0.0292819644542021,0.0377637075521886,0.332137435355,0.4982061530325,0.332137435355,0.386915571878083,0.000330884493613467,0.00551457031248646,595.380902925732,110.847371740703,2346.46347596247,31.1952271529725,7.19973871518386,92.0995824969794,87.346288909693,96.8103084707508,1005.07814651919,11.0840826528068,3.7593895408809,3.67773530665861,1.88646374419614,7588.5614838899,7585.14385881097,72.2803957550915,6.62266796322565,7.19626328828083,1.33948167675409,0.923702120836317,11.9519792752259,12.6020885609081,2.83479601144087,37.9554771922466,3.68143878556608,1.87295100091289,1.22151357266813,0.729902198412917,2.51093732385157,41.8288091397379,4.74542071161416,0.883497289048828,18.7022397311716,0.248638268892696,0.0573847583107744,0.734070011591723,0.696184386227107,0.771616356281019,8.01086939444192,0.0883445121121622,0.029963817956968,0.0293130014924739,0.0150358603701036,60.4838291924533,60.4565893721057
"50",4,0.355566717418209,0.00289058171861365,0.001,0.001,0.0680057260798039,4.56967751184913,4.04860980237101,2.10311704322104,17.554121098196,3.28438701841256,48.4281200256308,29.3809122682103,10.0864444515759,1.22037401264393,5.01960543075793,8.67412011448039,205.562505470065,0.12091744627504,0.0709743373819157,0.00348070879124561,0.0487332893849792,0.131038198960272,0.13502589291452,0.169679185718703,0.030600333587701,0.0394601355059805,0.343757303679023,0.515635955518535,0.343757303679023,0.40235399686292,0.000328501934221953,0.00561200874981941,577.909901683854,107.002112904083,2283.06448487314,20.216039823012,6.98945963945158,88.6148665249665,83.0322780592535,95.6634870458253,975.203908390091,10.4468745299599,3.58640394406793,3.48568723502578,1.78480462574921,7312.36508565232,7309.11852942537,69.8793894886711,7.59440406183222,7.94668262347856,0.985194118913108,0.915886202859245,11.9653014780346,14.0888493294631,2.92733461576497,38.4816783710348,3.59118942029208,1.84927882457491,1.19823044538085,0.718123274789624,2.40212607437386,41.0188371406024,4.78035463300499,0.8850999864719,18.8850508633142,0.167223021006163,0.0578154062982846,0.733004377518832,0.686826326998371,0.791309150745601,8.06669085962019,0.0864144478476773,0.0296660130928702,0.0288329047047151,0.0147635453845821,60.4864152934077,60.4595604323722
"51",-1,0.338032700235164,0.00268891322661735,0.001,0.001,0.0678455618385604,4.6438790592908,3.99720817837697,2.77878995908892,17.9047902614088,3.25239259061695,46.7759721432277,29.339362416246,10.283230145287,1.23824460369633,5.14769219193105,8.82112851553117,205.749464378122,0.13505450063931,0.0708040159228871,0.00308165609129842,0.0431457051873752,0.146214507317814,0.135988902999546,0.174399782974761,0.0325831686466826,0.0412173181013349,0.340664856084389,0.510997284126583,0.340664856084389,0.399244501491416,0.000322481978796456,0.00555897407387969,519.178387119133,101.485312479557,2005.77265370993,154.636914780788,6.9917264724655,84.5740892602259,80.376476547949,87.8433787205558,928.890182350035,9.91766390074172,3.476068053151,3.36900937509997,1.74008829161792,6958.14346987408,6955.00470156753,70.1173778150971,7.18556768074173,6.18110151606499,6.67191873621713,1.02229184147246,11.5011376206838,14.0176400662382,2.86221562334628,38.2863621271283,3.37859954543951,1.77626133459934,1.14770309391539,0.694720682538046,2.24387587491463,38.6626908197252,4.51730041256494,0.88300987735067,17.4519545900053,1.34547472750773,0.0608340594720524,0.73586762813348,0.699344771813952,0.764313270314177,8.0821469230276,0.0862922424007236,0.0302447945449618,0.0293132915730987,0.0151402711527384,60.5418583419107,60.5145483465065
"52",-1,0.324108304608359,0.00250131462941149,0.001,0.001,0.0678455618385604,4.6438790592908,3.99720817837697,2.77878995908892,17.9047902614088,3.25239259061695,46.7759721432277,29.339362416246,10.283230145287,1.23824460369633,5.14769219193105,8.82112851553117,205.749464378122,0.14848371726469,0.0708040159228871,0.00308165609129842,0.0431457051873752,0.146214507317814,0.135988902999546,0.174399782974761,0.0325831686466826,0.0432275494347427,0.340664856084389,0.510997284126583,0.340664856084389,0.399244501491416,0.000322481978796456,0.00555897407387969,497.792156561842,97.3048836621907,1923.14996085136,148.267041160815,6.70372011849654,81.0902751859757,77.0655724319756,84.2248945986075,890.626918518169,9.50913101101971,3.33288028828654,3.23023161964416,1.66840978897246,6671.52048211228,6668.51100736712,73.914029831509,6.88957653219243,5.92648679133791,6.39708604692895,0.98018113432249,11.0273775664722,13.4402191069622,2.74431394495549,38.4996191481567,3.23942674735663,1.70309277563345,1.10042638982532,0.666103434481709,2.15144512665265,37.0700798013351,4.51730041256494,0.88300987735067,17.4519545900053,1.34547472750773,0.0608340594720524,0.73586762813348,0.699344771813952,0.764313270314177,8.0821469230276,0.0862922424007236,0.0302447945449618,0.0293132915730987,0.0151402711527384,60.5418583419107,60.5145483465065
"53",-1,0.30979044805074,0.00232680430642929,0.001,0.001,0.0678455618385604,4.6438790592908,3.99720817837697,2.77878995908892,17.9047902614088,3.25239259061695,46.7759721432277,29.339362416246,10.283230145287,1.23824460369633,5.14769219193105,8.82112851553117,205.749464378122,0.163720316641275,0.0708040159228871,0.00308165609129842,0.0431457051873752,0.146214507317814,0.135988902999546,0.174399782974761,0.0325831686466826,0.0453885481181563,0.340664856084389,0.510997284126583,0.340664856084389,0.399244501491416,0.000322481978796456,0.00555897407387969,475.801616388016,93.0063286828155,1838.19260281163,141.717174349693,6.40757558380143,77.508019156672,73.6611122687434,80.5041631569967,851.282451608853,9.08905422845188,3.18564647411733,3.08753242829255,1.59470587056561,6376.79840333207,6373.92187558982,77.8983912934763,6.58522157698734,5.66467743143416,6.11448742447971,0.936880507087181,10.5402304987836,12.8464819933483,2.62308072490447,38.6384745169904,3.09632135067876,1.62785669646138,1.05181379034016,0.636677550319403,2.0564025674926,35.4324664553384,4.51730041256494,0.88300987735067,17.4519545900053,1.34547472750773,0.0608340594720524,0.73586762813348,0.699344771813952,0.764313270314177,8.0821469230276,0.0862922424007236,0.0302447945449618,0.0293132915730987,0.0151402711527384,60.5418583419107,60.5145483465065
"54",-1,0.295089606934656,0.00216446912225981,0.001,0.001,0.0678455618385604,4.6438790592908,3.99720817837697,2.77878995908892,17.9047902614088,3.25239259061695,46.7759721432277,29.339362416246,10.283230145287,1.23824460369633,5.14769219193105,8.82112851553117,205.749464378122,0.181106726280585,0.0708040159228871,0.00308165609129842,0.0431457051873752,0.146214507317814,0.135988902999546,0.174399782974761,0.0325831686466826,0.0477116217028257,0.340664856084389,0.510997284126583,0.340664856084389,0.399244501491416,0.000322481978796456,0.00555897407387969,453.222857070846,88.5927927931215,1750.96274287009,134.992106883462,6.10350955726812,73.8299423082277,70.1655871009712,76.6839068540637,810.88556995948,8.65774092312346,3.03447434159135,2.94101621401066,1.51903046553753,6074.19288161073,6071.45285703561,82.0817079196345,6.27272551157721,5.39586500220219,5.8243296462165,0.892421642825528,10.0400528630157,12.236863162706,2.49860466951245,38.6886655581869,2.94938806559177,1.55060814730498,1.0019008652878,0.606464560963805,1.95881774005317,33.7510490230437,4.51730041256494,0.88300987735067,17.4519545900053,1.34547472750773,0.0608340594720524,0.73586762813348,0.699344771813952,0.764313270314177,8.0821469230276,0.0862922424007236,0.0302447945449618,0.0293132915730987,0.0151402711527384,60.5418583419107,60.5145483465065
"55",-1,0.280016090467499,0.00201345964861377,0.001,0.001,0.0678455618385604,4.6438790592908,3.99720817837697,2.77878995908892,17.9047902614088,3.25239259061695,46.7759721432277,29.339362416246,10.283230145287,1.23824460369633,5.14769219193105,8.82112851553117,205.749464378122,0.201076261339088,0.0708040159228871,0.00308165609129842,0.0431457051873752,0.146214507317814,0.135988902999546,0.174399782974761,0.0325831686466826,0.0502089258063455,0.340664856084389,0.510997284126583,0.340664856084389,0.399244501491416,0.000322481978796456,0.00555897407387969,430.071712337842,84.0673710579729,1661.52155240527,128.096554826643,5.79173527021468,70.0586239527196,66.5814482233575,72.7668047075735,769.464602549838,8.21549356060628,2.8794699026608,2.79078572371121,1.4414366425146,5763.91612406324,5761.31606309437,86.477212024593,5.95230747898397,5.1202380127933,5.5268161900688,0.846835719049647,9.52719541698808,11.6117901202988,2.37097306966708,38.633991140034,2.79872993148616,1.4714012999839,0.950722616930445,0.575485653772202,1.85875907730471,32.0270066261682,4.51730041256494,0.88300987735067,17.4519545900053,1.34547472750773,0.0608340594720524,0.73586762813348,0.699344771813952,0.764313270314177,8.0821469230276,0.0862922424007236,0.0302447945449618,0.0293132915730987,0.0151402711527384,60.5418583419107,60.5145483465065
"56",-1,0.264579371316047,0.00187298571964072,0.001,0.001,0.0678455618385604,4.6438790592908,3.99720817837697,2.77878995908892,17.9047902614088,3.25239259061695,46.7759721432277,29.339362416246,10.283230145287,1.23824460369633,5.14769219193105,8.82112851553117,205.749464378122,0.224185473893136,0.0708040159228871,0.00308165609129842,0.0431457051873752,0.146214507317814,0.135988902999546,0.174399782974761,0.0325831686466826,0.0528935277176291,0.340664856084389,0.510997284126583,0.340664856084389,0.399244501491416,0.000322481978796456,0.00555897407387969,406.362731088731,79.432907393202,1569.92523904434,121.034851558713,5.47244865130433,66.1964341039515,62.9109480202979,68.7553183464005,727.045579604712,7.76259006290403,2.72073056693826,2.6369353669089,1.36197316386964,5446.16311825868,5443.7063933777,91.1006214416363,5.62416883986949,4.8379696757841,5.22213402274995,0.800151383372499,9.00198045627812,10.9716556814764,2.24026613303712,38.4560055168016,2.64444162662131,1.39028593054563,0.898311207271856,0.543760296853821,1.75628945922433,30.2614227065997,4.51730041256494,0.88300987735067,17.4519545900053,1.34547472750773,0.0608340594720524,0.73586762813348,0.699344771813952,0.764313270314177,8.0821469230276,0.0862922424007236,0.0302447945449618,0.0293132915730987,0.0151402711527384,60.5418583419107,60.5145483465065
"57",-1,0.24878726923898,0.0017423122973402,0.001,0.001,0.0678455618385604,4.6438790592908,3.99720817837697,2.77878995908892,17.9047902614088,3.25239259061695,46.7759721432277,29.339362416246,10.283230145287,1.23824460369633,5.14769219193105,8.82112851553117,205.749464378122,0.251161385833291,0.0708040159228871,0.00308165609129842,0.0431457051873752,0.146214507317814,0.135988902999546,0.174399782974761,0.0325831686466826,0.0557794747722592,0.340664856084389,0.510997284126583,0.340664856084389,0.399244501491416,0.000322481978796456,0.00555897407387969,382.10792355121,74.6917494730207,1476.22020261224,113.810574317481,5.14581144114303,62.2453292263958,59.1559458522912,64.6514798639567,683.649989273208,7.2992598567506,2.55833674680191,2.47954307937825,1.28068028331335,5121.09482792262,5118.78473900158,95.9707556170031,5.28847581899605,4.54920297947778,4.91043748670791,0.752392284617099,8.46467403834317,10.3167841183063,2.1065500716649,38.1336373297202,2.4866013086225,1.30730312949701,0.844693186291435,0.511304561281321,1.65146079371278,28.4551916538808,4.51730041256494,0.88300987735067,17.4519545900053,1.34547472750773,0.0608340594720524,0.73586762813348,0.699344771813952,0.764313270314177,8.0821469230276,0.0862922424007236,0.0302447945449618,0.0293132915730987,0.0151402711527384,60.5418583419107,60.5145483465065
"58",-1,0.232644960444045,0.00162075562543275,0.001,0.001,0.0678455618385604,4.6438790592908,3.99720817837697,2.77878995908892,17.9047902614088,3.25239259061695,46.7759721432277,29.339362416246,10.283230145287,1.23824460369633,5.14769219193105,8.82112851553117,205.749464378122,0.282972257876046,0.0708040159228871,0.00308165609129842,0.0431457051873752,0.146214507317814,0.135988902999546,0.174399782974761,0.0325831686466826,0.0588818678559862,0.340664856084389,0.510997284126583,0.340664856084389,0.399244501491416,0.000322481978796456,0.00555897407387969,357.315239770312,69.8454513159021,1380.43715698944,106.42609101823,4.81193070223894,58.2066043813166,55.3176725036382,60.4566343832941,639.292055411643,6.82565480878105,2.3923416703873,2.31866044989282,1.19758464636992,4788.81780131534,4786.65760016316,101.110300171326,4.94533844711237,4.25403257349118,4.5918287473173,0.70357407687533,7.91545227714383,9.64739007930337,1.9698687139217,37.6427103281302,2.32526071311511,1.22248009627077,0.789886128471301,0.478129085133731,1.54430744066386,26.6089054998462,4.51730041256494,0.88300987735067,17.4519545900053,1.34547472750773,0.0608340594720524,0.73586762813348,0.699344771813952,0.764313270314177,8.0821469230276,0.0862922424007236,0.0302447945449618,0.0293132915730987,0.0151402711527384,60.5418583419107,60.5145483465065
"59",-1,0.216153775655867,0.00150767965156535,0.001,0.001,0.0678455618385604,4.6438790592908,3.99720817837697,2.77878995908892,17.9047902614088,3.25239259061695,46.7759721432277,29.339362416246,10.283230145287,1.23824460369633,5.14769219193105,8.82112851553117,205.749464378122,0.320936816426531,0.0708040159228871,0.00308165609129842,0.0431457051873752,0.146214507317814,0.135988902999546,0.174399782974761,0.0325831686466826,0.0622169404209929,0.340664856084389,0.510997284126583,0.340664856084389,0.399244501491416,0.000322481978796456,0.00555897407387969,331.986723582224,64.8944124364623,1282.58399824949,98.8820104161176,4.47083395874162,54.080592509353,51.3964443903441,56.1711277151796,593.975434758074,6.34181396160742,2.22275902184202,2.15430074114504,1.11269310320012,4449.35943038106,4447.35235645035,106.546762162354,4.59478501145768,3.95248279080743,4.26633406974878,0.653700784577158,7.3543604489124,8.96352874735035,1.83023332741804,36.9553342358765,2.16043314054496,1.13582382342913,0.733894551944668,0.44423660330007,1.43483823348595,24.7227164469152,4.51730041256494,0.88300987735067,17.4519545900053,1.34547472750773,0.0608340594720524,0.73586762813348,0.699344771813952,0.764313270314177,8.0821469230276,0.0862922424007236,0.0302447945449618,0.0293132915730987,0.0151402711527384,60.5418583419107,60.5145483465065
"60",4,0.218329640174854,0.00140249269913056,0.001,0.001,0.0409557298777793,5.59677310153117,3.13408420594144,4.14262871542891,20.1794782881972,2.44785089402854,45.3101099984791,24.8697389807631,9.91438239964367,1.39617726114778,6.15285622031637,10.9026964801855,205.91226675827,0.259813550382385,0.115499598255502,0.00390165301954532,0.0546263803350621,0.208300154058061,0.161643205573989,0.277673618321412,0.0415625677726474,0.0647376882275133,0.349062857276327,0.523594285914491,0.349062857276327,0.418988106885333,0.000272320480828417,0.00592298783544399,311.164858537258,65.4269316163603,1160.80518772665,238.587177171314,5.31023687039603,54.9999531992144,52.6718801339787,54.9585556236167,628.215523453211,5.42980116291254,2.16460354187011,2.66015202798001,1.34335088462929,4498.18077594423,4495.67511089217,80.8448466507975,7.5567843167798,4.52905906579754,13.0331538832291,1.10612315818829,8.89036874154037,14.6255915405936,2.28421869279338,40.6692206969981,1.89534190836858,1.13337404579346,0.928560267676119,0.562848044033563,1.22494675175827,26.6278289939226,4.19178431142353,0.881383543062274,15.6375144590725,3.21407112253903,0.071535608834195,0.740918952201958,0.70955686267624,0.740361274484952,8.46285788113373,0.0731462911198913,0.0291599482342461,0.0358356132800676,0.018096635942107,60.5961858777581,60.5624313994912
"61",-1,0.207198882784451,0.00130464437128424,0.001,0.001,0.0409557298777793,5.59677310153117,3.13408420594144,4.14262871542891,20.1794782881972,2.44785089402854,45.3101099984791,24.8697389807631,9.91438239964367,1.39617726114778,6.15285622031637,10.9026964801855,205.91226675827,0.287707464320704,0.115499598255502,0.00390165301954532,0.0546263803350621,0.208300154058061,0.161643205573989,0.277673618321412,0.0415625677726474,0.0685294353213624,0.349062857276327,0.523594285914491,0.349062857276327,0.418988106885333,0.000272320480828417,0.00592298783544399,295.301228908118,62.0913730452155,1101.62567865148,226.42366156515,5.03951339811525,52.1959769042244,49.9865923343095,52.1566898362525,596.188197365729,5.15298213195502,2.054248956704,2.52453367207872,1.27486493478291,4268.85708505594,4266.47916239275,84.9603677799424,7.17152864185488,4.29816115551919,12.3687050535153,1.04973141720507,8.43712502486472,13.8799579610251,2.1677659561162,40.8564405107343,1.79871466647408,1.07559301557602,0.881220936866097,0.534153245559187,1.16249721399023,25.2703041790275,4.19178431142353,0.881383543062274,15.6375144590725,3.21407112253903,0.071535608834195,0.740918952201958,0.70955686267624,0.740361274484952,8.46285788113373,0.0731462911198913,0.0291599482342461,0.0358356132800676,0.018096635942107,60.5961858777581,60.5624313994912
"62",-1,0.195885552282685,0.00121362267096208,0.001,0.001,0.0409557298777793,5.59677310153117,3.13408420594144,4.14262871542891,20.1794782881972,2.44785089402854,45.3101099984791,24.8697389807631,9.91438239964367,1.39617726114778,6.15285622031637,10.9026964801855,205.91226675827,0.319750276760787,0.115499598255502,0.00390165301954532,0.0546263803350621,0.208300154058061,0.161643205573989,0.277673618321412,0.0415625677726474,0.0726055634472502,0.349062857276327,0.523594285914491,0.349062857276327,0.418988106885333,0.000272320480828417,0.00592298783544399,279.177394863652,58.701102715912,1041.47547308892,214.060632950892,4.76434936308391,49.3460081705882,47.2572588932436,49.3088662280072,563.635540578157,4.871622555373,1.94208427189593,2.38669082557662,1.20525563883263,4035.77189454222,4033.52380957234,89.2670492730081,6.77995378084278,4.06347592435978,11.6933575503396,0.992414706316804,7.97644694297412,13.1220940688387,2.04940309439395,40.9230760025726,1.7005024887503,1.01686422752912,0.833105119010972,0.504987778427356,1.09902334283555,23.8905124580706,4.19178431142353,0.881383543062274,15.6375144590725,3.21407112253903,0.071535608834195,0.740918952201958,0.70955686267624,0.740361274484952,8.46285788113373,0.0731462911198913,0.0291599482342461,0.0358356132800676,0.018096635942107,60.5961858777581,60.5624313994912
"63",-1,0.184401585904427,0.00112895132182519,0.001,0.001,0.0409557298777793,5.59677310153117,3.13408420594144,4.14262871542891,20.1794782881972,2.44785089402854,45.3101099984791,24.8697389807631,9.91438239964367,1.39617726114778,6.15285622031637,10.9026964801855,205.91226675827,0.35683718442099,0.115499598255502,0.00390165301954532,0.0546263803350621,0.208300154058061,0.161643205573989,0.277673618321412,0.0415625677726474,0.0769874011825794,0.349062857276327,0.523594285914491,0.349062857276327,0.418988106885333,0.000272320480828417,0.00592298783544399,262.81036943057,55.2596978644536,980.418038391164,201.511136149978,4.48503510400585,46.4530541363136,44.4867596607352,46.4180896734642,530.591900952044,4.58601930908185,1.82822783775723,2.24676893303875,1.13459644486826,3799.17114371012,3797.05485474004,93.7805122642448,6.3824729030648,3.82525099990559,11.0078239650792,0.934233503120233,7.50882057929577,12.3527995223914,1.92925499793018,40.8488915428225,1.60080900355252,0.95724964919949,0.78426358340619,0.47538241651418,1.03459211260459,22.4899097151388,4.19178431142353,0.881383543062274,15.6375144590725,3.21407112253903,0.071535608834195,0.740918952201958,0.70955686267624,0.740361274484952,8.46285788113373,0.0731462911198913,0.0291599482342461,0.0358356132800676,0.018096635942107,60.5961858777581,60.5624313994912
"64",-1,0.172757117248968,0.00105018727611646,0.001,0.001,0.0409557298777793,5.59677310153117,3.13408420594144,4.14262871542891,20.1794782881972,2.44785089402854,45.3101099984791,24.8697389807631,9.91438239964367,1.39617726114778,6.15285622031637,10.9026964801855,205.91226675827,0.400138018397736,0.115499598255502,0.00390165301954532,0.0546263803350621,0.208300154058061,0.161643205573989,0.277673618321412,0.0415625677726474,0.0816978767480581,0.349062857276327,0.523594285914491,0.349062857276327,0.418988106885333,0.000272320480828417,0.00592298783544399,246.214595082133,51.7701952306408,918.50725242206,188.786244999419,4.20181709136741,43.5196675811622,41.6775393608575,43.4869110309493,497.086436619007,4.29642441305091,1.71278012266635,2.10489146333853,1.06294970346924,3559.26361209819,3557.28096113592,98.5198201767657,5.97943675074791,3.58369659488681,10.3127092213665,0.875239147455627,7.03465857333346,11.5727531570624,1.80742768694692,40.610906432031,1.49972218169132,0.896801885256019,0.734739428449495,0.445363283970902,0.969260378241667,21.0697318600646,4.19178431142353,0.881383543062274,15.6375144590725,3.21407112253903,0.071535608834195,0.740918952201958,0.70955686267624,0.740361274484952,8.46285788113373,0.0731462911198913,0.0291599482342461,0.0358356132800676,0.018096635942107,60.5961858777581,60.5624313994912
"65",-1,0.1609597210207,0.0009769183963874,0.001,0.001,0.0409557298777793,5.59677310153117,3.13408420594144,4.14262871542891,20.1794782881972,2.44785089402854,45.3101099984791,24.8697389807631,9.91438239964367,1.39617726114778,6.15285622031637,10.9026964801855,205.91226675827,0.45121145340598,0.115499598255502,0.00390165301954532,0.0546263803350621,0.208300154058061,0.161643205573989,0.277673618321412,0.0415625677726474,0.0867616379809483,0.349062857276327,0.523594285914491,0.349062857276327,0.418988106885333,0.000272320480828417,0.00592298783544399,229.400867337531,48.2348647292036,855.78338802842,175.894237016354,3.91487955793931,40.547756667428,38.8314253859949,40.5172370265135,463.140942818941,4.00302624820125,1.59581622513919,1.96115070749623,0.990362020702603,3316.20535909283,3314.35810121512,103.50829876396,5.57110749813148,3.33896983997781,9.60846549000092,0.815470015037513,6.55426936655714,10.7824623915071,1.68400040987489,40.182866815012,1.39730777994927,0.83556025685251,0.684564869508124,0.414949908185317,0.90307063791393,19.6309027158024,4.19178431142353,0.881383543062274,15.6375144590725,3.21407112253903,0.071535608834195,0.740918952201958,0.70955686267624,0.740361274484952,8.46285788113373,0.0731462911198913,0.0291599482342461,0.0358356132800676,0.018096635942107,60.5961858777581,60.5624313994912
