"","convergence","mu","x_C","x_W","C","I","AA","NT","ADP","ATP","LIP","rRNA","mRNA","tRNA","DNA","TC","p","tau tC","tau FERM","tau ATPS","tau ADPS","tau EAA","tau ENT","tau LIPS","tau Maint","tau rRNAp","tau mRNAp","tau tRNAp","tau DNAp","tau tRNAc","tau r","v tC","v FERM","v ATPS","v ADPS","v EAA","v ENT","v LIPS","v Maint","v rRNAp","v mRNAp","v tRNAp","v DNAp","v tRNAc","v r","p tC","p FERM","p ATPS","p ADPS","p EAA","p ENT","p LIPS","p Maint","p rRNAp","p mRNAp","p tRNAp","p DNAp","p tRNAc","p r","f tC","f FERM","f ATPS","f ADPS","f EAA","f ENT","f LIPS","f Maint","f rRNAp","f mRNAp","f tRNAp","f DNAp","f tRNAc","f r"
"1",4,0.608631074032852,0.1,0.001,2.92093011841135,40.1774097966478,8.17111964203569,41.3663750403109,3.84449274400962,11.7551600996746,20.3211530675152,23.4909427031927,9.35220793794744,2.02429841292911,13.3899201420155,18.6839612776053,144.502029058618,0.0471404990160154,0.00403396064745439,0.00477040797711585,0.14128026290792,0.157623890751484,0.0259294159112693,0.0395993908995932,0.0241600479457416,1.07611528130458,1.06552276006913,0.412925450628854,0.477534130838824,0.000447815740914711,0.00589081283301134,206.934565196071,3.52037540209986e-18,1675.09712795809,9.49443346479116,130.688407502349,225.431638114482,68.7115845392652,413.869130342339,14.2973176874884,5.69204436185151,12.4839888692267,8.149521477249,8806.81266134477,8794.84251458732,9.75499866700496,1.42010558363373e-20,7.99089670165511,1.34137605606744,20.5996152666357,5.84531070422914,2.72093689550081,9.9990980323333,15.3855620451725,6.06500281887596,5.15495672947103,3.89167465539043,3.94382933703716,51.8087711492447,1.00000000012033,1.7012022129739e-20,8.0948155112342,0.0458813318931889,0.63154460152294,1.08938609617012,0.33204498476332,2,0.0690910079505668,0.0275064939351395,0.0603281953350825,0.0393821180647514,42.5584418633013,42.5005967819465
"2",4,0.606554316741402,0.0930232558139535,0.001,2.82415492416654,40.0152004586508,8.25634733027431,41.2238812751402,3.8825848074385,11.7338783773011,20.592046007383,23.4688194756628,9.34610294164506,2.01898870367387,13.3721906188892,18.6813591731193,144.584446003343,0.0480819044002127,0.00409379541206392,0.00481118894913824,0.141470599810545,0.157802919292733,0.0262052300852059,0.0396969420570889,0.0242657689648275,1.07857935192486,1.06757893312968,0.413288642485588,0.478388133116477,0.00044819181741683,0.00589836038962884,206.228467750723,5.51767605498205e-16,1670.51285370917,9.47223315693692,130.289698401135,224.336401313807,69.3899688684208,412.456935384153,14.235113761788,5.66891908396433,12.4366089516748,8.11095994417615,8781.75962680346,8769.8319856992,9.91585747099261,2.25882369191404e-18,8.03715298115896,1.3400425062572,20.5600947614687,5.8787870129154,2.7545695735129,10.0085847019727,15.3536997757659,6.05201858765715,5.13990923076177,3.88018698547695,3.93591280725479,51.7276296081482,1.00000000028437,2.67551619654207e-18,8.10030192438537,0.0459307740727632,0.631773585185496,1.08780520858433,0.336471339989919,2,0.0690259396343024,0.0274885380636619,0.0603050058551765,0.0393299724084978,42.5826740851106,42.5248370598068
"3",4,0.604394960534288,0.0865332612222823,0.001,2.72927627381267,39.8472502293825,8.34513508666121,41.0768431082001,3.92157300010044,11.712282645939,20.87075150186,23.4456711902777,9.33969370333841,2.01345377414086,13.353790161623,18.6784040464936,144.665875401028,0.0490655490263585,0.00415544507351056,0.00485342086405409,0.141667334252889,0.157990634112419,0.0264937035778107,0.0397987705535012,0.0243785911545214,1.08113280117042,1.0697123427212,0.413664789261028,0.479274529924657,0.000448593588241687,0.00590622646210744,205.494286655912,4.76535248324568e-16,1665.70148358533,9.44902356618677,129.872494098458,223.201062704078,70.0787612793755,410.988573163316,14.1704455137478,5.64486380723155,12.3872216090249,8.07096347771728,8755.41590355209,8743.53260536627,10.0826899965522,1.98021605000446e-18,8.08435033371888,1.3386179799144,20.5186376963768,5.91342279353418,2.78904854083145,10.0193223943286,15.320133452111,6.03838048757578,5.12415741642692,3.86820722682202,3.92762343672276,51.6412836461135,1.00000000036134,2.31897079111835e-18,8.10582868893255,0.0459819283707043,0.632000510860189,1.08616675634621,0.341025351337582,2,0.0689578564419932,0.02746968736276,0.0602801265917557,0.0392758534165382,42.6066147589603,42.5487868826554
"4",4,0.60215049037515,0.0804960569509603,0.001,2.63615169871923,39.6734332296589,8.43764475937853,40.9249516343865,3.96156340565652,11.6903752104704,21.1574568148282,23.4214610667182,9.33297338697037,2.00774743709573,13.3346766945587,18.6749767370452,144.746588081313,0.0500917764432523,0.00421909772897927,0.00489724811144056,0.141871109744016,0.158187510645486,0.0267961526012807,0.0399051642905514,0.0244990647186291,1.08378329714738,1.07192943023099,0.41405695986513,0.480195784046552,0.000449012809217404,0.00591443683403558,204.731166821968,4.68633243931737e-16,1660.65743969497,9.42482251302258,129.436393699253,222.024328229844,70.7776277563324,409.462333455102,14.1032442666268,5.61985450162243,12.3357425416485,8.0294821106226,8727.75989553974,8715.92289932926,10.2553478394122,1.97720945519658e-18,8.13265151029592,1.3371100290629,20.4752209062138,5.94939778044375,2.82439286371193,10.0314442071574,15.2848605717597,6.02408743390517,5.10770005447392,3.85572345759818,3.9188759888713,51.5497754384072,1.00000000046118,2.28901760011644e-18,8.1114051477317,0.046035113576844,0.632226132289384,1.08446765472356,0.345710078673663,2,0.0688866501962299,0.0274499217263834,0.0602533690342539,0.0392196373369373,42.6303431717084,42.5725259062686
"5",4,0.599818319373088,0.0748800529776375,0.001,2.54474677984923,39.4956874360801,8.53428283124885,40.7645341199337,4.00248330895164,11.6674325599768,21.4517244882161,23.3956196926523,9.32577562756192,2.00179397826048,13.3142785566189,18.6707266851128,144.83091409659,0.0511628635794127,0.00428499459790375,0.0049428732518045,0.142083384503783,0.158393568879023,0.0271135233840036,0.0400165238745119,0.0246279193663242,1.08660149267267,1.07428914436852,0.414478185648202,0.481174417783203,0.000449463078584961,0.0059231796050784,203.938228683452,8.91968520613115e-16,1655.39178240766,9.39910260121854,128.981804050195,220.794399436924,71.4840962787573,407.8764571737,14.0331212847386,5.59377106377469,12.2818719288592,7.98614818749626,8699.01201593347,8687.22354866848,10.4340637727585,3.8220802923274e-18,8.18239176251981,1.33545630887944,20.4298882639653,5.98651411219008,2.8605450453868,10.0451484986959,15.2484105348536,6.00932752989591,5.09056799343712,3.8427302044489,3.90988472132903,51.45598534823,1.00000000047368,4.37371907559381e-18,8.11712347350653,0.0460879878497905,0.632455253455665,1.0826533159912,0.35051837399046,2,0.0688106461548596,0.0274287518457704,0.0602234902890154,0.0391596428135849,42.655131782852,42.5973276754677
"6",4,0.597395788152043,0.0696558632350116,0.001,2.45525449197282,39.3109743488239,8.63483136331381,40.5997675026785,4.04448987320686,11.6442769958288,21.7550943415728,23.3687399470501,9.31826531453416,1.99570818328255,13.2932437454473,18.6660516812158,144.913302320067,0.0522801974006496,0.0043528219621243,0.00499005838372135,0.142303158061625,0.158609924765805,0.0274462132436973,0.04013311005469,0.0247655798664386,1.08951070228545,1.07672761592561,0.414915218990228,0.482186582126169,0.000449926140639581,0.00593226615128793,203.114568036807,4.88375505145075e-18,1649.87404542482,9.37240324886128,128.506792307835,219.523382047781,72.202231836144,406.229135943389,13.9603868187881,5.56669245178598,12.2258691540626,7.94132782440868,8668.79756180091,8657.05964532114,10.6188697119119,2.12581162455903e-20,8.23296781245638,1.33372258093999,20.3824526598407,6.02508555566104,2.89770011647421,10.0605001102803,15.2099908471144,5.99381149220261,5.07269917740376,3.82920172119507,3.90031863096689,51.3559819036193,1.00000000032057,2.40443366530526e-20,8.12287401096085,0.0461434319677523,0.632681316712565,1.08078600289455,0.355475397738118,2,0.0687315880795591,0.0274066626898064,0.0601919856175277,0.0390977757219037,42.6793491395899,42.6215595059019
"7",4,0.59488016321871,0.0647961518465225,0.001,2.36759584735572,39.1214218204243,8.73969457784562,40.4274039449813,4.08733199950716,11.620401250309,22.0664736815617,23.3403261431185,9.31030617749012,1.98937397214806,13.271040521906,18.6605918517225,144.998038175214,0.0534471354588583,0.00442309504792312,0.00503923834554321,0.142531128293644,0.158836547342366,0.0277952047256223,0.0402549281862331,0.0249127399660454,1.09257568453769,1.07929934677997,0.415378505328355,0.483252433901902,0.000450420755337323,0.00594184719105469,202.259255472697,8.13551506341318e-16,1644.11331589397,9.3442189194466,128.011866326167,218.200527420294,72.9272636963823,404.518510988723,13.8846970255962,5.53851645848148,12.167404345801,7.89467875175357,8637.3307310027,8625.64566160638,10.8101778250571,3.59841563892868e-18,8.28507886587112,1.33184206561154,20.3329628661008,6.06492833088583,2.93568176291636,10.0776644757139,15.1700823573392,5.9777171957692,5.05407823088457,3.81512272165854,3.89043303195651,51.2522684454489,0.99999999989289,4.02232028567908e-18,8.12874205373415,0.0461992154406358,0.632909806838162,1.07881603186449,0.360563295450355,2,0.0686480180679955,0.0273832534632062,0.0601574662977055,0.039032472123253,42.7042545464304,42.6464818162393
"8",4,0.592268636764365,0.0602754900897883,0.001,2.28182875806575,38.9268419871575,8.84903878808323,40.2472796493741,4.13110558276927,11.5957395944816,22.3860546695471,23.3103302441063,9.30188073966365,1.98280771637627,13.2476348369908,18.6542920848213,145.085165156315,0.0546664568492849,0.00449575455057882,0.00509037360670736,0.142767955784183,0.159073998810514,0.0281613446452617,0.0403823772428356,0.0250701478959206,1.09580278892583,1.08200970193175,0.415869803634259,0.484374126115518,0.000450945634039222,0.00595195183618118,201.371336386023,1.09820359750387e-18,1638.1014303113,9.31451715373477,127.496437312189,216.824776928284,73.658656009251,402.742672999768,13.805977516204,5.50921222502529,12.1064085224173,7.84615862525667,8604.56914254726,8592.93929818633,11.0082574712293,4.93725382094008e-21,8.33854828596621,1.32981457315542,20.281368117344,6.1060772707094,2.97451163416583,10.0968183761026,15.1286286661036,5.96102107747836,5.03468973493382,3.80047622747243,3.8801928876203,51.1447608340335,0.99999999943457,5.45362421778686e-21,8.13472989147212,0.0462554269919152,0.633140940156905,1.07674101337858,0.365785207018743,2,0.0685597948356067,0.0273584727637166,0.0601198200937814,0.0389636318735024,42.7298606251849,42.6721073989161
"9",4,0.589558326362064,0.056070223339338,0.001,2.1980358341535,38.7256660054256,8.96282307947539,40.061228024529,4.17584719221334,11.5706942088235,22.7148651787523,23.2789956973179,9.29305571681247,1.97605170753036,13.2233077203156,18.6473323667248,145.172096964379,0.0559401566074052,0.00457072683944818,0.00514342277443646,0.143013203669364,0.15932316160197,0.0285453526340956,0.0405157575149792,0.0252384453536102,1.09915938515985,1.08483167389732,0.416383268660654,0.485541670912306,0.000451494431411657,0.0059624985987223,200.449830784143,1.21521795192669e-15,1631.81992870249,9.28350459438617,126.959216134508,215.401003510341,74.398543879584,400.899661926203,13.7243257427004,5.47879837519336,12.0429647454638,7.79591116855983,8570.31415740668,8558.74185207905,11.2131949259928,5.55442930865058e-18,8.39313978506764,1.32766373332243,20.2275437090578,6.14869760294075,3.01431336329276,10.1180842098053,15.0852214450801,5.94357401230695,5.01448902508123,3.78523973506645,3.8694491175176,51.0314862998473,0.999999999107214,6.06245436121313e-18,8.14078974705081,0.0463133570618728,0.633371530045734,1.07458810254617,0.37115792775739,2,0.0684676344038761,0.0273325168141543,0.0600796951915645,0.0388920815303401,42.7554072569125,42.6976755777586
"10",4,0.586746275110528,0.0521583472924074,0.001,2.11621788234265,38.5184765950963,9.08130295570723,39.8680536018718,4.22152735925496,11.5450549326274,23.0526725745803,23.2461211573755,9.28377261451771,1.96908196062466,13.197855161567,18.6395466124678,145.260316174733,0.057271713991207,0.00464815222139733,0.00519851361846992,0.143267556166295,0.159584474419492,0.0289482154915961,0.0406553692260015,0.0254184851640296,1.10267208810504,1.08778771610651,0.416923835482705,0.486763461248949,0.000452072028880306,0.0059735594437398,199.493733292769,7.83922128659278e-17,1625.26592938542,9.25098343098566,126.39995050896,213.924894577484,75.1448320248756,398.987467075159,13.6395749998581,5.4472190005414,11.9769130551915,7.74379235549771,8534.60724321086,8523.09494369022,11.4253480361816,3.64378938373015e-19,8.44896706754529,1.32536578829221,20.1714696686222,6.19274394724597,3.05504089139718,10.1416570124837,15.0399786459589,5.92541791573089,4.99346052821333,3.76939517015521,3.85825721213489,50.9132142907716,0.999999998772841,3.92955765957233e-19,8.14695229050523,0.0463723008584779,0.633603613845591,1.07233891904272,0.37667765644739,2,0.0683709445805162,0.0273052135721109,0.0600365377037539,0.0388172210634324,42.7813299789848,42.7236224043332
"11",4,0.58382945341417,0.0485193928301464,0.001,2.03628864112958,38.3051957104675,9.20453082124757,39.6677064315583,4.26816230450973,11.5187790443058,23.3996721783135,23.2116678259752,9.27402569228686,1.96188179189193,13.1712395188285,18.6308925850804,145.349956984843,0.0586626089859053,0.00472828154882745,0.00525585793691631,0.14353137615824,0.159858382728066,0.0293717250829436,0.040801582994452,0.0256111512464924,1.10634591606161,1.09088278168924,0.417492056534856,0.488040978939063,0.000452683276297403,0.00598515360685853,198.502013886675,2.59774036859197e-18,1618.43123773708,9.21688133876067,125.818004481208,212.395478015704,75.8967656551976,397.004028321636,13.5516553396704,5.41444935087681,11.9081706947421,7.68975756906475,8497.40834542824,8485.95859402343,11.6446460235488,1.22828478534576e-20,8.50624466621374,1.32291166243952,20.1130627144385,6.23842158913765,3.09670818289101,10.1677302148122,14.9928185409189,5.9065295692,4.97156667291597,3.75291681181043,3.84663464984535,50.7897656866715,0.999999998618942,1.30867204525562e-20,8.15322325357314,0.0464321804376934,0.633837419802075,1.069991551036,0.382347584612966,2,0.0682696112528684,0.0272765461537849,0.059990175641717,0.0387389397612602,42.8076681304805,42.7499873484834
"12",4,0.580804760057848,0.0451343189117641,0.001,1.95845682342164,38.0855113427215,9.33293243957782,39.459712684062,4.31570367999869,11.4919416639008,23.7560538601522,23.1755548757613,9.26377662269198,1.95448903266026,13.1434091872742,18.6212931690629,145.441164033578,0.0601194472044131,0.00481087347315205,0.0053152925598045,0.143805013718792,0.160146012621581,0.0298154303372095,0.0409546670316879,0.0258173332664152,1.11019372549153,1.09412674577,0.418091497832799,0.48937880556128,0.000453320289329684,0.00599730873479757,197.473618079818,4.09089261170452e-18,1611.30695038994,9.18115566104306,125.212819599737,210.81102991265,76.6534953453723,394.947236839336,13.460472588824,5.38044555857211,11.8366666056108,7.63375461935691,8458.67660181198,8447.29203790563,11.872004756414,1.9680766747163e-20,8.56456784496894,1.32029621579067,20.0523337880032,6.28542157667601,3.13931837868476,10.196484436131,14.9437322102631,5.88688938979314,4.94880967048728,3.73579771756879,3.83448972447963,50.6610183243174,0.999999998279009,2.07161475261501e-20,8.15960614529084,0.0464930745408807,0.634073658050043,1.0675402192947,0.38817081470837,2,0.0681633966934157,0.027246401831447,0.0599404958512262,0.0386570858449242,42.8344640134953,42.7768129510524
"13",4,0.577669026069487,0.0419854129411759,0.001,1.88263023910281,37.859364902192,9.46655225768131,39.2440613456848,4.36414405460739,11.4645051010273,24.1220079217896,23.1377338949498,9.25301489484994,1.94685532968691,13.1143193583989,18.6107170901649,145.53409285191,0.0616443661475705,0.00489619293926997,0.00537704453877353,0.144088774252063,0.160447859167174,0.0302811882582464,0.0411150067698448,0.0260380422377859,1.11422051405155,1.09752467981817,0.418721794871265,0.490778366767556,0.000453993512271854,0.0060100439561867,196.407468425778,1.14932289226999e-17,1603.88444452829,9.14372034173113,124.58372517915,209.170579618428,77.4140934612259,392.814937727251,13.3659522045506,5.34518010251442,11.7623061558553,7.57573609133051,8418.37043599421,8407.05376776692,12.1074138977561,5.62730663007364e-20,8.62415809327468,1.3175074561437,19.9891919920662,6.33393369951212,3.1828809767397,10.2281319401754,14.8926181361427,5.8664670805826,4.92513394540504,3.71800738596522,3.82188556184255,50.5267626863042,0.99999999777072,5.85172701893538e-20,8.16610719443639,0.0465548504577493,0.634312564078988,1.06498281775457,0.394150456238393,2,0.0680521585145581,0.0272147496907351,0.0598872651020332,0.0385715275247026,42.8617632756088,42.8041449564442
"14",4,0.574419018027769,0.0390561980848148,0.001,1.80880990216119,37.6265984851821,9.6055804422606,39.0205534575583,4.4134761068314,11.4364629015858,24.4977244814348,23.0981482550525,9.24172300635029,1.93899455413955,13.0839235872783,18.5990947188205,145.628909134298,0.0632412806069126,0.00498433078661856,0.00544120713454178,0.144383077745401,0.160764711515716,0.0307702085060065,0.041282999979433,0.0262743569904679,1.11843521976871,1.10108432962918,0.419385139768219,0.492242577373586,0.000454701693878581,0.00602338568082953,195.302465573952,1.63820798846705e-16,1596.15473075152,9.1045064010151,123.930080481028,207.472920305402,78.1775491141145,390.604932258883,13.2680156389271,5.30862145419238,11.6850093489242,7.51565453895475,8376.44747047956,8365.20149813788,12.3511780285842,8.16537051180079e-19,8.68500850879778,1.31453665553127,19.923583636652,6.38398501714728,3.22740375847012,10.2628934324074,14.8394159870181,5.84523989514452,4.90051927899153,3.69952516090457,3.80878485351201,50.3868349211374,0.999999997155749,8.38805582404316e-19,8.1727320826232,0.0466174676718156,0.634554611301682,1.06231592676302,0.400289615709719,2,0.0679357301619193,0.0271815382539714,0.059830321554566,0.0384821281978772,42.8896144349138,42.832032098323
"15",4,0.571051442990346,0.0363313470556417,0.001,1.73699212364604,37.3870562455681,9.75021109758236,38.7890045238095,4.46368506600986,11.4078106435772,24.8833903388267,23.0567371569671,9.22988123541143,1.93090366404135,13.0521724860733,18.5863635593417,145.725790636911,0.0649143749633907,0.00507539077717094,0.00550788589341194,0.144688337952852,0.161097406242695,0.0312837844087076,0.0414590618034565,0.02652743596809,1.12284694969099,1.10481362986411,0.420083249743235,0.493774388189122,0.000455446523619893,0.00603736033162592,194.157489918759,3.77982273389403e-19,1588.10862735256,9.06344052737482,123.251234357584,205.716858232528,78.9427553304391,388.314981233435,13.1665830241352,5.27073699811121,11.6046911622317,7.45346193233106,8332.86469160172,8321.69230241171,12.6036121025371,1.91840774429468e-21,8.74712110580097,1.31137414604038,19.8554541712173,6.43560184218308,3.27289257217982,10.30100080012,14.7840575865033,5.8231820749423,4.87493637569689,3.68032860552768,3.79517425558495,50.2410549985772,0.999999996405195,1.94678182226598e-21,8.17948677801783,0.0466808697340798,0.634800305494739,1.05953603736376,0.406591345405665,2,0.0678139328146092,0.027146709515916,0.0597694743858236,0.038388742606098,42.9180695791514,42.860526657915
"16",4,0.567562954571846,0.0337966019122248,0.001,1.66717957176493,37.1399661819118,9.90053775850253,38.5500718576612,4.51476999006833,11.378727500353,25.2796008032107,23.0135670254554,9.2175064914786,1.92259907342802,13.0191556936521,18.5725595456516,145.823756887463,0.0666676165628028,0.005169429059415,0.00557715026683055,0.145004607459052,0.161446986883961,0.0318232613567687,0.0416436505302245,0.0267984707912743,1.12744746114297,1.10870605016487,0.420814724703159,0.49537140969794,0.000456226276238232,0.00605194855250235,192.971403635316,7.49821661881961e-16,1579.7325390709,9.02056039414371,122.546220045919,203.903714758521,79.709805123706,385.942809108855,13.0616480962047,5.23151521808877,11.5213338668975,7.38919047152005,8287.51212191802,8276.4162305815,12.8649435451451,3.87614988831146e-18,8.81040575180019,1.30802281901348,19.7847179804325,6.48888120637643,3.31940726840391,10.342677097006,14.7263219844089,5.80021257382462,4.84834693941167,3.66039370040347,3.78098079466186,50.0884452265747,0.999999995237058,3.88566204206942e-18,8.18635560392234,0.0467455808541802,0.635048598671285,1.05665248812038,0.413065372601482,2,0.0676869618395748,0.0271103132102312,0.0597048764478881,0.0382916343930944,42.9468404453703,42.8893402610185
"17",4,0.563950160911604,0.0314386994532324,0.001,1.59932951568552,36.8870082580863,10.0570948671435,38.3010458431322,4.56666760305895,11.3486584551258,25.6852981608847,22.9681869894405,9.20446605595231,1.91402265664607,12.9843993133746,18.5573082791339,145.926512070893,0.0685073217286133,0.00526672369192439,0.0056492475904555,0.14533350948821,0.161813969852967,0.0323902360370707,0.0418371886418401,0.027088972147568,1.13230061017685,1.1128152973283,0.42159124002478,0.49705343931999,0.00045705269196564,0.0060673213057175,191.743053620707,1.0341040663262e-15,1571.02958031216,8.97545069147395,121.815295757628,202.02487096868,80.4734890605191,383.486109419891,12.9529127485428,5.1908601133597,11.4346483017273,7.32255408211812,8240.54420372292,8229.52799636492,13.1358030636206,5.44634038603555e-18,8.8751350711128,1.30443374823029,19.711416595355,6.54363325603428,3.36678454249199,10.3882445370546,14.6665910087425,5.776468540438,4.82074755677247,3.63970069112345,3.76636291157341,49.9311905483435,0.999999994319284,5.3931761329792e-18,8.19341061760334,0.0468097825240729,0.635304866410419,1.05362288753712,0.419694414393541,2,0.0675534911454133,0.027071958988095,0.0596352672018542,0.0381894097452194,42.9770153406005,42.919562373792
"18",4,0.560209636488002,0.0292453018169604,0.001,1.5334609072569,36.6261765830635,10.2197788537643,38.0442817100608,4.61939037501845,11.3181619614697,26.1018902491894,22.9209205872077,9.19085120388394,1.9051851782649,12.948272601494,18.5408726053421,146.03075721336,0.0704371612579478,0.00536724632269165,0.00572418560505547,0.145674318974968,0.162199834050298,0.0329861310356404,0.0420402008978099,0.0274002091818474,1.13736333071702,1.11710582828413,0.422403614089418,0.498807349526326,0.000457925030396775,0.00608336111998735,190.471276422376,6.93914986316028e-16,1561.97737426419,8.92837040093261,121.056869908727,200.086703105,81.2362802674897,380.942552811841,12.84052059013,5.14880341194314,11.3447441195933,7.25374708723054,8191.7171893537,8180.78374145643,13.4162560123701,3.72441265856533e-18,8.94104840118539,1.30063427771212,19.635404209844,6.60008620711079,3.41518954263606,10.4379056333114,14.6043372665306,5.7517583001709,4.79206091703588,3.61822235871577,3.75119234293657,49.7666617438007,1.00000000008639,3.64314766724826e-18,8.20059278090516,0.0468751539308479,0.635564963878008,1.05048229255621,0.426501474659958,2,0.0674144723153167,0.027031915305541,0.0595614432457316,0.0380831547102766,43.0076247921813,42.9502227098119
"19",4,0.55633791915222,0.0272049319227538,0.001,1.46954854965077,36.3573540217473,10.3888061821012,37.7795062920728,4.6729472627617,11.2871966247068,26.529536868852,22.8716869386467,9.17663493261589,1.89617250009363,12.9107079399217,18.5231111092203,146.136790809441,0.0724624705756413,0.00547110705513883,0.00580207931706975,0.146027693305963,0.162605665916008,0.0336127584879201,0.0422532853005815,0.0277337612942231,1.14264832490922,1.12158862794327,0.423257310018679,0.500637233932507,0.000458829710489467,0.00610011627188195,189.154892529464,7.46598513039895e-17,1552.56644362077,8.8792332397242,120.270282342048,198.087919671741,81.9965963204956,378.309785023509,12.7243867189477,5.10530998323109,11.2515469212505,7.18271639007808,8140.99129430416,8130.14381105076,13.7066308341548,4.08472039204873e-19,9.00811365090861,1.29661394832256,19.5566293501351,6.65828140330075,3.46462557800651,10.4919532731109,14.5394991699028,5.72605761931725,4.76229948343743,3.59593526565037,3.73532867866285,49.5948225545311,1.00000000009362,3.94702195182976e-19,8.20791058060678,0.0469415996690248,0.635829614264798,1.04722599051691,0.433489164523725,2,0.067269667466608,0.0269901027429879,0.0594832455658068,0.0379726704115344,43.0387561548177,42.9814090616003
"20",4,0.552331539727536,0.0253069134165152,0.001,1.4075467847537,36.0820246496509,10.5648079632053,37.5042094679533,4.72725394487825,11.2552688499428,26.9672035896813,22.8200469441434,9.16168096591757,1.8868787345842,12.8712530240189,18.5036924936104,146.248130935788,0.0745905755361232,0.00557862488233812,0.00588321835312947,0.146395270206125,0.16303235626708,0.0342719704583696,0.0424769125087967,0.0280914566023069,1.14821898106047,1.12631688287032,0.424162192138663,0.502562760805922,0.000459786827472508,0.00611775122483699,187.792722594981,1.5720881646162e-18,1542.79840091761,8.82765142399409,119.455762779698,196.020658804537,82.7490948935256,375.585447014725,12.6042316653134,5.06028535439771,11.1547748343324,7.10919900097905,8088.50361100976,8077.74553420382,14.0075672598551,8.77009015235723e-21,9.07661986745731,1.2923264155011,19.4751544756556,6.71801422777923,3.5149260639744,10.5507422852722,14.4724180397963,5.69948482679955,4.73143374654363,3.57281867705073,3.7189874143061,49.417637635797,0.999999995141549,8.37140084692669e-21,8.21543227076703,0.0470074199847685,0.636104320490432,1.04381391964238,0.44064058153074,2,0.0671177851298335,0.0269461204879929,0.0593993985815703,0.0378566265412319,43.0714431312492,43.0141561575848
"21",4,0.548187036573296,0.0235413148060607,0.001,1.34746417975915,35.7984935383281,10.7475598985648,37.2205846887941,4.78230901268479,11.2228553849628,27.4161661845273,22.7662976146474,9.14608415573196,1.87733860509908,12.8302356622612,18.482820633787,146.361790479217,0.0768266075576264,0.00568979693627612,0.00596763752848933,0.146776387678159,0.163481294712911,0.0349656765533593,0.0427117254453551,0.028474938846089,1.15403638313217,1.13125932449937,0.425110882989245,0.504571869970058,0.00046079254632011,0.00613616396637578,186.383592455952,2.11618864422442e-18,1532.65174662059,8.77382364101485,118.611717680598,193.890750888033,83.495482749428,372.767184869842,12.4801892231193,5.01376476958068,11.0545222765807,7.03336886623198,8034.02892711082,8023.36361903634,14.319219112794,1.20406836644904e-20,9.14631008123778,1.28779014015339,19.3907971745465,6.77952128223891,3.56623613512095,10.6145227929975,14.4025924318536,5.67186814643457,4.69939772602152,3.54884008102386,3.70202064653282,49.2326747282612,1.00000000011284,1.1353942783152e-20,8.2231044406752,0.0470740129342576,0.636384974294416,1.04027800062784,0.447976571642603,2,0.0669596988666099,0.0269002475168587,0.0593105977418083,0.0377359872419446,43.1048077899671,43.0475854350637
"22",4,0.543900948393833,0.0218988974940099,0.001,1.28926342498669,35.5069002293499,10.9374718449162,36.9278668004549,4.83809774308512,11.1898421608062,27.8763177281352,22.7102744706798,9.12978635727914,1.86755251295367,12.7875055748144,18.4603383637912,146.478782836452,0.0791773619242534,0.00580480737909514,0.00605552063648333,0.147172044608429,0.163953932037666,0.0356960306882791,0.0429583966307561,0.0288861976877794,1.16012677818436,1.13643796921288,0.426108720698724,0.506672915546302,0.000461848115946033,0.00615542818225969,184.926322479849,6.87025333800821e-16,1522.11911966404,8.71761171452586,117.737719607075,191.695682118956,84.2330869447808,369.852644907806,12.352139822887,4.9656994583572,10.9506686472998,6.95513640973297,7977.56393837284,7966.99489043207,14.6419783643082,3.98804972727231e-18,9.21722374031143,1.28298874012916,19.3035620787281,6.84277495172885,3.61851835840686,10.683636616155,14.3300481764086,5.64320940817693,4.66617540809653,3.52397924274164,3.68442287477651,49.0402648764845,1.00000000014031,3.71513002953962e-18,8.23094895018778,0.0471409997173275,0.636673665732057,1.03660571180579,0.455495387714627,2,0.0667949249137641,0.0268523128155269,0.0592163868398425,0.03761031051416,43.13914770225,43.0819949518978
"23",4,0.539469858693891,0.0203710674362883,0.001,1.23292184457009,35.2073079935035,11.1347660530011,36.6253535460781,4.89453806220006,11.1561086345825,28.3480593036917,22.6518145285534,9.11274038899042,1.85750879179906,12.7429094934438,18.4360618200462,146.599909586474,0.0816496628237622,0.00592384791776918,0.00614706597570957,0.147583020131268,0.164451544207475,0.0364652459414357,0.0432176957783741,0.029327350429086,1.16651684804012,1.14187597902013,0.427160748109332,0.508874244775601,0.000462958073489767,0.00617561672732818,183.419751981242,5.22317058429683e-16,1511.19313788401,8.65884010545877,116.833108773345,189.43301808126,84.9606863711589,366.839503911846,12.2199711828789,4.91604876996277,10.8430780949468,6.87441558377714,7919.09240845726,7908.62325091522,14.9761609044865,3.094126818994e-18,9.28940392061259,1.27789777359735,19.2133851523365,6.90772159376159,3.6718050967106,10.7584306824547,14.254802267393,5.61351800211197,4.63173735084537,3.49821303846821,3.66620776520681,48.8406260384886,1.00000000013804,2.84765982321904e-18,8.23898801393627,0.0472077844023012,0.636971250519524,1.03278417979097,0.463203583393656,2,0.0666229839075099,0.0268021776146777,0.0591161964800412,0.0374791455689522,43.1746980573841,43.11762046661
"24",4,0.534890403890983,0.0189498301732914,0.001,1.17839231441658,34.8997469050004,11.3399121215397,36.3135430046023,4.95170829768027,11.1217450441998,28.830018738593,22.5909340454153,9.09493839403073,1.84720244777864,12.696469509021,18.4100435510624,146.72534601431,0.0842532940567649,0.00604712064676385,0.00624247480680264,0.148010047789233,0.164975906625686,0.0372760533329373,0.0434900406488252,0.02980066729964,1.17320728033471,1.14757432026018,0.428266856622101,0.511175817368319,0.000464124284360533,0.00619673837170737,181.862737530285,8.46612342113671e-18,1499.86056507371,8.59753594996109,115.897616422391,187.104013664157,85.6716687070589,363.725474645869,12.0836738358268,4.86479527094671,10.7317501189798,6.79121970366977,7858.56359656984,7848.19795906386,15.3225347031074,5.11956697380068e-20,9.36284179118939,1.27252170682339,19.1203143450399,6.97449919215174,3.72586435452268,10.8392618583252,14.176654117382,5.58271412626162,4.59605288950932,3.47150728295123,3.64735020535971,48.6332294416865,1.00000000114015,4.65522709366426e-20,8.2472120850705,0.0472748627702354,0.637280721320011,1.02881995739411,0.471078737558709,2,0.0664439236629863,0.0267498188059727,0.0590101649021336,0.0373425573794734,43.2115105724784,43.1545135336206
"25",4,0.530159299491645,0.0176277489984106,0.001,1.12567970420385,34.5834352130947,11.5527765946465,35.9919218199186,5.00941364959633,11.0867307026002,29.3246751031869,22.5274855551329,9.0763547213651,1.83664318588171,12.6480838718546,18.3820324331317,146.854769810945,0.0869933836639807,0.00617473744383085,0.00634189562722156,0.148453451689124,0.165528456268874,0.0381306219079284,0.0437766815747413,0.0303085132366886,1.1802214314228,1.15355452853796,0.429432016421373,0.513585463456526,0.000465348593647053,0.0062188576893497,180.254163081282,2.81984508824564e-17,1488.11334783339,8.53352061427688,114.929855786225,184.70681876952,86.3708289473647,360.508323654319,11.9431559612174,4.81191386101661,10.6165356876887,6.705499285414,7795.90051051138,7785.64218899771,15.6809195659597,1.74118030521929e-19,9.43745953343464,1.2668305902497,19.0241616074981,7.04298587031682,3.78102827617523,10.9264712994133,14.0955686242537,5.55080502531031,4.55908032777361,3.44384695820675,3.62781133877882,48.4178007935738,1.00000000695752,1.56437169586659e-19,8.25563933031574,0.047341601035872,0.63759890268957,1.02470210339238,0.479161357895211,2,0.0662573104562733,0.0266951609451915,0.058897589825796,0.0372002466819253,43.2494896732906,43.1925793561602
"26",4,0.525273355383486,0.0163979060450332,0.001,1.07472208814615,34.2587398423164,11.7741326920209,35.6604671887421,5.06775845960414,11.0510672728161,29.8299181585999,22.4614653272566,9.05694139941629,1.8258374157638,12.5977181637502,18.3520666556494,146.989166822718,0.0898816401484443,0.0063069621205843,0.00644558570155133,0.148914511548433,0.16611148181609,0.0390321120301127,0.0440780482618489,0.0308535686404822,1.18757536970808,1.15982744052238,0.430659048153284,0.516107757281738,0.000466629998530087,0.00624200617407182,178.592941611362,1.35502458607147e-15,1475.94043167234,8.46678967731001,113.929978737068,182.241769860971,87.0492288999031,357.185881660771,11.7984092592779,4.757369998383,10.4974432537717,6.61724569004857,7731.09649844178,7720.94928619922,16.0522265109645,8.54608873681318e-18,9.51330054272875,1.26082784917994,18.92507759129,7.11328117777945,3.83696011260666,11.0204591172317,14.0115002380541,5.5177282688425,4.52081891971243,3.41521183247322,3.60756154770385,48.1942131141509,1.00000000437294,7.58722365940753e-18,8.26427083181347,0.0474083109777063,0.637931030237476,1.02043098127855,0.487416963375816,2,0.0660631333154606,0.0266380629394597,0.0587786012423716,0.0370521122463242,43.2889254328603,43.2321078890347
"27",4,0.520229522440727,0.0152538660884029,0.001,1.02550887460288,33.9249624498828,12.0040032715395,35.3197214886647,5.12666296316379,11.0149290372646,30.3466251326424,22.3928690952621,9.03672583830345,1.81474822972277,12.545395758401,18.3201176355972,147.127730249043,0.0929270250766232,0.00644392909013322,0.00655371491117164,0.149393428189312,0.166726900877543,0.039983283078285,0.0443950850916289,0.0314385568248785,1.19527030573559,1.16639741164695,0.431946906622491,0.51874300470174,0.000467978241598667,0.00626618587640726,176.87803764238,9.18078993144005e-16,1463.3293174997,8.39733269781586,112.896954435406,179.710214971953,87.7067238913463,353.756075259695,11.6494315955059,4.70117156728838,10.3744288530116,6.52648524422289,7664.05116457598,7654.0188845248,16.4367498394973,5.91603593096087e-18,9.59024316805242,1.25450631937292,18.8229593315284,7.18540439728304,3.89374747026432,11.1215804741979,13.9242196648062,5.48343434779342,4.48120245103348,3.38556856572975,3.58660918752048,47.9615050319637,1.00000000007085,5.19046347102329e-18,8.27309787641365,0.0474752705894949,0.638275706516291,1.01601203507262,0.495859887788275,2,0.0658613796919473,0.0265786054067749,0.0586530074170213,0.0368982228188265,43.3295804684047,43.2728618379539
"28",4,0.515024911521247,0.014189642872933,0.001,0.977995343537458,33.5828342518663,12.2426647496047,34.9680733569132,5.18604504216589,10.9779320141412,30.8749744393863,22.321331883366,9.01559515123037,1.80337415730364,12.4908070828695,18.2858060474911,147.272566079338,0.0961387534807307,0.00658594736155565,0.0066665959711968,0.14989196157331,0.167376181789837,0.040987814662804,0.0447289725445136,0.0320666627411811,1.20336048092975,1.17331109788743,0.433306843193173,0.521508656040057,0.000469397978866086,0.00629156648311816,175.108469710809,7.35671731218742e-16,1450.27802859793,8.32485085325593,111.830425641728,177.10763404636,88.3410054381427,350.216939834448,11.4960419782669,4.6432560950738,10.247295145491,6.43307681268385,7594.8173426536,7584.9040314518,16.8347100019155,4.84509529719115e-18,9.66841766256622,1.24782822419977,18.7177496518447,7.25925487965991,3.95140240679741,11.2302884959197,13.833882603756,5.44798390668354,4.44022311076144,3.35490524278521,3.5649919104987,47.72092798195,0.999999998821217,4.20123442096493e-18,8.28216949918813,0.047541108989138,0.638635159650423,1.01141671862064,0.504493046395201,2,0.065650976127547,0.0265164563271481,0.0585197001055121,0.0367376678907928,43.3720730141938,43.31546061157
"29",4,0.509656823111467,0.0131996677887749,0.001,0.932145714063403,33.2317492130861,12.4904514536558,34.6063908881124,5.24586101247658,10.9402847889901,31.4147036209593,22.2469497641833,8.99356363539462,1.79171353313862,12.4340100046654,18.2491839581,147.422991279488,0.0995280410587786,0.00673328074072323,0.00678451567808466,0.150410382273986,0.168061985969569,0.0420493175654919,0.0450805409068339,0.0327410666740304,1.21184472002204,1.18056787981327,0.43473817515161,0.524403327526917,0.000470891165285278,0.00631813258072678,173.283319280107,2.11754956662234e-16,1436.77315605016,8.24937964759457,110.729809828191,174.436702106493,88.948433591369,346.566639715797,11.3383097407341,4.58363107086603,10.1160767674712,6.33707803751396,7523.30367693086,7513.51333890932,17.2465493161119,1.4258055714465e-18,9.7478100030735,1.24079234631794,18.6094717457585,7.33494428195305,4.0098434991145,11.3469614579296,13.740270793283,5.41128761517852,4.39784475358403,3.32318480967007,3.54265723522499,47.4713734222882,0.999999996665625,1.22201581107682e-18,8.29146831459825,0.0476063111807847,0.639010205477339,1.00665604888884,0.51331215066927,2,0.0654322051887745,0.0264516577511606,0.058378825935277,0.0365706176607806,43.4162023390385,43.3597033174964
"30",4,0.504122791899242,0.012278760733744,0.001,0.887945387839849,32.8718329359164,12.7476597949611,34.2338394191681,5.30596435711113,10.9017697555167,31.9662258333489,22.1695096903271,8.97057304963466,1.77978478470138,12.3748453620163,18.2099608929735,147.580088665166,0.103107025619006,0.00688611517024694,0.00690770135329423,0.15094983100313,0.168786554985607,0.0431711152330189,0.0454510594567343,0.0334653455091526,1.22076255202997,1.18820238732311,0.436249298650043,0.527439945629974,0.000472457821931287,0.00634600069611447,171.401749209788,7.23669295683046e-16,1422.80981627197,8.1706881712186,109.594638419108,171.695413620474,89.5272389643863,342.803498491484,11.176155120125,4.52227033071792,9.98065422853439,6.23844159322107,7449.51184984713,7439.84863266214,17.672724546916,4.98327011524495e-18,9.82834529334221,1.23336399862472,18.4981014636544,7.41228248639031,4.06910786116758,11.4720375187638,13.6434316463266,5.37337240307951,4.35405340726672,3.29040329474429,3.51958014303009,47.2132846018602,0.999999999790235,4.22206482061923e-18,8.30102272895745,0.0476698062136117,0.639402100044964,1.00171331025514,0.522323951525309,2,0.0652044402656679,0.0263840383812784,0.0582295937611752,0.0363966040059304,43.4622860188353,43.4059084309313
"31",4,0.498420612823376,0.011422103008134,0.001,0.845348165941456,32.5024421631245,13.014585732547,33.8516533854381,5.36647325333048,10.8627847026824,32.5288607370316,22.0891318052771,8.94664800766834,1.76759096576291,12.3134169114447,18.1683071042433,147.742757270133,0.106888795323727,0.00704467250345333,0.00703640887976194,0.151511088602346,0.169552934550058,0.044357704850623,0.0458414177702979,0.0342431883083007,1.23010451968173,1.19620796465619,0.437838309569303,0.530614619105314,0.000474098969391618,0.00637513622210554,169.463008461939,5.51874638430015e-17,1408.37352694504,8.08899669610463,108.424410850306,168.888124649801,90.0725261277643,338.926016719896,11.0096786111226,4.4591937826971,9.84114191470266,6.13726080295202,7373.33562373304,7363.8035618795,18.1136968264312,3.88777609070118e-19,9.90989199101772,1.22557269512759,18.3836770365305,7.4914895859911,4.12905229984891,11.6059074131217,13.5430554197851,5.33412311880764,4.30882894016502,3.25652030330836,3.49569082019034,46.9452508198078,1.00000000060185,3.2566082932849e-19,8.31080210705091,0.0477331116353322,0.639811672763455,0.996607615339119,0.531517332304438,2,0.0649680347214033,0.0263136706107892,0.0580725080354975,0.0362159320924846,43.5100007670801,43.4537521382744
"32",4,0.492548391051384,0.0106252121005898,0.001,0.80431685861492,32.1236947319669,13.2917512971021,33.4590854184656,5.42729740763187,10.8231758348237,33.1024279061561,22.005648459021,8.92169883805588,1.75513964381125,12.2496378784859,18.123973487145,147.912151720616,0.110886788767802,0.00720925969112234,0.00717097882979082,0.152095651494929,0.170364193095724,0.0456135152777118,0.0462529276494176,0.0350787352203703,1.23991028609237,1.20461582508369,0.439512512401519,0.533941060064388,0.000475815888289577,0.0064056517337587,167.466452702278,8.70237779606687e-17,1393.46000138146,8.0041444493951,107.218978378218,166.013698140875,90.5808200281756,334.932905914941,10.8388467425331,4.39436840812943,9.69745746206836,6.03353942801031,7294.78600730488,7285.38923469378,18.5698171664905,6.2737701462103e-19,9.9924721700667,1.21739556469027,18.2662747359529,7.57246835645826,4.18962811518812,11.7490227231794,13.4391975654456,5.29352572568054,4.26215389306052,3.22155443813211,3.47097508394815,46.6676661823231,0.999999998476157,5.19649018796434e-19,8.32083069040302,0.0477955095366343,0.640241531869353,0.991325099499396,0.540889344871831,2,0.0647224954677087,0.0262402907001644,0.0579068660666689,0.036028346701429,43.5596854085006,43.5035740354754
"33",4,0.486504583870373,0.00988391823310676,0.001,0.764832728073891,31.7353396732019,13.5787725618606,33.0562999402833,5.48823557867452,10.7829422197353,33.6882299249901,21.9189796762438,8.89571544625445,1.74239597447183,12.1834066421319,18.0770178934308,148.087831734375,0.115113885228626,0.00738016638101584,0.00731175517678789,0.152703912095713,0.171222338902506,0.0469433166845529,0.0466871315870689,0.0359763072207796,1.2502018375919,1.21344768892982,0.44127524928124,0.537424917821478,0.000477621664247362,0.00643758484198652,165.411558512875,1.31973108749029e-18,1378.06224334313,7.91600258389621,105.97735783163,163.07329072132,91.0526571165931,330.823117031854,10.6636840862542,4.32780634140927,9.54966146406545,5.92728317855394,7213.79831864913,7204.5408954198,19.0411671621394,9.73983500387734e-21,10.0760537417001,1.20880456272072,18.1456910786395,7.65520112912308,4.25098738415465,11.9017940940739,13.3317574401345,5.25156660311891,4.21402924310693,3.18546967513898,3.44546635849802,46.3798432618265,0.999999999981552,7.9784695781294e-21,8.33111214057294,0.0478564052894406,0.6406889505332,0.98586393952402,0.550461273284152,2,0.0644675872830701,0.0261638689595719,0.057732733732425,0.0358335489474469,43.6112106274274,43.5552446277574
"34",4,0.480288037095971,0.00919434254242489,0.001,0.726840015098679,31.3383491961132,13.8773383173111,32.6425153995062,5.54932563879567,10.7417392677476,34.2828918741449,21.8288506316612,8.86867525598285,1.72932173476454,12.114438510809,18.0267206605517,148.272994780671,0.119590659486769,0.00755779194187798,0.0074591642631089,0.153338232099388,0.172132205990045,0.0483523896653275,0.047144912306519,0.0369408887096375,1.26102958269726,1.22275291557569,0.44313586646478,0.541080589375598,0.000479524073090526,0.00647112851022571,163.297933228915,2.34899584958361e-17,1362.17969981422,7.82440358616667,104.700872915987,160.065093912326,91.475904690036,326.59586522526,10.4841358219417,4.25951863033761,9.39745378829078,5.81841989287631,7130.48826520902,7121.37456175498,19.5289075276723,1.77532219034878e-19,10.1607221367867,1.19978021313491,18.0223922241121,7.73952979266603,4.31262350477123,12.0647415103141,13.2208054204846,5.20833882419427,4.16434882703697,3.14823406487222,3.41924077605723,46.0833299585688,1.00000000377399,1.43847249747847e-19,8.34168368221502,0.0479148967839505,0.641164718014861,0.980202819174858,0.560177971799754,2,0.0642025018578272,0.0260843389881848,0.057547904238219,0.0356307015023795,43.6655146279391,43.6097043472563
"35",4,0.473898029871842,0.00855287678365106,0.001,0.690332681719985,30.9299086128009,14.1858795208324,32.2205092002638,5.61052498658397,10.7005738933398,34.8909573227534,21.7357457872034,8.84061266976445,1.71603660190655,12.043316800994,17.9738505543952,148.461751279364,0.124326478046375,0.00774209617936197,0.00761328589208961,0.153997571717921,0.173096647957437,0.0498461705463087,0.0476286020430158,0.037977027270151,1.27233967929088,1.23247885768793,0.445085762452493,0.544893358597596,0.000481504580140584,0.00650607619271461,161.125330114686,8.08734558777767e-17,1345.79307034737,7.72979762424065,103.386928343419,156.999256180394,91.8597551977521,322.250660312853,10.3005271063509,4.18954892706142,9.24133797001249,5.70730410511353,7044.53922043713,7035.57314426141,20.0321448172184,6.26130073763134e-19,10.2459073961476,1.19037006400401,17.8959307388615,7.82581169921152,4.37515172408258,12.2381221145254,13.1057693550215,5.16353047585235,4.11318795646418,3.10987210237316,3.39197789962045,45.7739749359814,0.999999999740943,5.01928876106952e-19,8.35246121165941,0.0479738202350697,0.641655339002546,0.974392145716463,0.570113681744337,2,0.0639286640800099,0.0260018019698954,0.0573549668512124,0.0354215200029236,43.7208675606625,43.6652209645188
"36",4,0.467334335394229,0.00795616444990797,0.001,0.655251338213921,30.5141721739268,14.5061581998516,31.7860310272075,5.67156536485344,10.6580003724352,35.5072764465352,21.6387507999417,8.81132071885215,1.70238326730725,11.9690270912961,17.9173976929131,148.662665924438,0.129347585356102,0.00793400701060624,0.00777503395108521,0.15468630644883,0.174118093778859,0.0514313010505277,0.0481388100843751,0.0390909349220074,1.28429235227347,1.24276881415247,0.447152973288877,0.5489094811657,0.000483601667588197,0.00654288858778481,158.893674229276,2.87093836687232e-18,1328.92038892318,7.63136675111214,102.03794907951,153.864753822142,92.1876079988927,317.787348068075,10.1125312238521,4.11783271209017,9.08085608359435,5.59353732102636,6956.33093897612,6947.51681777316,20.5525130899159,2.27780451297834e-20,10.3324011421671,1.18046793588595,17.7666531868286,7.91346447489193,4.43780175359151,12.4226045423665,12.9874465129199,5.11751407648254,4.0605317977876,3.07034566876556,3.36409324238422,45.456828500451,1.00000000122874,1.80682987181561e-20,8.36358273544926,0.0480281345214371,0.642177542308273,0.968350406380444,0.580184255662341,2,0.063643384705711,0.0259156491730946,0.057150519923462,0.0352030208567531,43.7797853266704,43.7243135071878
"37",4,0.460597245414783,0.00740108320921671,0.001,0.621578407759238,30.0874416791508,14.8376790090672,31.3426808735268,5.73256961012588,10.6152814192197,36.1352142997033,21.5384580502051,8.78091490112641,1.68848582338271,11.8923200118901,17.8578913930534,148.869484365586,0.134667247231179,0.00813332642461426,0.00794436105079864,0.155403554724658,0.175202998358485,0.0531136075682246,0.0486780888329752,0.0402878965978138,1.29681050182241,1.2535543619674,0.449324370961211,0.553107960305001,0.000485790191888116,0.00658133691287502,156.603063369077,6.04169205749185e-19,1311.54194779191,7.52977515256779,100.65222185128,150.674079565643,92.4654453828678,313.206126882052,9.92055444840632,4.04446521568044,8.91642544494167,5.47756983906765,6865.54564838928,6856.8874425108,21.0893034518835,4.91390536605806e-21,10.4193627665267,1.17015382498644,17.6345710597878,8.00284393275303,4.50104116432786,12.6184160536259,12.8650791925944,5.06995701294164,4.00636725427095,3.0296874811149,3.33521473794765,45.1274864328255,0.999999999540564,3.85796543486331e-21,8.37494439108349,0.0480819147921929,0.642721921523484,0.962140051764598,0.590444678099727,2,0.063348406030015,0.0258262202974306,0.0569364688596877,0.0349774117996766,43.8404300499187,43.7851424604665
"38",4,0.453687634258592,0.00688472856671322,0.001,0.5892667486074,29.6523095662624,15.1812704918973,30.8885610100701,5.79334839658467,10.5715646541385,36.7714104117772,21.4343655190975,8.74927506186002,1.67427970412092,11.8126058126058,17.7947819100913,149.086961033801,0.140311592454697,0.00834079977023913,0.00812205288139841,0.156152280607021,0.17635417372477,0.0549011120143169,0.0492475611923226,0.0415747425181602,1.30999372756152,1.26492575359973,0.45161879945358,0.557516277459858,0.000488090955621167,0.00662171487674037,154.253795793517,7.14359279914803e-17,1293.66760146243,7.42455868683017,99.2311397707507,147.423309042822,92.6818566559498,308.507591295843,9.72450658419331,3.96943790429297,8.74789068912482,5.35923318555043,6772.38924660908,6763.89106502283,21.64359572997,5.95832771778158e-19,10.5072366700297,1.1593617714492,17.4998256620379,8.09370360328123,4.56435540708196,12.8261236730225,12.7390426289239,5.0210442324551,3.9507118907737,2.98785973564741,3.30554193921594,44.7885580899129,1.00000000094387,4.63106451879668e-19,8.38661762602702,0.0481320972080094,0.64329788031435,0.95571916673811,0.600840039408124,2,0.0630422515267575,0.0257331619466471,0.0567110238835974,0.03474295827237,43.9041983904682,43.8491061864122
"39",4,0.446606990513352,0.00640439866670997,0.001,0.558293679513598,29.2077751715025,15.536632234759,30.4240236964271,5.8537800773812,10.5271766472993,37.418020296711,21.326445228115,8.71634843420786,1.65976725164043,11.7298978615296,17.7280400593764,149.313799445773,0.146298926316681,0.00855665057775621,0.00830846028277795,0.156933793794491,0.177576490433203,0.0568008121209156,0.049849798929199,0.0429581071619242,1.32387269609172,1.27690800921349,0.454041559861819,0.562143817491744,0.000490508592858499,0.00666407290753252,151.846376812161,2.23051076328813e-16,1275.29640944149,7.31584978453898,97.7740949395316,144.116155736419,92.8397190871203,303.69275354908,9.52453952167627,3.89278214246734,8.57538852194629,5.23865438296674,6676.79283664713,6668.45866125911,22.2149618926972,1.90857012113808e-18,10.5957495666139,1.14810406151831,17.3623806346448,8.18591468557293,4.62804132913626,13.0460658512612,12.6092778155937,4.97072469583979,3.89358278092563,2.94487717336078,3.27502425911149,44.4390946994974,1.00000000024776,1.46892590436976e-18,8.39859624266857,0.0481792844843541,0.643901402301523,0.949091830820574,0.611405560403775,2,0.0627248389062205,0.0256363189241408,0.056474106950072,0.0344996995927341,43.9707089393432,43.9158233664039
"40",4,0.439357468718737,0.00595758015507905,0.001,0.528614633761681,28.7552098099463,15.9049302510598,29.949034277922,5.91373945645188,10.4816316452948,38.0710966195347,21.2145387185924,8.68213958941405,1.6449322798357,11.6441489994676,17.6572973689962,149.552686160487,0.152660169698522,0.00878150137449748,0.00850429374792676,0.157749935273865,0.178875344975212,0.0588217525586201,0.0504859978886867,0.0444457031958833,1.33849070409482,1.28954484963168,0.456600088283892,0.567004869058075,0.000493051798617023,0.00670858529969297,149.381539281229,1.32551565430031e-15,1256.43313299581,7.20342874596779,96.2826764629015,140.754342480425,92.926781345029,298.763078728741,9.32076603143641,3.81456287306769,8.39891701728155,5.11594382978992,6578.87513734168,6570.70896315594,22.8046111364989,1.16400175401561e-17,10.6850764376243,1.13634041842632,17.2225969674382,8.27941710493482,4.69150128678759,13.2787351230659,12.4757586881204,4.91904990656065,3.83494625157984,2.9007650613185,3.24372621934313,44.0801615587888,0.999999999443428,8.87335650670411e-18,8.41089962214892,0.0482216797110199,0.644542002128184,0.942247235363518,0.622076742149259,2,0.0623957021135071,0.0255357046747472,0.0562245981198183,0.0342474970572578,44.0407507201712,43.9860841648492
"41",4,0.43194193083765,0.00554193502798051,0.001,0.500206559482361,28.2921434471444,16.285102116868,29.4657211238039,5.9732863584002,10.4359795769801,38.7342352894821,21.0990233654876,8.64668354511788,1.62984876126416,11.5557283694945,17.5832554273869,149.798788738275,0.159413520834603,0.00901536804800676,0.00870974860739398,0.158601147916928,0.180257071267972,0.0609723707572813,0.0511593825077597,0.0460448358552913,1.35382558160365,1.30281317441783,0.459291020955824,0.572092159715472,0.000495708417064096,0.00675508342510753,146.860257642053,3.12711220345271e-16,1237.07122096557,7.08785001175661,94.7556186480034,137.347756636976,92.9496687803263,293.720512969602,9.11355289127742,3.73486518582035,8.21899852800112,4.99140362415485,6478.43248373802,6470.43780447516,23.4115107413965,2.81920674415396e-18,10.7745793440521,1.12414114812761,17.0803703036739,8.37441834035054,4.75524765910228,13.5243128070173,12.3381610435093,4.86583156876123,3.77491222516005,2.85554287935438,3.21141351157039,43.7083471661993,1.00000000787995,2.12931141365421e-18,8.42345812662804,0.0482625468687654,0.645209404613903,0.935227541640515,0.632912341331407,2,0.0620559510749637,0.0254314221915232,0.0559647567335669,0.0339874363808661,44.1129045992678,44.0584672759632
"42",4,0.424363964818477,0.0051552883981214,0.001,0.47304550439719,27.8191861094141,16.6759714086926,28.9755645774873,6.03222361606473,10.3902378528648,39.4077160401166,20.9800217256811,8.61003372889475,1.61452912709507,11.4648511798644,17.5054029029481,150.05121675354,0.16658734928811,0.00925871757362976,0.00892544573301002,0.159487188239438,0.181724466335077,0.0632629608892636,0.0518722355461797,0.0477639227779014,1.36986922950742,1.31671125988383,0.462112881375089,0.577403849510007,0.000498483897889041,0.00680364148086494,144.283748261949,4.37663947799934e-18,1217.2144329519,6.96910086103362,93.1927685565515,133.901565874089,92.906747906803,288.567496076564,8.90316520148779,3.65378805041459,8.03561371931242,4.86526970274104,6375.45257113862,6367.6329267369,24.0358471683109,4.05220688483943e-20,10.8641813667488,1.1114823008833,16.9354061322276,8.47100952490365,4.81928071125122,13.7831155988134,12.1961720547393,4.81098386720989,3.71336060944866,2.80922545526708,3.17806044846789,43.3230915152686,1.00000000155018,3.03335582662997e-20,8.4362545990207,0.0483013572615576,0.645899277109333,0.928043301443498,0.643916928760074,2,0.0617059462520031,0.0253236286143963,0.0556931312678429,0.0337201505290129,44.186907103682,44.1327108098648
"43",4,0.416627948164062,0.00479561711453154,0.001,0.447077101100612,27.3377638509744,17.0808981224193,28.473373896185,6.09028117648362,10.3434958683537,40.0894146494482,20.8562603193849,8.57181763229928,1.59882975504502,11.370054971685,17.4227729790502,150.31795993973,0.17421120410931,0.0095123383884361,0.0091522948497401,0.160415799917789,0.183288983919913,0.0657020656732907,0.052627445249327,0.0496127447443945,1.38687350292303,1.33146153110095,0.465113869056424,0.583009340081954,0.000501412931101945,0.0068548681089812,141.653502485004,9.99605061034356e-17,1196.89368014172,6.84677081077628,91.5973209850489,130.406405122927,92.7909476027661,283.307004751562,8.6893009432409,3.57125879218138,7.84852274781769,4.73708267336571,6270.30717919771,6262.66632218973,24.6776272342136,9.50858159535211e-19,10.9543238644475,1.09833021646445,16.7887798931358,8.56797019360432,4.88335051459774,14.0556381110382,12.0509612371049,4.75499369939555,3.65045678161485,2.7617634433126,3.14401310163109,42.9297516491689,1.00000000077105,7.05669146381276e-19,8.44944643138139,0.0483346383671689,0.646629412254543,0.920601347201304,0.655055794925624,2,0.0613419421158381,0.025211228330292,0.0554064856582012,0.0334413381520147,44.2651051617751,44.2111646881558
"44",4,0.408739051031507,0.00446103917630841,0.001,0.422270482609889,26.8502541620275,17.4985932078958,27.9614119385976,6.14738942284781,10.2952070540488,40.7749720354722,20.7283737526775,8.53204673819085,1.58280905570919,11.2721061715172,17.3357640101941,150.598804329944,0.182327754842246,0.00977688441699617,0.00939111847782389,0.161387197615073,0.184951237021743,0.0683044889043589,0.0534263539240517,0.0516017610975388,1.40481837563466,1.34702877281225,0.468285173999178,0.588907040299851,0.000504497471367496,0.00690872989536528,138.971278316044,5.16750585723442e-16,1176.11154409816,6.7207312804606,89.9700836280587,126.871409999326,92.5906854200841,277.942554701425,8.47249581709581,3.48738068712459,7.65817219413796,4.60734997967233,6163.01997759896,6155.56123683009,25.3383211629211,5.05221074903316e-18,11.0450028537622,1.0846399872775,16.6400782619591,8.6658868165793,4.94678272932395,14.3423253065425,11.902317811344,4.69760212730657,3.58620849844756,2.71330084015441,3.10922799468604,42.5271099396397,1.00000000694627,3.71839847466721e-18,8.46298290207181,0.0483605778732245,0.647400566096888,0.912932603182087,0.666257712997912,2,0.0609658051549339,0.025094255112326,0.0551061509984654,0.0331532534456388,44.3474370754021,44.2937659793953
"45",4,0.400703259726722,0.00414980388493805,0.001,0.398588449985058,26.3517824196119,17.9291903829657,27.447720064659,6.20443251846882,10.2482579260634,41.4625891529922,20.5975744688982,8.49151041287499,1.56667116769668,11.1723379649037,17.2461648170369,150.883180256601,0.190974131555071,0.0100519249200496,0.00964176992143428,0.162398474608897,0.186727050015548,0.0710822774065481,0.0542707764896945,0.0537398994130116,1.42344947558585,1.36324089403118,0.471587178115479,0.59501911720812,0.000507680254256596,0.00696447457917192,136.239108308192,8.31987265587955e-17,1154.84621329752,6.59264669239876,88.31118158429,123.321983755937,92.3010812795212,272.478216614171,8.25351523215143,3.40257590244241,7.46562160420942,4.47679224130551,6053.21252663332,6045.93821667545,26.0181453929941,8.3630735281275e-19,11.1347614832543,1.07063576648095,16.4900864206218,8.76600745966532,5.00925135187802,14.6429519530824,11.7484619289457,4.63853061525455,3.52069142520707,2.66377696734577,3.07309647459042,42.1067830172802,1.00000000000812,6.10681672778303e-19,8.47661312267598,0.04839026601333,0.648207278230527,0.905187836945958,0.677493286813598,2,0.0605811013791124,0.0249750306261029,0.0547979335521028,0.0328598175438343,44.4307996569477,44.3774059578237
"46",4,0.392527398853705,0.00386028268366331,0.001,0.37600381699632,25.8498980829506,18.3740023804854,26.9188645320247,6.25970371142947,10.1982909329829,42.1549559987468,20.460943112224,8.44892075102627,1.5500392194545,11.0677531714648,17.1503831173455,151.190241282038,0.200180777470639,0.010339413627067,0.00990632774250575,0.163462480452813,0.188615114444412,0.074047252711874,0.0551660762441682,0.056041338667298,1.44337287177685,1.38058764888538,0.475127133989746,0.601523651329698,0.000511078897197045,0.00702385711646237,133.459315653111,6.3449431355402e-17,1133.17483473289,6.46021382811944,86.623714991175,119.72599029687,91.9276401498917,266.91863122052,8.03148077793493,3.31643288552144,7.26956502917793,4.34439636354993,5941.71752506539,5934.63121425024,26.7159895681393,6.56029915185698e-19,11.2256013024238,1.05600257659997,16.3385419166606,8.86538065969171,5.07128720545538,14.9584774088408,11.5924214750685,4.5786262801082,3.4539675976654,2.61325716342601,3.03668644016677,41.6840016877913,1.00000000032108,4.75421525018852e-19,8.490788593897,0.0484058666012131,0.649064582678825,0.897097289532826,0.688806470567759,2,0.0601792444477177,0.0248497669147832,0.054470270553516,0.0325522152101906,44.5208151854828,44.4677180241288
"47",4,0.384219134007429,0.00359096063596587,0.001,0.35450812133966,25.3362510797518,18.8265603921402,26.3873889280633,6.31392826577658,10.1499581470285,42.8624768800907,20.3211705030198,8.40507897968436,1.53328076040466,10.9613495294505,17.0510677961404,151.496980525892,0.209966095319433,0.0106384016556868,0.0101842669628538,0.164569119083766,0.190624895958939,0.077212532419872,0.0561177032133818,0.0585146511866183,1.46414256014587,1.39868461968569,0.478823715213353,0.60829546477625,0.000514600556816503,0.00708551414783673,130.634505527478,7.34319869616988e-16,1111.06038927987,6.32574017992465,84.9027827308484,116.12130416833,91.4921319348994,261.269011125052,7.80778253268757,3.22939216683837,7.07150076635589,4.2115602237582,5827.70002045306,5820.80386623986,27.4288170395895,7.81198971673706e-18,11.3153356162785,1.04102148896298,16.1845841246924,8.96601996273503,5.13432830628225,15.2880650518551,11.4317067064714,4.51690115469028,3.3860022690806,2.56187298374416,2.99893767548469,41.2433881460253,0.999999999731712,5.62117846624772e-18,8.50510655278658,0.0484231953317797,0.649926161279121,0.888902236574479,0.700367269282528,2,0.0597681485382935,0.0247208205284834,0.0541319518599261,0.0322392633219132,44.6107251323712,44.5579354487918
"48",4,0.375786959100918,0.0033404284985729,0.001,0.334030444062621,24.8183437016083,19.2935480035396,25.8499870635347,6.36729834812424,10.1004753987311,43.5642911015338,20.1774277857651,8.35999192942342,1.5162434085029,10.8519075955883,16.9474731804688,151.818981914756,0.220416940664638,0.01095036335074,0.0104772176990526,0.165727959007532,0.192767851995564,0.0805987327375161,0.0571233043804384,0.0611761576869497,1.48598944762408,1.41775900970365,0.48271887020404,0.61539177616542,0.000518292046273892,0.00715011564307626,127.767566047579,2.35152729578406e-18,1088.54119871194,6.18837461949273,83.1568174832131,112.502526296785,90.9494026579587,255.535132188624,7.58241423009105,3.14157594526624,6.87138560108225,4.0780053557903,5711.86318571322,5705.15935475434,28.1621360243744,2.57500783180185e-20,11.4048831132927,1.02558669526254,16.0299610850262,9.06756104928998,5.19533041124963,15.6326575413268,11.2673875334299,4.45399760106949,3.31694749409073,2.50957095911189,2.96041325855981,40.7925491486719,0.999999999634234,1.84047279577062e-20,8.51969895011097,0.0484346286672219,0.650844498531267,0.880524922997604,0.711834821920487,2,0.0593453758404857,0.0245882115571277,0.0537803592189438,0.0319173752811422,44.7051106968492,44.6526417396341
"49",4,0.367240191464292,0.00310737534750967,0.001,0.314549294744155,24.2942600309626,19.7733397311355,25.3028065796663,6.41908864090442,10.050047063927,44.2718360712004,20.0284783489666,8.31298675113578,1.49885427404854,10.7386894937488,16.8390994820665,152.155964770995,0.231549456331265,0.0112758460400982,0.0107860801801322,0.16694557967468,0.195054906012903,0.0842180935959653,0.0581915254798454,0.0640394579810598,1.50915178399008,1.43799804986813,0.486857742071029,0.622891732627967,0.000522182662322684,0.00721825743579312,124.861665293783,5.84701306962843e-17,1065.65410894842,6.04812854949377,81.3851846343246,108.866702130027,90.3244308625745,249.723330195719,7.35526222361291,3.05286284612723,6.66933897353474,3.94367838575988,5594.28803098594,5587.77856349343,28.9116507153919,6.59300191675721e-19,11.494230663405,1.00970832664222,15.8745795396909,9.16854610947072,5.25611641999204,15.9921467109591,11.1002071064803,4.39001081924582,3.24701931376144,2.45648466263343,2.92124021782016,40.3340241655019,1.00000000156913,4.68279280517833e-19,8.53467802237958,0.0484386344259753,0.651802813702185,0.871898529021729,0.723396014235301,2,0.0589072892616663,0.0244499610327523,0.0534138237569369,0.0315843808639669,44.8038877793393,44.7517543444103
"50",4,0.358588944766908,0.00289058171861365,0.001,0.296033434294805,23.7666290374884,20.2653936112804,24.7490284711918,6.46930654887033,9.99820520778684,44.9789819411581,19.8751263805059,8.26445640011292,1.48114265385018,10.6220148133996,16.7251251561386,152.508556396818,0.243430615701792,0.0116156697500102,0.0111120273955158,0.168221823344798,0.19749081524558,0.0880922029781019,0.0593239015778964,0.0671207223214108,1.53361956667006,1.4594089117054,0.4912363873031,0.630779803254033,0.000526278608812554,0.0072899622350084,121.920241239716,2.27831727036968e-16,1042.41731218749,5.90506766375648,79.5903151205603,105.223686851182,89.6053648387205,243.840482441497,7.12700059589455,2.96354269958861,6.46543536232896,3.80893708323544,5475.10133060577,5468.78823062595,29.6791193914951,2.64641809983589e-18,11.5833697305874,0.993361249371519,15.718356218812,9.26938638019858,5.31573984454376,16.3667493126746,10.930107565533,4.3250206259991,3.17605710973219,2.40260058397024,2.88142871137897,39.8672596725216,1.00000000015557,1.8686948512877e-18,8.54999384638761,0.0484338581078163,0.652806411172154,0.863053466738671,0.734950685313041,2,0.0584562540603115,0.0243072247062145,0.0530300407675756,0.0312412200394107,44.9072383370088,44.85545776377
"51",4,0.349844108946115,0.00268891322661735,0.001,0.278453367142398,23.2307550384996,20.7663629043345,24.1985114004457,6.51884831029859,9.94822378184407,45.6863373798366,19.7196351010315,8.21504143700354,1.46341960756843,10.5043577421509,16.6087545530894,152.861299462489,0.256112885277511,0.011969286522046,0.0114549735130569,0.169548768253907,0.200091482155931,0.0922421786605511,0.0605243363758228,0.0704335174608196,1.55898616873227,1.48163762373769,0.495782168694997,0.638942244936137,0.000530492984696149,0.00736398258473251,118.946997071672,0,1018.81799156503,5.76090816302713,77.7715603682533,101.603488892564,88.7949777314473,237.893994083358,6.89879817066289,2.87398385148391,6.26128077187698,3.674887674354,5353.87879968767,5347.76251027995,30.4638586151217,0,11.6705331080032,0.976754883065125,15.5614267836632,9.37212717496316,5.37425710070181,16.7557107860943,10.7551309289389,4.25820260437311,3.10423135988945,2.34804098053988,2.84019514414775,39.380829992987,1.00000000025216,0,8.56531074263303,0.0484325649768906,0.653833743621138,0.854191290402747,0.746508780716285,2,0.0579989267677397,0.0241618865794222,0.0526392504863576,0.0308951698298555,45.0106260169954,44.9592057242614
"52",4,0.341017275446031,0.00250131462941149,0.001,0.261775567816185,22.6936415518102,21.2785566219858,23.6390448785659,6.56631182045237,9.89620865666293,46.3949082659095,19.5584721421693,8.1637331748991,1.44531110846756,10.3824658397043,16.4864525887825,153.23311761066,0.269649208751061,0.0123388715566029,0.0118174762094946,0.170945124127771,0.202859505026503,0.0966865636171016,0.0617991918061205,0.073999205832477,1.58594555328047,1.50531022607599,0.500626151544354,0.647581249478445,0.000534953125466458,0.00744238484594813,115.945873592957,1.12378039046545e-15,994.938344957312,5.61400388008037,75.9334454723751,97.9806533312022,87.8970289522723,231.891747303301,6.66977688180969,2.78397404477247,6.05586051425657,3.54060021306744,5231.43209614106,5225.51402756885,31.2647130722914,1.38661818957822e-17,11.757660221447,0.959686590134125,15.4038211634829,9.47341267155245,5.43196535140961,17.1598051395497,10.577902987079,4.19074459872614,3.03172214354168,2.29282630988187,2.7985709504962,38.8902864110678,0.999999999493785,9.69228446923214e-18,8.58105867524461,0.0484191778738686,0.654904250413521,0.84505511274663,0.758086736371071,2,0.0575249180652039,0.0240109799261738,0.0522300649736866,0.0305366642344244,45.119605652017,45.0685640031353
"53",4,0.33212071770358,0.00232680430642929,0.001,0.245954754763896,22.1523803791834,21.8028981236123,23.0750901520038,6.6126096526925,9.84427677442037,47.100310905331,19.3933452695083,8.11080991946089,1.42691802029461,10.2579992949838,16.3600592121945,153.617349098223,0.284105434679563,0.0127243693783944,0.0121999680385565,0.172414323266618,0.205820113285476,0.10144945675646,0.0631525522384686,0.0778354133535324,1.61439572397961,1.53030006150302,0.505734585010343,0.656673416182147,0.000539629879388966,0.00752444997579206,112.921044536221,6.00895167399749e-16,970.787523482605,5.465672931339,74.0784988159431,94.3748833430256,86.9054947885573,225.842088038435,6.44093174958244,2.69376801160867,5.85022875362929,3.40689408805285,5107.66991248257,5101.95042342233,32.0814824424333,7.64601206768654e-18,11.8435767587172,0.942360299653489,15.2468450183154,9.57428064660421,5.48830379944433,17.5785122750964,10.3982126749704,4.12227335383961,2.95866301093228,2.23721677937242,2.75625129883162,38.3893707400124,1.00000000457845,5.32137452871483e-18,8.59704700673325,0.048402607138567,0.6560203145424,0.835759925554395,0.769612923289723,2,0.0570392507926715,0.023855323292532,0.0518081355379045,0.0301705861617171,45.2322236023015,45.1815732641833
"54",4,0.323167300322222,0.00216446912225981,0.001,0.230974642824775,21.610245465599,22.336077953057,22.5094901866011,6.65721426202606,9.79138560589436,47.8020094596914,19.2239909506036,8.05655777577757,1.40830883007993,10.1306229954331,16.2291863286104,154.013934943286,0.299560103422387,0.0131267692837866,0.0126039924113873,0.17395300040198,0.208971463954726,0.106558181947184,0.064588649747573,0.0819638635634693,1.64431249197828,1.55665355027738,0.511120864890487,0.666197486384309,0.000544526149530544,0.0076105155888644,109.876881915488,5.94192706655736e-16,946.398874453658,5.31564961339631,72.2081164118819,90.7925210680119,85.8224797059209,219.753764219111,6.21256525692537,2.60361602628804,5.64465388085648,3.27388608401634,4982.74753816478,4977.22675676241,32.9147301103331,7.79983057037854e-18,11.9284042317594,0.924673199335912,15.0894357960042,9.6746859794087,5.54315808219392,18.011867548014,10.2153986591927,4.05292813088037,2.88510037359081,2.18105467988026,2.71323633103966,37.8792618216534,0.999999998233778,5.4078045831632e-18,8.61326656056757,0.0483782349056484,0.65717296510002,0.826311407139174,0.78107858594267,2,0.0565411498547163,0.0236957581640517,0.0513725341717318,0.029795949986568,45.3484613187022,45.2982161597901
"55",4,0.314170433642409,0.00201345964861377,0.001,0.21680361960927,21.0666317926925,22.8764834545795,21.9375914737003,6.69911265214381,9.73710998031878,48.5108257528604,19.0493405182998,8.00019135737362,1.38933883567177,9.99962867984352,16.0920505113879,154.424891533297,0.316047139983971,0.0135473606459883,0.0130314891949387,0.175571207653585,0.212327869162638,0.112034277700357,0.0661194786975801,0.0864064041046154,1.67608144858416,1.58465836612114,0.516846527558774,0.676276096871064,0.000549699643632124,0.00770152940074339,106.817947489245,1.94933258499722e-16,921.825407038312,5.16377519188391,70.3233606950086,87.229302384588,84.6703731284861,213.635894876838,5.98473957123615,2.51342358796832,5.43891834039207,3.14158767860951,4856.89524696438,4851.57351381979,33.759506802934,2.64083115479339e-18,12.0127578314397,0.90661024649068,14.9316093287268,9.77267188696338,5.59836093238509,18.4595094639792,10.0309109699564,3.98291771628022,2.81108605790737,2.12458065326826,2.66983358641488,37.364536056551,1.00000000047582,1.82491110505659e-18,8.62987381001445,0.0483418312719484,0.658347799985113,0.816616537542776,0.792660551517327,2,0.0560274721126463,0.0235299745805107,0.0509176451225823,0.0294106725877751,45.4689063349059,45.4190857450874
"56",-1,0.304835931252536,0.00187298571964072,0.001,0.21680361960927,21.0666317926925,22.8764834545795,21.9375914737003,6.69911265214381,9.73710998031878,48.5108257528604,19.0493405182998,8.00019135737362,1.38933883567177,9.99962867984352,16.0920505113879,154.424891533297,0.351075912641357,0.0135473606459883,0.0130314891949387,0.175571207653585,0.212327869162638,0.112034277700357,0.0661194786975801,0.091026435182378,1.67608144858416,1.58465836612114,0.516846527558774,0.676276096871064,0.000549699643632124,0.00770152940074339,103.644216675179,1.89141481895427e-16,894.436510618994,5.01035123244071,68.233941996817,84.6375813173452,82.1546819122374,207.288433251725,5.80692345664258,2.43874578262348,5.27731944116371,3.04824612079967,4712.58917791603,4707.42556191245,36.3869879592368,2.56236786835401e-18,11.6558397236901,0.879673416648244,14.4879675087512,9.48231028919403,5.43202474060265,18.8687271334448,9.73287667902684,3.86457890727695,2.72756422798387,2.06145598887676,2.59050859168505,36.2543763668797,1.00000000047582,1.82491110505659e-18,8.62987381001445,0.0483418312719484,0.658347799985113,0.816616537542776,0.792660551517327,2,0.0560274721126463,0.0235299745805107,0.0509176451225823,0.0294106725877751,45.4689063349059,45.4190857450874
"57",4,0.296102057208658,0.0017423122973402,0.001,0.190700417272458,19.9877093995216,24.0007508037993,20.783215952613,6.7784640751473,9.62181449920006,49.8739288756974,18.6859998608729,7.88272833145925,1.35050206509803,9.72809543671801,15.8033020207638,155.312787998528,0.352641322634892,0.0144463424505677,0.013962422127301,0.179084394532645,0.219749398697999,0.124238073782591,0.0694600621495448,0.0963434786979642,1.74539351198521,1.64595374716555,0.529353647537697,0.69813745494288,0.00056087190044181,0.0078985650747488,100.674699389625,1.66486875363282e-07,872.243859155828,4.85615622465931,66.538211118972,80.2026745801216,82.0431830065126,201.349398901887,5.53296299980515,2.33409207536205,5.03001993941924,2.88050907153436,4603.76927765344,4598.84360371761,35.5020591486276,2.40512641502295e-09,12.1786369594798,0.86966179724905,14.6217318838346,9.96422580204626,5.69872459057884,19.3987015239519,9.65719772191413,3.84180759767159,2.66265940211892,2.01099127214087,2.5821248239531,36.3242654725558,0.999999999390927,1.65371117342553e-09,8.66398274753084,0.0482361134539627,0.660922868226634,0.796651740879569,0.814933478361068,2,0.0549588231202144,0.0231844950925272,0.0499630986419805,0.0286120454021118,45.729158395916,45.6802317642728
"58",-1,0.286749451328282,0.00162075562543275,0.001,0.190700417272458,19.9877093995216,24.0007508037993,20.783215952613,6.7784640751473,9.62181449920006,49.8739288756974,18.6859998608729,7.88272833145925,1.35050206509803,9.72809543671801,15.8033020207638,155.312787998528,0.392241537526934,0.0144463424505677,0.013962422127301,0.179084394532645,0.219749398697999,0.124238073782591,0.0694600621495448,0.101701997099135,1.74539351198521,1.64595374716555,0.529353647537697,0.69813745494288,0.00056087190044181,0.0078985650747488,97.4948133922343,1.61228262355974e-07,844.693381718536,4.70277088282507,64.4365517436625,77.6694128629585,79.4517874482887,194.989626903231,5.35820020762565,2.26036802401584,4.87114298156457,2.78952602894805,4458.35576710922,4453.58567428435,38.2415155058715,2.32915869070437e-09,11.7939655636916,0.842192876176481,14.1598934998423,9.64949824591873,5.51872609405055,19.8308344696738,9.3521678783076,3.72046121910207,2.57855730496886,1.94747260234671,2.50056647194425,35.1769362643039,0.999999999390927,1.65371117342553e-09,8.66398274753084,0.0482361134539627,0.660922868226634,0.796651740879569,0.814933478361068,2,0.0549588231202144,0.0231844950925272,0.0499630986419805,0.0286120454021118,45.729158395916,45.6802317642728
"59",-1,0.276743712185031,0.00150767965156535,0.001,0.190700417272458,19.9877093995216,24.0007508037993,20.783215952613,6.7784640751473,9.62181449920006,49.8739288756974,18.6859998608729,7.88272833145925,1.35050206509803,9.72809543671801,15.8033020207638,155.312787998528,0.438317358802972,0.0144463424505677,0.013962422127301,0.179084394532645,0.219749398697999,0.124238073782591,0.0694600621495448,0.107462404380393,1.74539351198521,1.64595374716555,0.529353647537697,0.69813745494288,0.00056087190044181,0.0078985650747488,94.092862085601,1.55602417465318e-07,815.218934271973,4.5386739735335,62.1881243271457,74.9592424304909,76.6794234350704,188.185724285821,5.17123296738693,2.18149550059414,4.70117095275251,2.6921892436476,4302.78739685824,4298.18375005192,41.2425347915729,2.24788580884018e-09,11.3824308864738,0.812805680531323,13.6658029270467,9.31279189176642,5.32615751739125,20.22289040182,9.02583647024117,3.59064069362773,2.48858199153781,1.87951814678473,2.41331254447295,33.9494840530129,0.999999999390927,1.65371117342553e-09,8.66398274753084,0.0482361134539627,0.660922868226634,0.796651740879569,0.814933478361068,2,0.0549588231202144,0.0231844950925272,0.0499630986419805,0.0286120454021118,45.729158395916,45.6802317642728
"60",4,0.269029586184265,0.00140249269913056,0.001,0.15684681485066,18.3696435438529,25.7000887787542,19.0685549719369,6.88532527615142,9.45449512001512,51.9401362246346,18.1149935148982,7.69559300664676,1.29120441791471,9.30580369397987,15.3417345254184,156.675580306381,0.417504618858635,0.015946383597769,0.0155691062065987,0.185042591878741,0.232762469621324,0.146129884921284,0.0753404169188318,0.114256825444117,1.8633017383679,1.75062058958245,0.550697188160798,0.735001368958708,0.000579504551779539,0.00822880651600754,91.4700593552282,2.11019822100884e-16,797.255853859192,4.39589511950592,60.8101744300962,70.0735181773375,77.6301853048211,182.9401186053,4.8734692090437,2.0703422020207,4.43130657052492,2.50353651690341,4219.38126454337,4215.03665350051,38.1891722680812,3.36500302995368e-18,12.4125610625663,0.813427826540481,14.1543263784527,10.2398351472838,5.84869052635139,20.9021571982118,9.08074364909354,3.6243836863389,2.44030806826654,1.84010276716212,2.44515064849619,34.6847210795356,1.00000000057481,2.30698245644157e-18,8.71603079671443,0.0480582952828431,0.664809609764126,0.766081477497276,0.848695036350239,2,0.0532793926908771,0.0226340970783728,0.0484454323557713,0.0273700108646467,46.1285506613981,46.0810530312884
"61",-1,0.259763865812464,0.00130464437128424,0.001,0.15684681485066,18.3696435438529,25.7000887787542,19.0685549719369,6.88532527615142,9.45449512001512,51.9401362246346,18.1149935148982,7.69559300664676,1.29120441791471,9.30580369397987,15.3417345254184,156.675580306381,0.465217770298892,0.015946383597769,0.0155691062065987,0.185042591878741,0.232762469621324,0.146129884921284,0.0753404169188318,0.120948954831061,1.8633017383679,1.75062058958245,0.550697188160798,0.735001368958708,0.000579504551779539,0.00822880651600754,88.3197144270049,2.03752031623911e-16,769.797350460309,4.24449491278959,58.7157948489456,67.6600972814855,74.9565032029837,176.639428752475,4.70562074459766,1.99903698912592,4.27868674849506,2.41731154204012,4074.06041900448,4069.86544187965,41.0879006191661,3.24910805509965e-18,11.9850567068748,0.785412339878714,13.6668334148196,9.88716222950634,5.64725420209054,21.3643542895675,8.76799131350886,3.49955531250074,2.3562607614171,1.77672729259917,2.36093655703795,33.4901352674132,1.00000000057481,2.30698245644157e-18,8.71603079671443,0.0480582952828431,0.664809609764126,0.766081477497276,0.848695036350239,2,0.0532793926908771,0.0226340970783728,0.0484454323557713,0.0273700108646467,46.1285506613981,46.0810530312884
"62",4,0.25117218988196,0.00121362267096208,0.001,0.137406189710528,17.3069598013171,26.8552913992732,17.9487423213342,6.95177562154409,9.34528507875837,53.25819938072,17.7205869653206,7.56555767870364,1.2512798104558,9.01897787139693,15.0206277445415,157.619308998932,0.468831353619662,0.017058514529526,0.0168023781419704,0.189555519364828,0.242954219634275,0.163605706950417,0.0799087506722124,0.128589475189975,1.95193600886498,1.82971168615055,0.56675207475847,0.762543635333071,0.000593200069242915,0.00847301934307631,85.3985442744302,3.95966392429542e-09,747.313199426458,4.09336842473421,57.0073143819204,63.668932439638,74.3165475979194,170.797089119733,4.45091863407328,1.90025768983827,4.04733734926109,2.2653164224557,3962.93003138272,3958.9587008943,40.0375151093297,6.75459845846333e-11,12.5566389672491,0.775920577702083,13.8501675791052,10.4166007025653,5.93854247282174,21.9627080538818,8.68790835437577,3.47692370179453,2.29383683994117,1.72740261995908,2.35081036902106,33.5443336511177,0.999999996657598,4.63668783198008e-11,8.75088917824089,0.047932531471478,0.667544331999205,0.745550556719436,0.870232016024836,2,0.0521193734274134,0.0222516402314813,0.047393516717651,0.0265264055041086,46.4051237852726,46.3586202938034
"63",-1,0.242038438892144,0.00112895132182519,0.001,0.137406189710528,17.3069598013171,26.8552913992732,17.9487423213342,6.95177562154409,9.34528507875837,53.25819938072,17.7205869653206,7.56555767870364,1.2512798104558,9.01897787139693,15.0206277445415,157.619308998932,0.522960703913603,0.017058514529526,0.0168023781419704,0.189555519364828,0.242954219634275,0.163605706950417,0.0799087506722124,0.136350012922913,1.95193600886498,1.82971168615055,0.56675207475847,0.762543635333071,0.000593200069242915,0.00847301934307631,82.2930689482725,3.81567272724104e-09,720.137528910658,3.94451513043173,54.9342719228515,61.353643573604,71.614063535089,164.586138446658,4.28906320533867,1.8311557699019,3.90015795198265,2.1829393243957,3818.82006397859,3814.99314893599,43.0360412643993,6.50897086575574e-11,12.100023074981,0.747704614191411,13.3465131661934,10.0378062308434,5.7225903476494,22.4413221041341,8.37197691479839,3.35048711135151,2.21042261117191,1.66458648813622,2.26532432637833,32.3245107446382,0.999999996657598,4.63668783198008e-11,8.75088917824089,0.047932531471478,0.667544331999205,0.745550556719436,0.870232016024836,2,0.0521193734274134,0.0222516402314813,0.047393516717651,0.0265264055041086,46.4051237852726,46.3586202938034
"64",-1,0.23234157584632,0.00105018727611646,0.001,0.137406189710528,17.3069598013171,26.8552913992732,17.9487423213342,6.95177562154409,9.34528507875837,53.25819938072,17.7205869653206,7.56555767870364,1.2512798104558,9.01897787139693,15.0206277445415,157.619308998932,0.586213034835585,0.017058514529526,0.0168023781419704,0.189555519364828,0.242954219634275,0.163605706950417,0.0799087506722124,0.144692590985821,1.95193600886498,1.82971168615055,0.56675207475847,0.762543635333071,0.000593200069242915,0.00847301934307631,78.996135523712,3.66280421580501e-09,691.286429787859,3.78648476477142,52.7334226949513,58.8956130152403,68.7449665047444,157.992271575498,4.11722910044434,1.75779359322623,3.7439046820865,2.09548353116345,3665.82545978869,3662.15186366199,46.3085643456383,6.24819989341189e-11,11.6152559977083,0.717749086153256,12.8118075594963,9.63565840363656,5.49332438839721,22.8603111299942,8.03656773790407,3.2162554793666,2.12186574627048,1.59789762963396,2.17456791657909,31.029483578091,0.999999996657598,4.63668783198008e-11,8.75088917824089,0.047932531471478,0.667544331999205,0.745550556719436,0.870232016024836,2,0.0521193734274134,0.0222516402314813,0.047393516717651,0.0265264055041086,46.4051237852726,46.3586202938034
"65",-1,0.222035119401282,0.0009769183963874,0.001,0.137406189710528,17.3069598013171,26.8552913992732,17.9487423213342,6.95177562154409,9.34528507875837,53.25819938072,17.7205869653206,7.56555767870364,1.2512798104558,9.01897787139693,15.0206277445415,157.619308998932,0.660893612090743,0.017058514529526,0.0168023781419704,0.189555519364828,0.242954219634275,0.163605706950417,0.0799087506722124,0.153660862403448,1.95193600886498,1.82971168615055,0.56675207475847,0.762543635333071,0.000593200069242915,0.00847301934307631,75.4919403441114,3.50032562376057e-09,660.621606009754,3.6185198184816,50.3942170567714,56.2830583395033,65.6955036588635,150.983881192872,3.93459264270575,1.67981950252825,3.57782854870509,2.00252982855313,3503.21284816805,3499.70220935253,49.8921411377586,5.97103555109918e-11,11.1000140329317,0.685910403524205,12.2434876791082,9.20822954896599,5.24964562216154,23.2003133931164,7.68007305951257,3.07358537439953,2.0277417531087,1.52701637532782,2.07810610410595,29.6530445148509,0.999999996657598,4.63668783198008e-11,8.75088917824089,0.047932531471478,0.667544331999205,0.745550556719436,0.870232016024836,2,0.0521193734274134,0.0222516402314813,0.047393516717651,0.0265264055041086,46.4051237852726,46.3586202938034
