"","convergence","mu","x_C","x_P","x_N","x_Ace","x_H2O","C","P","N","Ace","H2O","ADP","ATP","AA","NT","Lip","DNA","tRNA","mRNA","rRNA","TC","P","tau tC","tau tP","tau tN","tau tAce","tau tH2O","tau Res","tau Fer","tau NTS","tau AAS","tau LipS","tau Deg","tau DNAp","tau tRNAp","tau mRNAp","tau rRNAp","tau tRNAc","tau r","v tC","v tP","v tN","v tAce","v tH2O","v Res","v Fer","v NTS","v AAS","v LipS","v Deg","v DNAp","v tRNAp","v mRNAp","v rRNAp","v tRNAc","v r","p tC","p tP","p tN","p tAce","p tH2O","p Res","p Fer","p NTS","p AAS","p LipS","p Deg","p DNAp","p tRNAp","p mRNAp","p rRNAp","p tRNAc","p r","f tC","f tP","f tN","f tAce","f tH2O","f Res","f Fer","f NTS","f AAS","f LipS","f Deg","f DNAp","f tRNAp","f mRNAp","f rRNAp","f tRNAc","f r"
"1",4,0.381314828480376,5,1,1,1,1000,17.8238869859556,12.1752423171465,10.577079436063,0.82676314874561,760.878853829409,11.4582037171906,25.0263809651744,11.261935506966,5.75509305885276,55.0000000000001,8.42158178823174,7.86363998089201,14.7419122347228,46.5115539109079,20.8189688743923,90.8589050358898,0.0612244897959184,0.0740740740740741,0.0555555555555556,0.0502712101431834,0.00867580087253354,0.468053858647188,0.222171798732947,0.169705768724471,0.130654544678102,0.0547365856734093,0.0272530698045148,0.20439255575858,0.110922694107865,0.102700421252012,0.0842170193505178,0.179099700353429,0.911544402995245,77.6972975841129,27.6933994238243,27.0839962189403,6.64079952690902,293.612417929889,5.43482727947301e-14,34.7802828758343,71.0222132898202,16.3554824288253,20.9723155664207,10.0017556800588,3.21127401511304,36.1575362539564,6.62148530326194,25.7369497459406,52.1279558987352,43.3073097370938,4.75697740310895,2.05136292028328,1.50466645660779,0.333841028535996,2.54732287166282,2.54379187923834e-14,7.72719800696483,12.0528793028623,2.13691810972888,1.14795294777116,0.272578545716344,0.656360503190071,4.01069133359164,0.680029329959007,2.16748919477719,9.33610128150024,39.4765357996293,0.185237765801398,0.0660237047647829,0.0645708294183433,0.0158322992658517,0.7,1.2957146439697e-16,0.0829195106417383,0.169323728381085,0.0389930295894759,0.0500000000000001,0.0238451391988228,0.00765598344384703,0.0862030140149359,0.0157862523150848,0.0613593421871563,0.124278017211887,0.103248755722602
"2",4,0.380936295280523,4.54545454545455,1,1,1,1000,17.8028653810211,12.1707385313333,10.5731521864946,0.826407501297174,760.876242684324,11.4663152758446,25.0287139868582,11.2560121138067,5.75177869938915,55.0000000000001,8.4171066760232,7.86040893192411,14.737435798513,46.4934587832972,20.8136251335538,90.9257383313432,0.0623721881390593,0.0740740740740741,0.0555555555555556,0.0502860308583182,0.00867577433260897,0.468260828394672,0.222240044017399,0.169763374206229,0.130699212682726,0.0547605249636507,0.0272559653556025,0.204506315992324,0.110976615760259,0.102738825030762,0.084253844265383,0.179170349257583,0.911825855997458,77.6197936249033,27.667047228397,27.0584686048033,6.63633200980796,293.320947366003,1.88654472961718e-14,34.7557031087207,70.9569477418454,16.3433084907946,20.9514962404288,10.0079859347237,3.20638143414524,36.1395387192622,6.61482278849248,25.7174346914659,52.1057704372447,43.2961423819851,4.84131637128742,2.04941090580718,1.50324825582241,0.333714796231248,2.54478634637451,8.83394997894145e-15,7.72410898873775,12.0458908720307,2.13605755237776,1.14731493289984,0.272777317916187,0.655725254763227,4.01064370220056,0.679599121076426,2.16679273739993,9.33580908757656,39.4785420888414,0.185236874574918,0.0660264233897759,0.0645740721671953,0.0158373701182311,0.7,4.50217184483664e-17,0.0829432483243245,0.169336230041949,0.0390027239659809,0.0500000000000001,0.0238837021945286,0.00765191516002109,0.0862457227506407,0.015786039127192,0.0613737424677112,0.12434856642052,0.103324702649254
"3",4,0.380519285177987,4.13223140495868,1,1,1,1000,17.7796440541996,12.1657612903578,10.5688032518641,0.825990273842575,760.873385537539,11.4753358403595,25.0311220094835,11.2494310806656,5.74815882387496,55,8.41214858701701,7.8568637268073,14.7324225123716,46.4739476397482,20.8076270239773,90.9993590133488,0.0636400901824144,0.0740740740740741,0.0555555555555556,0.0503034362754707,0.00867574529230154,0.468489659756799,0.22231544083083,0.169827212842035,0.130748748139615,0.0547870391640484,0.0272591553913822,0.204631673567316,0.111036095272786,0.102781289800833,0.0842945014743484,0.179248725325405,0.912135096181048,77.5344057169316,27.6380161852126,27.0303428539457,6.63140039413475,292.99984958705,2.32386715367651e-15,34.7285281135065,70.885149388542,16.3298531891081,20.9285606847893,10.0149054977287,3.20098476714273,36.1196507269436,6.6074614331206,25.6961577334591,52.0812119836171,43.2837638042681,4.93429657206543,2.04726045816389,1.5016857141081,0.333582227143489,2.54199206569991,1.08870773214591e-15,7.72068803696007,12.0382273525474,2.13510786177958,1.14661387388472,0.272997865192594,0.655022869963904,4.01058497933665,0.679123408405393,2.16604480594816,9.33549086146559,39.4806400606839,0.185235876668009,0.0660294241000998,0.0645776440651056,0.0158429442282536,0.7,5.55190389983549e-18,0.0829692223860069,0.169350273189261,0.0390133211620628,0.05,0.0239264076698008,0.0076474078063791,0.0862927252163954,0.0157857521418634,0.0613901694447026,0.124426167589894,0.103408362515169
"4",4,0.380059836090792,3.75657400450789,1,1,1,1000,17.7542283327052,12.160333817173,10.5640678818483,0.825532797462393,760.870226108256,11.4852180160299,25.0338775509471,11.2423102586729,5.74417215383167,55.0000000000012,8.40678530759512,7.8528969372248,14.7269335476341,46.4517497512006,20.8011567902404,91.0805109878221,0.0650414021245557,0.0740740740740741,0.0555555555555556,0.0503225437594919,0.00867571317956845,0.468740361062491,0.222398092354138,0.169897150580466,0.130802950522056,0.0548160741975075,0.0272627145132381,0.204768668223533,0.111101005023693,0.102827477478037,0.0843388155380247,0.179334658518839,0.912480625394817,77.44033886813,27.6060262901304,26.9993497203935,6.62596887799347,292.64607378991,9.66997656906454e-14,34.698603688423,70.805822467666,16.315089259457,20.903290984994,10.0225386861678,3.19508144605508,36.0977231693929,6.59936981885059,25.672475345506,52.0541486965911,43.2700550963715,5.0368282209839,2.04489083630595,1.4999638733552,0.333435608811858,2.53891339932808,4.53270830844914e-14,7.71690326765751,12.0297074817628,2.13406181316767,1.14583634960552,0.273241610898877,0.65425257257442,4.01049332318662,0.678596551417097,2.16518616256912,9.33511298099205,39.4830869352053,0.185234800883087,0.0660327273584545,0.0645815765081593,0.0158491045327509,0.7,2.31302730656302e-16,0.082997944470402,0.169365250951387,0.0390251689821702,0.0500000000000011,0.0239735903149484,0.00764253209781375,0.0863445932875054,0.0157854804384349,0.061407735662141,0.124511850153071,0.10350058066798
"5",4,0.379553567134811,3.41506727682535,1,1,1,1000,17.726212867118,12.1543210746482,10.5588181739204,0.825027501389683,760.866757509627,11.4961562568435,25.0368137046474,11.2343967499632,5.73978272236214,55.0000000000005,8.40082547411324,7.84855331660164,14.7208572777437,46.427625664581,20.793939274584,91.1699126801468,0.0665909151782495,0.0740740740740741,0.0555555555555556,0.050343676561002,0.00867567792441172,0.469018063575339,0.222489632964599,0.169974578130369,0.130863009545415,0.0548482286486026,0.0272666238782406,0.204920492373366,0.111172986456147,0.102878773596059,0.0843879847655127,0.17942984967486,0.91286035079637,77.3366931778785,27.5707651452568,26.9651863279116,6.61996740231961,292.256246693805,4.08310863847794e-14,34.6655476672819,70.7184808703487,16.2987683261642,20.8754461924148,10.0309379728995,3.18856327557667,36.0734834725343,6.59044768834002,25.646521312911,52.0241806624576,43.2548319663987,5.14992117557442,2.04227889964865,1.4980659071062,0.333273497746755,2.53552106771287,1.91505170698666e-14,7.71272497701036,12.0203439519581,2.13290587504533,1.14498124590317,0.273509812853012,0.653401956394804,4.01039688951809,0.678017175625406,2.16425824984233,9.33469091572251,39.4856210824848,0.185233629176223,0.0660363493338768,0.064585892151397,0.0158558704357779,0.7,9.77969189458952e-17,0.0830294771852065,0.169381962470448,0.0390381316306585,0.0500000000000005,0.0240256852007895,0.00763711406737567,0.0864017064354824,0.0157851660453005,0.061427480582978,0.124606152565403,0.103602173500167
"6",4,0.378995598882504,3.10460661529577,1,1,1,1000,17.695403280823,12.1476924903384,10.5530307400986,0.824470519708354,760.862940497826,11.5082281734297,25.0400098352691,11.2256765733863,5.73494979868643,55.0000000000004,8.39425925536069,7.84376159582783,14.7141515283151,46.401009250999,20.7859729761212,91.2684435951811,0.068305224956907,0.0740740740740741,0.0555555555555556,0.0503670051458497,0.00867563912795419,0.469324714563807,0.222590726762331,0.170060041934647,0.130929316372199,0.0548837230625673,0.0272709421922981,0.205088036234959,0.111252419087093,0.102935376821056,0.0844422427591314,0.17953500399216,0.913280150811673,77.2224739192552,27.5318917584765,26.9275219734293,6.6133399777257,291.826611139528,2.44479050224249e-14,34.6290533805177,70.6221797013011,16.2807634794722,20.8447579385379,10.0401893699446,3.18138731366043,36.046695660634,6.58061760751618,25.6179297857907,51.9910255786656,43.2379230492871,5.27469845278361,2.03939938951678,1.4959734429683,0.333094128689364,2.53178236618036,1.14740060463326e-14,7.70810615906098,12.0100108415195,2.13162923238475,1.14403792200496,0.273805423907485,0.652464476661431,4.01028209234176,0.677378353144955,2.16323544595812,9.33420898482222,39.4883368832365,0.185232359490456,0.0660403249576135,0.0645906324573954,0.0158633168042191,0.7,5.86428134462182e-17,0.0830641772924971,0.169400335349385,0.0390524167454406,0.0500000000000003,0.0240832476912153,0.00763114477760063,0.0864646540077853,0.0157848261584989,0.0614493338356986,0.124710072748182,0.103714140449069
"7",4,0.378380558389119,2.82236965026889,1,1,1,1000,17.6615011807171,12.1403680875498,10.5466362720939,0.823863740706415,760.85873625849,11.5215504571205,25.0435045089306,11.2160549418401,5.72961956905529,55.000000000002,8.38700086129278,7.8384812216898,14.7067651106232,46.371695928957,20.7771340978687,91.3770963013384,0.0702029874945776,0.0740740740740741,0.0555555555555556,0.0503924602971967,0.00867559639568398,0.469664092319443,0.222702643583692,0.170154495770822,0.131002626642618,0.0549229649296917,0.0272757055635768,0.20527343511054,0.111340325076468,0.102998032095091,0.0845022936381615,0.179651212224161,0.913744091315527,77.0965889469273,27.4890273109999,26.8859901767452,6.60601893554657,291.353029959623,8.90028331349159e-14,34.5887647889581,70.5160006709987,16.2608918537377,20.8109307114023,10.0503502406143,3.17347806910599,36.0170787132535,6.56978901871664,25.5864283915406,51.9543276827372,43.2191459030959,5.41241086971573,2.03622424525925,1.49366612093029,0.33289354693206,2.52766129658931,4.18014348381691e-14,7.7030093567955,11.9986145379487,2.13021954439119,1.14299801761659,0.274130393973818,0.651430744493349,4.01015325223837,0.676675340207752,2.16211188509376,9.33365794849505,39.4912392006576,0.18523099715259,0.0660446851037269,0.064595837998767,0.0158715124930174,0.700000000000002,2.13836743702564e-16,0.083102397650116,0.169420583944296,0.0390681514422346,0.0500000000000018,0.0241468062625091,0.00762454623753889,0.0865340412034553,0.0157844670904538,0.06147353221815,0.1248246135726,0.103837609433339
"8",4,0.377702352733449,2.56579059115353,1,1,1,1000,17.6242822384582,12.132333978857,10.5396208508945,0.823195858782804,760.854120732737,11.5362722364302,25.0472448326258,11.2054729637469,5.7237191473663,55.0000000000013,8.37908911420035,7.83263616463587,14.69858040113,46.3391802914132,20.7675125807977,91.4967386170116,0.0723052193472237,0.0740740740740741,0.0555555555555556,0.0504205281775642,0.00867554948306548,0.470037390309519,0.222825711332832,0.17025857063699,0.131083392758977,0.0549661782554506,0.0272809899693412,0.205477510043949,0.111436965981078,0.103066710319429,0.0845682391059726,0.179779715000465,0.914257997454692,76.9577745683585,27.4417452771369,26.840173781476,6.59791722150067,290.830811604756,1.93889632434321e-14,34.5442011706169,70.398795353185,16.2389603072097,20.7736294003402,10.0616255584569,3.16480167219671,35.9843086940149,6.55785095519425,25.5517178665718,51.9136538729521,43.1981668038534,5.56444877063936,2.03272187238051,1.49112076563756,0.33267047117991,2.52311709727716,9.11353768375001e-15,7.69733619826716,11.9859982713992,2.1286580119474,1.14184701663177,0.27449110593553,0.650295567385904,4.00998218378756,0.675896124716998,2.1608637861086,9.33302189791212,39.4942694758048,0.185229487551896,0.0660494725025954,0.0646015514771749,0.0158805115234047,0.700000000000001,4.66672502666169e-17,0.0831443569751272,0.169442695824817,0.0390855155694269,0.0500000000000012,0.0242173030156502,0.00761735374018213,0.0866105484038009,0.0157840761207741,0.0615003699501685,0.12495085204539,0.10397356661024
"9",4,0.376954456540604,2.33253690104867,1,1,1,1000,17.5832700122465,12.1234115164961,10.5318302556867,0.822439288476203,760.849026852924,11.5525479959627,25.0513445923398,11.1937775923319,5.71728402530634,55.000000000001,8.37024881300613,7.8262080193669,14.689551382436,46.303406934384,20.7567063503969,91.6289463971576,0.0746356510273874,0.0740740740740741,0.0555555555555556,0.0504523858972333,0.00867549770841839,0.470452264086037,0.22296253691954,0.170373938505255,0.13117299710994,0.0550141227470628,0.0272868171905545,0.205703484058409,0.111544161829189,0.103143201143326,0.0846414983351258,0.179921801944545,0.914827398960379,76.8047365935851,27.3895828943476,26.789629245139,6.58897806392192,290.254931536265,2.76134331437797e-14,34.4950010947355,70.2695520044278,16.2147443669812,20.7324951097336,10.0739767032782,3.15520259241636,35.9480687341282,6.54468952851924,25.5134569595517,51.8686279066462,43.1749246156609,5.73237151764923,2.02885799217389,1.48831273584105,0.332429663949394,2.51810599340001,1.29908021416796e-14,7.69109295512455,11.9721003319942,2.12693661598844,1.14058003081976,0.274886760684256,0.649036166170169,4.00979719632639,0.675040228460678,2.1594972247652,9.33229699735492,39.4976039864555,0.185227914409414,0.066054719293022,0.0646078272377407,0.01589046091425,0.7,6.65945729098861e-17,0.0831906649734147,0.169467185769258,0.0391046622250713,0.0500000000000009,0.0242951382599115,0.00760931710273285,0.0866949890591118,0.0157836514463875,0.0615301169119147,0.125090172774949,0.104123802724043
"10",4,0.376129375271152,2.12048809186242,1,1,1,1000,17.5382288689805,12.1136042438158,10.5232687918948,0.821623827889138,760.843429448247,11.5705178366167,25.0557643704035,11.1808819932354,5.71014655623838,55.0000000000021,8.36058503218038,7.81908647868906,14.6795818395864,46.2638485249093,20.7448639573584,91.7745667855929,0.077221145336869,0.0740740740740741,0.0555555555555556,0.0504867981762097,0.00867544081590596,0.470909954169113,0.223113510013546,0.170501243047094,0.131271866584921,0.0550670094836169,0.0272932738914175,0.20595294668083,0.111662359293878,0.103227304960644,0.0847221914690352,0.180079257265263,0.915457439121217,76.6359118049833,27.3320134183282,26.7338415383256,6.57907346542384,289.619618958788,1.75034994934907e-13,34.4405516125784,70.1268427875438,16.1879786953087,20.6871156399142,10.0876348891631,3.14466162505535,35.907892125867,6.5301854354817,25.4713003546438,51.8186133334085,43.1488880885571,5.91791288351608,2.02459358654283,1.48521341879586,0.33215635423531,2.5125778634022,8.24257214427878e-14,7.68415235708504,11.9567138662443,2.12502617957011,1.13917759313183,0.275324581946547,0.647652327994277,4.00955995204439,0.674093443398028,2.15798438561144,9.33145740159607,39.5009705904785,0.185226188945169,0.0660604742924969,0.0646147147907506,0.0159013793414735,0.700000000000002,4.23053165027021e-16,0.0832415504705,0.169494007787732,0.0391257509676116,0.0500000000000019,0.0243814436597922,0.00760053184743671,0.0867880586904704,0.0157832187656032,0.0615631990413876,0.12524368847591,0.104289280438174
"11",4,0.375218958532028,1.92771644714766,1,1,1,1000,17.4886299454779,12.1027272122142,10.5137743093329,0.820700451881462,760.83725274432,11.5903937737431,25.0605952489777,11.1666352087858,5.70229387046883,55.0000000000001,8.34982777231188,7.81124600239372,14.6685689218094,46.2202317076518,20.7316091701996,91.9355148751859,0.0800921951464808,0.0740740740740741,0.0555555555555556,0.0505258584791597,0.00867537803535256,0.471418486752372,0.223281320031153,0.170642367977341,0.131381545018234,0.0551256789218312,0.0273004063731908,0.206229959247279,0.111793710269704,0.103320937249467,0.0848119248475398,0.180253488797609,0.916156450134558,76.4496739011491,27.2684593599549,26.6722541065793,6.56813059631531,288.918598069662,9.5221811566367e-15,34.3803648256852,69.9693260674504,16.1584034600295,20.6370427192616,10.1026345830425,3.13301368064867,35.8634021125893,6.51418861230085,25.4248148708881,51.7631494033944,43.1199351794663,6.12302220097565,2.01988587851518,1.48179189480996,0.331860436982066,2.5064780596984,4.48893223144363e-15,7.6764932414316,11.9397314859284,2.12291601160666,1.13763099083813,0.275806029556911,0.646121283681343,4.00930278506071,0.673052072842725,2.15632748809237,9.33048827111374,39.5046067440521,0.18522439222795,0.066066780330168,0.064622277691185,0.0159134491449808,0.700000000000001,2.30706048491851e-17,0.0832977023243654,0.169523625597152,0.0391490284723501,0.0500000000000001,0.0244769435245032,0.00759075252028353,0.0868908462333034,0.0157827570086407,0.0615999472811042,0.125413195358367,0.104472175994529
"12",4,0.374213957089306,1.75246949740696,1,1,1,1000,17.4341214889546,12.0907448977712,10.5033103039154,0.819705068494726,760.83046494882,11.6124076340977,25.0657325706223,11.1509455308483,5.6937157594194,55.0000000000001,8.33802172179983,7.80251996806619,14.6563462735734,46.171843082592,20.7170835553591,92.1130372622588,0.083283519052125,0.0740740740740741,0.0555555555555556,0.050568077068032,0.00867530904362052,0.471980581477229,0.223466790177126,0.170798436860839,0.131502866983742,0.0551905464330682,0.0273083478112841,0.206534362600178,0.11193808172912,0.103423906069747,0.0849105729088183,0.180446948161617,0.916932897225975,76.2441023379577,27.1982673112176,26.6042271302304,6.55599091501473,288.144746958765,6.12444965489245e-15,34.3136799617115,69.7952738003195,16.1257114931952,20.5817676399119,10.119197019673,3.1202041028113,35.8140366730213,6.49652903747228,25.3735057217817,51.7015044574481,43.0874802167807,6.34987714967547,2.0146864674976,1.47801261834613,0.331523853847782,2.49974472916312,2.89062130934415e-15,7.66796792020883,11.9209236653688,2.12057729350784,1.13591900260518,0.27633855178414,0.644429365556592,4.00895456415437,0.671896408950915,2.15447890754166,9.32937869471074,39.5083280693396,0.185222434904246,0.0660736914998378,0.0646305691417872,0.015926695485332,0.7,1.48783373761737e-17,0.0833594095561817,0.169556072688756,0.0391747486788368,0.0500000000000001,0.0245829153178516,0.00758001974709076,0.0870042780085888,0.0157822426895791,0.0616407350566377,0.125600253005455,0.10467390597984
"13",4,0.373104132225359,1.59315408855178,1,1,1,1000,17.3741590742288,12.0775051325506,10.4917501024184,0.81858600504808,760.822991088303,11.6367879296828,25.0712477171035,11.133605816855,5.68404188719998,55.0000000000005,8.32500282969388,7.79297600426621,14.6428344469273,46.1184517792448,20.7009499608101,92.3091075392045,0.086834778420856,0.0740740740740741,0.0555555555555556,0.0506156811369128,0.0086752330786761,0.472603882944888,0.223672510024026,0.170971358937017,0.131637338473368,0.0552624243978146,0.0273171027040306,0.206874983860871,0.112099337449805,0.103538422790835,0.0850205813323575,0.180660719713646,0.917794294719158,76.0171281824748,27.1207141378919,26.5290623834524,6.54254207178059,287.290181813527,3.4672304466739e-15,34.2397994642294,69.6029392120866,16.0895327494225,20.5207272723949,10.1375475624508,3.1060929565466,35.7592806044075,6.47705679588548,25.3170229806328,51.6329256882166,43.0511368311403,6.60093048191501,2.00894178799199,1.47383679908069,0.331155223330083,2.49230928844758,1.63862657216282e-15,7.65850188888349,11.900109103101,2.11798326841406,1.1340251394789,0.276928427930463,0.642572930255942,4.00859166343573,0.670624244972643,2.15246801141806,9.32804151575442,39.5120877647944,0.185220355919685,0.0660812693865281,0.0646396739045898,0.015941301653041,0.7,8.44811784847933e-18,0.0834273537426961,0.169591794404185,0.0392031250546044,0.0500000000000004,0.0247007511670607,0.0075681843906308,0.0871296619504128,0.0157817427957309,0.0616864661875074,0.125806763578197,0.104896713112732
"14",4,0.371878138096652,1.44832189868344,1,1,1,1000,17.3082615973454,12.0628551553582,10.4789642695407,0.817349218693468,760.814760131825,11.6638005876261,25.077158885078,11.1144060218665,5.67350097820456,55,8.31057790914431,7.78236176697453,14.6279130174222,46.0593245093689,20.6829870371639,92.5257791586654,0.0907914460587671,0.0740740740740741,0.0555555555555556,0.0506684658276611,0.00867514941855813,0.47329536541065,0.223900758938988,0.171162992341106,0.131786453639044,0.0553421109447857,0.0273268314196181,0.20725097901418,0.112277534983385,0.103665300748781,0.0851422652603013,0.18089890681366,0.918752835022082,75.7664552775417,27.0349851367174,26.4459707431514,6.52762549467438,286.346166334422,1.98505429104899e-14,34.1578990014843,69.390303777151,16.0494630315151,20.4532975953159,10.1576755989108,3.09052223935975,35.6984108420107,6.45556861704982,25.2545963196622,51.5565605545083,43.0103930993331,6.87894603739491,2.0025914916087,1.46922059684174,0.330744769312678,2.48409577838241,9.3951699604201e-15,7.64797951019364,11.8770520339555,2.11510181573432,1.13192866470669,0.277577088706603,0.640513759772404,4.00812957216512,0.669218462190863,2.15023353889051,9.3265254433828,39.5159205954265,0.18521819018292,0.0660895511120634,0.0646496503067749,0.0159573913796896,0.700000000000001,4.85265097669042e-17,0.0835021806197819,0.169631091157258,0.0392344142960857,0.05,0.0248313885611215,0.00755507082649483,0.087268105975699,0.0157812415992232,0.0617372240392325,0.126034836960265,0.10514293086212
"15",4,0.370523089530792,1.3166562715304,1,1,1,1000,17.2357844546647,12.046652147611,10.4648233220366,0.815990668923978,760.805681281503,11.6936922195402,25.0835826544465,11.0932676254114,5.66185102262355,55.0000000000001,8.29469224985686,7.77057747888045,14.6113660577437,45.9936799419085,20.6631186486051,92.7652406671099,0.0952058656886032,0.0740740740740741,0.0555555555555556,0.0507266574200786,0.00867505714039356,0.474064235999642,0.224154736684775,0.171375592588437,0.131951939652834,0.055430543375974,0.0273376588461014,0.207667725942137,0.112474960211001,0.103805723752693,0.085277027144962,0.181163188456505,0.919820043822662,75.4894534679844,26.9401708579135,26.3540667543528,6.51107137173835,285.30277893871,4.22664660500829e-15,34.0670737770818,69.1550106390566,16.0051079386951,20.3787699241936,10.1799212995847,3.07337499912408,35.6307112876729,6.431840623939,25.1856574306341,51.4714267563312,42.9645794663063,7.18703876777898,1.99556821169729,1.46411481968626,0.330284886911852,2.47501790960638,2.00370199364374e-15,7.63629595212258,11.851480928728,2.1119050368638,1.12960629023201,0.278295215568208,0.638240797035514,4.00756283437066,0.667661871029958,2.1477579923759,9.32472778558241,39.5196813675201,0.185215922621423,0.0660986187049745,0.0646605924999069,0.0159751334255176,0.7,1.03702201377484e-17,0.083584715622697,0.169674153288703,0.0392690726629529,0.0500000000000001,0.0249767805845316,0.00754062931805169,0.0874211530436199,0.0157807381109474,0.0617938607784513,0.126286883231418,0.105415046212625
"16",4,0.369024620292162,1.19696024684582,1,1,1,1000,17.1560883407042,12.0287215570785,10.4491735869404,0.81448282448953,760.79569225398,11.7269250499818,25.0903059340972,11.0698401798825,5.64904409851046,55.0000000000001,8.2771419991097,7.75751655904661,14.5929602930617,45.9209143706998,20.6410982212849,93.0300893426666,0.100138553478256,0.0740740740740741,0.0555555555555556,0.050791502952808,0.00867495561113426,0.474918294838992,0.224436837938839,0.171611693004129,0.13213583824413,0.0555287617800203,0.0273497123717454,0.208129454020434,0.112693734722064,0.103961400116605,0.0854263863511004,0.181457806234202,0.921010159206762,75.1831953235799,26.8352438006415,26.2523517107281,6.49266812701256,284.148957624965,8.06637861839111e-15,33.9661617102715,68.8945725049665,15.9559165590658,20.296354116069,10.2045264836282,3.05446918332576,35.5553527458383,6.40561427944853,25.109569176019,51.3764066704159,42.9129917442793,7.52873642557647,1.98779583708456,1.45846398392934,0.329772372344761,2.46497959434664,3.83087077897201e-15,7.6232579311726,11.8231142263731,2.10834840948556,1.12703141271413,0.279090864217091,0.635725003447833,4.0068654902889,0.665936629098387,2.14501975754028,9.32265004660986,39.5233013584372,0.185213548437392,0.0661085327127686,0.064672580012643,0.0159946660614091,0.7,1.98714965561348e-17,0.0836755249638159,0.169721547305931,0.039307346698374,0.0500000000000001,0.0251388166201465,0.00752467454464518,0.0875904917270059,0.0157802092011617,0.0618573390876625,0.126565604779581,0.105716010616667
"17",4,0.367366665725566,1.08814567895074,1,1,1,1000,17.0683751760187,12.0088398568832,10.4318186031293,0.812810629545618,760.784687433385,11.7638810424703,25.0973692239905,11.0439335406595,5.63477540727035,55.0000000000002,8.25771177953949,7.74309357274381,14.5725849184002,45.8402971766793,20.616507762607,93.3233138030378,0.105659809248371,0.0740740740740741,0.0555555555555556,0.0508637372790357,0.00867484375729814,0.475869914916864,0.224751254896666,0.17187440847099,0.132340612223564,0.0556380829266039,0.0273630904579856,0.208645173511765,0.112937925757128,0.104134883007695,0.0855929978272316,0.181785412909983,0.922338323284941,74.8444233289399,26.719059572402,26.1397145326321,6.47219777159018,282.872332608686,1.92909493016566e-14,33.8539865121633,68.6061370096689,15.9013470015291,20.2051666149062,10.2316669687611,3.03360804297215,35.4713742469835,6.37664862935145,25.0255307046746,51.2701963002469,42.8548432828533,7.9080474922401,1.97918959795571,1.452206362924,0.329200167072124,2.45387328864282,9.17998240284485e-15,7.6087259518635,11.7916392160165,2.10439399736169,1.124176735666,0.279970028802192,0.632947676492609,4.00606343120912,0.664031558998692,2.14201019523053,9.32017380441628,39.5266642981459,0.185211101584593,0.0661193745185213,0.0646857188332905,0.0160161950033498,0.7,4.77376645026646e-17,0.0837755687874108,0.169773747272778,0.0393497052130174,0.0500000000000002,0.0253194323109733,0.00750701070867226,0.0877779800657891,0.0157797477023702,0.0619285432821234,0.126873975546489,0.106049220230725
"18",4,0.365530976358582,0.989223344500675,1,1,1,1000,16.9718739037154,11.9867753597974,10.4125603872127,0.810966007481245,760.772562508717,11.8050107082573,25.1047392568818,11.015187194197,5.61905522912521,55.0000000000005,8.23615225052997,7.72706905690669,14.5499097108126,45.7509320832308,20.5891020099025,93.6481035433722,0.111851727510465,0.0740740740740741,0.0555555555555556,0.0509438141465299,0.00867472051866751,0.476931386146349,0.225102068489649,0.172166995870317,0.132568855602213,0.0557598804899503,0.0273780128035102,0.209219146605314,0.113209781264141,0.104328157749687,0.0857785340238056,0.18215159984954,0.923822465789523,74.4694321953707,26.5903046623078,26.0148803263806,6.44939527444595,281.458851796109,4.85947116994545e-14,33.729142354771,68.2864427175321,15.8407190634716,20.1042036997222,10.2617089530569,3.01056877357415,35.3776362471744,6.34461359782824,24.9327500361441,51.1512751362853,42.789103402923,8.32953463777565,1.96965219720798,1.44527112924337,0.328556794218883,2.4415768768363,2.3176343210203e-14,7.59249971244076,11.756671701348,2.09998599816059,1.12100799564213,0.280945199102689,0.62986862960379,4.00509446118495,0.661921848295033,2.13869474728243,9.3172866004184,39.5295350146112,0.185208609372577,0.0661312058399892,0.0647001013194578,0.0160399172500802,0.700000000000002,1.20857091445324e-16,0.0838857953753159,0.169831254541249,0.0393965344265056,0.0500000000000005,0.0255213016798045,0.00748741113684543,0.0879856690062875,0.0157793208141737,0.0620087977831444,0.12721537221838,0.106418299481105
"19",4,0.3634970698427,0.899293949546068,1,1,1,1000,16.8657688008012,11.962317640175,10.3912132256918,0.808902465272972,760.759193496707,11.850774642468,25.1124513707065,10.9834224337132,5.60167973847785,55.0000000000008,8.2123858865582,7.70926946236885,14.5247039577752,45.6512739953868,20.5586562069292,94.0079870808135,0.118810729808771,0.0740740740740741,0.0555555555555556,0.0510338884087934,0.00867458463507607,0.478116001256352,0.225493776586547,0.172492931134392,0.132823273164939,0.0558955997447775,0.0273946787092508,0.209857215030592,0.113511858436954,0.104542688224216,0.0859846136959145,0.182560018068051,0.925486116777376,74.0540701551148,26.4475166944001,25.8764248433185,6.42397849794592,279.892743778879,5.6016896885443e-14,33.5900608693059,67.9316932199881,15.7733533430286,19.9923388413488,10.2948649483875,2.98517820618145,35.2728463546194,6.3091738238227,24.8299962906193,51.0178806861322,42.7145348071076,8.79841812043913,1.9590753106963,1.43757915796214,0.32784060180466,2.42795329465355,2.67825747416574e-14,7.57434968119178,11.7177368804381,2.0950684198082,1.117483769838,0.282024517616204,0.626461184719255,4.00388634207399,0.659577992016281,2.13499763911989,9.31382521985396,39.5317089485821,0.185206120061238,0.0661441287692186,0.0647158520287793,0.0160661004921039,0.700000000000001,1.40095907062129e-16,0.0840073318481237,0.16989431241404,0.039448494416286,0.0500000000000007,0.025747024973125,0.00746580535141654,0.0882159076897686,0.0157789788225627,0.0620987781561244,0.127593577447318,0.106827258046379
"20",4,0.361241663689343,0.817539954132789,1,1,1,1000,16.7489823524678,11.9351204469508,10.3674809327115,0.806648528846349,760.744445115065,11.901831499844,25.1203880398978,10.9481552789669,5.58241911961152,55.0000000000002,8.18598454380321,7.68945940229286,14.4965962137114,45.5404339932209,20.5246133344656,94.4074412725333,0.126650783950383,0.0740740740740741,0.0555555555555556,0.0511328745506857,0.00867443473151579,0.479442119351134,0.225932471918116,0.17285703066994,0.133107735556317,0.0560472804035685,0.0274133264433678,0.210570932321458,0.113849708348882,0.10478255418015,0.086215072928146,0.183017646680798,0.927353201749727,73.5936102945374,26.2890122447191,25.7227155385302,6.39558903343117,278.156081040794,6.67048549574488e-14,33.4349204500209,67.5377664798427,15.6983749343394,19.868291502914,10.3315560022093,2.95711867553872,35.1555477114414,6.26993013429467,24.7163469426132,50.8680380680108,42.6298764374299,9.32068843754213,1.94733424034956,1.42903975214056,0.327024851724177,2.41284677016259,3.19811170318093e-14,7.55403422565881,11.6743777717854,2.08957513942396,1.11356370500366,0.283222317356498,0.622683236493385,4.00244885379282,0.656979294002488,2.13092165417476,9.30974861847659,39.5329524044458,0.185203670591767,0.0661582105357765,0.0647330837046499,0.0160949647645677,0.7,1.67867616970654e-16,0.0841414080448673,0.169963699369766,0.0395061018005425,0.0500000000000002,0.026000111787906,0.00744180413073019,0.0884714916385375,0.0157787350094373,0.0622004839696165,0.128013115925319,0.107281183264242
"21",4,0.358738304692437,0.743218140120717,1,1,1,1000,16.6204932184367,11.9048805026378,10.3410847813411,0.804112420892083,760.72818508267,11.9589001518282,25.128359517498,10.9090000340089,5.56110066016597,55.000000000002,8.1567211003651,7.66738492175013,14.4652618113369,45.4168854062188,20.4865719309111,94.8510586445297,0.135507538686141,0.0740740740740741,0.0555555555555556,0.0512450105227896,0.00867426946348545,0.480927819280298,0.226424125228447,0.173264209460026,0.133426164853249,0.0562169771168711,0.0274342224721492,0.211368487539966,0.11422716605299,0.105050408495204,0.0864725027709973,0.183531204532546,0.929453223787201,73.0827001296398,26.1128891570529,25.5518957311096,6.36384440307816,276.228494613177,1.09456576486975e-13,33.2615516486556,67.0998667047949,15.6148166316875,19.7306067580848,10.3721949478781,2.926128299394,35.0239714324884,6.22646299391907,24.5905324333401,50.6992939521433,42.5333849705269,9.90325681510483,1.93428808570762,1.41954976283942,0.326115273401136,2.39608039576764,5.26407126357683e-14,7.53121773578763,11.6260053594794,2.0834250980528,1.10919506862123,0.284553103724589,0.618491312990804,4.00068900065404,0.654092480991469,2.1264048839823,9.30490248798647,39.5327917794383,0.185201349927306,0.0661735583634646,0.0647519258895585,0.016126834012519,0.700000000000001,2.77377624086823e-16,0.0842892265211956,0.170040048761558,0.0395700366013574,0.0500000000000018,0.0262845311222585,0.00741520100033191,0.0887554342902768,0.0157786911225322,0.0623157025398239,0.128478800915159,0.107785293914238
"22",4,0.355956819141095,0.675652854655197,1,1,1,1000,16.4790740362153,11.8712210320935,10.3117188482181,0.801272676651186,760.710246272499,12.02276231513,25.1362525948741,10.8655328485604,5.5374941839667,55.0000000000001,8.12421417958396,7.64280431926236,14.4302534957649,45.2789289654976,20.4439611830855,95.3442598976617,0.145543693660555,0.0740740740740741,0.0555555555555556,0.0513715345435351,0.00867408713231108,0.482596226937805,0.226976547093857,0.173720448367046,0.133783287979289,0.0564071878757733,0.0274576725076351,0.212261823411749,0.114649906402055,0.105350316635533,0.0867607872564284,0.184107844116683,0.931821683772487,72.5152171649255,25.91696568425,25.3618502474341,6.32828390164536,274.086750738643,5.03583269362026e-15,33.0675118744539,66.6124732460976,15.521576322021,19.5776250527602,10.4172333815936,2.89186943738569,34.8760803440981,6.17827047191149,24.4511302339489,50.5087908938615,42.4230493456669,10.5541325527805,1.91977523587037,1.40899168041301,0.325093655054672,2.37745235771902,2.43027385743118e-15,7.50554966624868,11.5719487191499,2.07652751498146,1.10431877451249,0.2860329826274,0.613833479848195,3.99853934712141,0.650882750475841,2.12139930840687,9.29906460040919,39.5307172720426,0.185199218417715,0.0661902697962744,0.0647725405382059,0.0161620316166826,0.7,1.28611940417928e-17,0.0844523066136457,0.170123988651795,0.0396411114223292,0.0500000000000001,0.0266049465998044,0.00738564925416723,0.0890712746058568,0.0157789069288576,0.0624466199757504,0.128996215725207,0.108345749883706
"23",4,0.352862668783937,0.614229867868361,1,1,1,1000,16.3233732663402,11.8336509448669,10.2789349334544,0.798108109805967,760.690439539664,12.0944276303054,25.1438142110404,10.8170818700988,5.51127035463648,55.000000000001,8.08809043376303,7.61527664009985,14.3910658803186,45.1247197097036,20.3961181682067,95.8936258522544,0.15695605883025,0.0740740740740741,0.0555555555555556,0.0515137436322215,0.00867388581553197,0.484475645306897,0.227599112722489,0.174233041969684,0.134185026904763,0.056621035604837,0.0274840967546798,0.21326530943553,0.115124600841441,0.105686794471035,0.0870843983859874,0.184759195498543,0.934499806503552,71.8841923745132,25.698729419808,25.1501281788199,6.28837014087523,271.704254963632,1.03120741120652e-14,32.8499634923973,66.0693356137991,15.4173380781675,19.4074467831169,10.4671474324483,2.85398517582345,34.7095111160459,6.12478465641952,24.2965469708518,50.2932994660669,42.2966009219935,11.2826595272991,1.90360958665245,1.39722934326777,0.323937487301564,2.35673168314873,4.99594875989533e-15,7.47662254383579,11.5114613249082,2.06877592481874,1.09886973530584,0.287680092778908,0.608656031646403,3.99591861263635,0.647308857162361,2.11585017581352,9.29214954831779,39.5261653773609,0.185197448118339,0.0662084242893934,0.0647950460972001,0.0162009207371517,0.7,2.65673126076434e-17,0.0846323678212404,0.170216454416034,0.0397201606436448,0.0500000000000009,0.0269668327560589,0.00735280948523912,0.0894231773605618,0.0157794704395319,0.062595938668214,0.129572168941407,0.108970029377562
"24",4,0.349415979011824,0.558390788971237,1,1,1,1000,16.1517879761021,11.7916220859762,10.2422607017936,0.794605347445835,760.668572863629,12.175071009581,25.1506375359057,10.7630716540952,5.48211137653783,55.0000000000008,8.04785828871624,7.58455713526548,14.347105534753,44.9521530951631,20.3421983457654,96.5063883752456,0.169984958954861,0.0740740740740741,0.0555555555555556,0.051672661434147,0.00867366356146427,0.486600204471123,0.228303258498391,0.17481079061359,0.134638458437293,0.0568622260466222,0.0275138807920478,0.21439579909766,0.115659207786363,0.106065459409143,0.0874487531259923,0.185494972833605,0.937537828027556,71.1815418562147,25.4552774986806,24.9139058737833,6.24345169145979,269.050303839104,4.43635163094477e-14,32.605497484328,65.4631949127325,15.3005985391369,19.2178788456506,10.5226997246862,2.8120502829002,34.5214492884954,6.06537789888028,24.1251603621847,50.0487473301655,42.1510927187896,12.0997914707723,1.88557611101337,1.38410588187685,0.322615765433254,2.33365181661013,2.15872961072352e-14,7.44394132063318,11.4436728587863,2.06004900047728,1.09277137105798,0.289520305835529,0.60289176750519,3.99272347634448,0.643327093334799,2.10971519263767,9.28379102636501,39.5182439165622,0.185196145807542,0.066228114203254,0.0648196038539972,0.0162438626593614,0.7,1.15422510116117e-16,0.084831155785197,0.170318471248842,0.0398082396658463,0.0500000000000007,0.0273773703362373,0.00731623480792385,0.0898159717983363,0.0157805602470355,0.0627674899918653,0.130214025523148,0.109666350426415
"25",4,0.345570766852569,0.507627989973852,1,1,1,1000,15.9627345766937,11.7446110013667,10.2012492396638,0.790670768131991,760.644400122041,12.265955961443,25.1564435503992,10.7028655999129,5.44972374941506,55.000000000001,8.00305743267929,7.55007653546625,14.2976856556035,44.7580223872499,20.2814861356448,97.1910140393692,0.18492694651201,0.0740740740740741,0.0555555555555556,0.051853092696397,0.00867341786853662,0.489006987531452,0.229101511563137,0.175463197108188,0.13515111733175,0.05713474100991,0.0275476325809366,0.215670457273384,0.116261815691356,0.106491991840547,0.0878593466679193,0.186329114656287,0.94099927658394,70.3979666458195,25.1832684732077,24.6499277656851,6.19281094471396,266.089490476479,4.88392683184765e-14,32.3302182419262,64.7854247086758,15.1696412973166,19.0063921768917,10.5842914078609,2.76562269417614,34.3084971538079,5.99929133700999,23.9344972454551,49.7703984735151,41.9829665659545,13.0184810124657,1.86542729431168,1.36944043142695,0.321116399967514,2.3079053413285,2.38827434736585e-14,7.40690186839138,11.3674577453961,2.05019397085419,1.08592529455948,0.291572170833318,0.596463111098615,3.98876817274342,0.638876484109932,2.1028692908108,9.27367428366066,39.505941167411,0.185195501572918,0.0662494708065281,0.0648464146595254,0.0162913899888991,0.700000000000002,1.28481165346723e-16,0.0850509079814593,0.170430621723791,0.039906682857361,0.0500000000000009,0.0278440308643366,0.00727550675698117,0.0902551542515298,0.0157822991369823,0.0629643359526055,0.130930683767611,0.110444334135647
"26",4,0.341273268496699,0.46147999088532,1,1,1,1000,15.7542582080394,11.691850576383,10.1552227422691,0.786253366042239,760.617683395888,12.3688128051686,25.1604536112791,10.6354619073661,5.41356385567203,55.0000000000006,7.95304719207389,7.51130396117073,14.2419862083104,44.5397856584278,20.2127816903707,97.9575387171643,0.202152266755614,0.0740740740740741,0.0555555555555556,0.0520581305515169,0.00867314631856468,0.491745090730464,0.230010206081598,0.176202868923742,0.135733267615257,0.0574439384458745,0.0275859809745163,0.217115454422491,0.116944577613994,0.106974622735592,0.0883243270972803,0.187279779662065,0.944954835575697,69.5226059211212,24.878762233345,24.3543522299339,6.13554045101648,262.780416742458,2.31060182733602e-14,32.0193385355612,64.0262374577533,15.0223092526455,18.7700297673186,10.6529831740233,2.71416240974755,34.0665975754029,5.92570750059732,23.7226247690127,49.4523974014099,41.7878617648732,14.0541523777119,1.84287127654407,1.35301956832966,0.319404765803128,2.27913300406074,1.13622710522533e-14,7.3647746551609,11.2816067264489,2.03902712198849,1.07822443458108,0.293872991160449,0.589286604968782,3.9839038642014,0.633900324317869,2.09528486970432,9.26143408909693,39.4876420430858,0.185195779609713,0.0662725700005622,0.0648756356059133,0.0163439816747105,0.7,6.15502973617852e-17,0.0852937873101083,0.170554437716537,0.0400167432840242,0.0500000000000005,0.0283776405953596,0.00723004290188535,0.0907473189912522,0.015785024248909,0.063192826711222,0.131732336108263,0.111315384905869
"27",4,0.336460593452128,0.4195272644412,1,1,1,1000,15.5241757462339,11.6324913435463,10.1034495446888,0.781269487314789,760.588104565343,12.4855966085932,25.1619851300342,10.5599347525506,5.37323459971579,55,7.89703114194577,7.46755579643829,14.179010444816,44.2931954230208,20.1347961898931,98.8181694112959,0.222129286357413,0.0740740740740741,0.0555555555555556,0.0522926542427617,0.0086728456782092,0.494874400363015,0.231049509335656,0.177044796224901,0.136396994930774,0.0577961812470954,0.0276297697358119,0.218758806251923,0.11772083804675,0.107522966310661,0.088852847130986,0.188367306893264,0.949501644460751,68.5427575672921,24.5371490484584,24.0226867374017,6.07059745156006,259.074656958138,3.40719491099325e-15,31.6673192345402,63.1738602799652,14.8561843212417,18.505332639867,10.7295087628166,2.65703978452901,33.7909105547961,5.84362914510836,23.4865218281739,49.0878198772931,41.5605249049719,15.2253538233917,1.81756659618211,1.33459370763343,0.31744765358142,2.24691451893292,1.6861335384977e-15,7.3167185711161,11.1846032200068,2.02633889755505,1.06953755929155,0.296453856494998,0.581250851427433,3.97789430887336,0.628324339701483,2.0868443336373,9.24654043154735,39.4617867419228,0.185197312853558,0.0662975087397152,0.0649074707407539,0.0164022921654536,0.7,9.20598126307913e-18,0.0855626857696077,0.170690961112113,0.0401402790491759,0.05,0.0289903158500956,0.0071791192199507,0.0913004678500039,0.0157890410802968,0.0634587939737318,0.132631552300607,0.112293374331018
"28",4,0.331058271573388,0.381388422219273,1,1,1,1000,15.2699152572298,11.5654370465093,10.0449686206265,0.775694976788202,760.555347913236,12.6187967619392,25.1598115851207,10.4749853808932,5.32806305408175,55.0000000000018,7.83424990967591,7.41814408009255,14.1075618433995,44.0141777305865,20.0458316839807,99.7870155736312,0.245459356736224,0.0740740740740741,0.0555555555555556,0.0525590699291168,0.00867251273856397,0.498472154960648,0.232245340855315,0.178008158364767,0.137157950033122,0.0581996557622997,0.0276799424413495,0.220636294991172,0.118607136503314,0.108148091615016,0.0894559483639258,0.189617727899045,0.954752934335001,67.4433746361225,24.1529396270756,23.6495759780209,5.99666015262914,254.914869111509,7.16433372014558e-14,31.267301954564,62.2145526472111,14.6682240495752,18.208204936537,10.8150822353301,2.59359323417128,33.475430382131,5.75193326352351,23.2233233924759,48.6678554483133,41.2941461265914,16.5546073543028,1.78910663904263,1.31386533211227,0.315178880303183,2.21075244961893,3.5712208683382e-14,7.26168520006378,11.0746979402179,2.01186354126627,1.05971125935586,0.299360853772398,0.572240801901721,3.97042494084059,0.622060605546998,2.07746441823608,9.22828817182834,39.4257071852214,0.185200504034287,0.0663243293648639,0.064942085341334,0.0164669174515834,0.700000000000001,1.96733663343434e-16,0.085860473516045,0.170842081534276,0.0402791601387957,0.0500000000000016,0.029698375740567,0.00712204537243264,0.0919240268296838,0.0157948937953289,0.0637715894384413,0.13364265071143,0.113394335879126
"29",4,0.314351876909755,0.346716747472066,1,1,1,1000,16.4505960544296,13.3715441047297,12.2177864385335,-1.51060626093985e-15,762.793412690427,13.2367245950688,22.7962119528009,10.1753760108586,5.17190994726355,55,7.59482463845294,7.23132942440611,13.8197801842801,42.8937845305189,19.6095140727279,97.6372053554495,0.272927711894497,0.0740740740740741,0.0555555555555556,-0.199999999999997,0.00869526100506716,0.430425226676096,0.208325767253594,0.169282511095715,0.128447586793192,0.0528669441667022,0.0278830737898298,0.227818374457849,0.122016497724523,0.110584894972577,0.0917873900864304,0.197109433578054,0.994523235345326,59.1834664524018,22.4576694078341,22.0949835199663,2.55429938220022e-15,242.050945220511,22.6540424687859,1.03971873440108e-14,57.6980215729304,13.6017776843121,17.2893532300365,10.5049973424831,2.38744737989813,31.1374566565171,5.39477357365699,21.8877395489177,45.2147568430251,38.3655484496359,16.1528080808387,1.66353106724697,1.22749908444257,-5.10859876440035e-16,2.10469614521556,9.75087136475708,2.1660020307204e-15,9.7672659771204,1.74711551964739,0.914035271890734,0.292911616062422,0.543904381192044,3.79928340927736,0.596580469043691,2.0090184880867,8.91225511069811,38.1554293699298,0.171155813826463,0.0649465283895604,0.0638976577839275,7.38691421308541e-18,0.700000000000001,0.0655144300870358,3.00681789702459e-17,0.166859976788179,0.0393357041855157,0.05,0.0303799604378286,0.00690438603495722,0.0900480666981298,0.0156014325749466,0.0632983179234619,0.130758959694554,0.110951369722102
"30",4,0.318111237629399,0.315197043156424,1,1,1,1000,14.6769272764234,11.403060122882,9.90338832106713,0.76213869620663,760.478682792285,12.9476155184889,25.1376533123716,10.2708231042315,5.22033996086163,55.0000000000001,7.68393864924703,7.29795877975754,13.9329057886336,43.3337817910559,19.8270767855498,102.123709999771,0.305579719838535,0.0740740740740741,0.0555555555555556,0.0532256672598011,0.00867173351271561,0.507474987110267,0.235241562743213,0.180399215908276,0.139052913738432,0.0592028629669118,0.0278050901393615,0.225284686008195,0.120799419853297,0.109690858841357,0.0909464866661831,0.192751428349448,0.968019853219763,64.8105903826193,23.2292059458229,22.7521434929096,5.81523111772115,244.945652974637,2.94091724482581e-15,30.2883800080835,59.9048586979295,14.2117141500723,17.496118069617,11.0185537034126,2.44434723358035,32.6940552981904,5.5340692745373,22.5998059194452,47.6163924295269,40.6083747241664,19.8048020516909,1.7206819219128,1.26400797182831,0.309519556510667,2.12410342769417,1.49244194091034e-15,7.12508584606185,10.8067895382025,1.97618026178525,1.03582028052844,0.306371878928783,0.550673999012147,3.94942291267301,0.607036811611561,2.05537294771115,9.17812765363916,39.3097129399807,0.185214200443602,0.066383885423595,0.0650205474219452,0.0166186324720214,0.7,8.40448502097413e-18,0.0865574291610465,0.171194714334827,0.0406139067349796,0.0500000000000001,0.0314885669483078,0.00698539877204275,0.0934323121509039,0.0158151346844976,0.0645852006414243,0.13607702074272,0.116049670454286
"31",4,0.310328742313406,0.28654276650584,1,1,1,1000,14.3307109627312,11.304172870418,9.81720310853446,0.753886646521146,760.433834525834,13.1520779242665,25.1125839723975,10.1475005176118,5.15599171789314,55,7.593527630635,7.22460914495031,13.8256014315237,42.9174749302848,19.6913770601444,103.539445813904,0.344838556488751,0.0740740740740741,0.0555555555555556,0.0536449751911068,0.00867127767458154,0.513169303327019,0.237139326854588,0.181897072484948,0.140244392095943,0.0598326503254797,0.027883734182148,0.228186255203983,0.122166648633097,0.110650952556245,0.0918753324699862,0.194734130584795,0.976480312684209,63.2291539426941,22.672069720975,22.2106202649117,5.70335950585796,238.953131581323,1.85243365363147e-15,29.6865610035987,58.5098309513955,13.933147989211,17.0680808272374,11.1398206141638,2.35648987933706,32.2072800907895,5.40446356538756,22.2303825097135,46.953860585174,40.1640824990699,21.8038501736036,1.67941257192408,1.23392334805065,0.305956579197714,2.07202895515247,9.50612087493586e-16,7.03985109302107,10.642766961648,1.95404586972971,1.02122851186312,0.310619796842157,0.537718600992009,3.93465547027921,0.598009041565656,2.04242378401489,9.14351921865352,39.2194358373661,0.185226313909273,0.0664165759187021,0.0650647852260807,0.0167076766380099,0.7,5.42660206610735e-18,0.0869651406742366,0.171401317885796,0.0408163874141503,0.05,0.0326334891629609,0.00690320693694091,0.0943494480041159,0.0158320774904085,0.0651226776306276,0.137548741010895,0.117658461152164
"32",4,0.301468241495865,0.260493424096218,1,1,1,1000,13.9450288385664,11.1903484989899,9.71805180571115,0.744404272053705,760.383864202595,13.3915952601163,25.0729479295055,10.0065631057696,5.08286801660328,55.0000000000007,7.49063553595132,7.13986802036407,13.7011829961847,42.4357024551066,19.5332955221379,105.163641499504,0.392693168332098,0.0740740740740741,0.0555555555555556,0.0541400592052042,0.00867076977630714,0.51993388837977,0.239396027468334,0.18366284809031,0.141653020263151,0.0605763433522626,0.0279767546754475,0.231596599017085,0.123771975716087,0.11177546250494,0.09296494048723,0.197090189523547,0.98659611404485,61.4295039876816,22.0361853182945,21.5923346232115,5.57350485080049,232.130545951816,1.9365290029072e-14,28.9895954882927,56.9157138478628,13.6123649397449,16.5807532822728,11.2769246871108,2.25818872270969,31.6378347863013,5.25816401298393,21.8145563454714,46.1723373142831,39.6293725901965,24.1229465499919,1.63231002357737,1.19957414573397,0.301749882602831,2.01275052199669,1.00686705444174e-14,6.93999399781121,10.4533021063916,1.92823260663908,1.00440140386611,0.315491755464796,0.522988828118299,3.91587731887965,0.587733714478111,2.02798893241208,9.1001147120172,39.0981849995233,0.185243405235875,0.066451098279879,0.0651126467405347,0.0168071521115975,0.7,5.83968945782955e-17,0.0874194163400497,0.171631870033054,0.0410486927463621,0.0500000000000006,0.0340060686481825,0.00680966866904666,0.0954052998910703,0.0158562277704407,0.0657827662413702,0.139234739605131,0.119504138067618
"33",4,0.29132599607692,0.236812203723834,1,1,1,1000,13.5139814335596,11.0583826427237,9.603036906112,0.733421805476389,760.328064528967,13.6747914280219,25.0129504561104,9.84433158550312,4.99946983552777,55.0000000000002,7.3728056637201,7.04131683452738,13.5557219612026,41.8744079173334,19.3472268994879,107.040089911568,0.452010920831461,0.0740740740740741,0.0555555555555556,0.0547319902942938,0.00867020262913048,0.528077622543122,0.242115760903432,0.185768788046532,0.143338530120771,0.0614652113765473,0.0280880024805568,0.235646070142852,0.125676238238879,0.113106115659028,0.0942562862663151,0.199925097644945,0.99884542867909,59.3704558513827,21.3064052385567,20.882425192202,5.42170763215586,224.321016979229,2.136298529034e-14,28.176862350904,55.0838004739916,13.2403579592687,16.0229297842307,11.4326769681584,2.14788995386482,30.9660848403142,5.09240189970496,21.3452451711751,45.2420622924184,38.9794510170634,26.8360944195671,1.57825223989309,1.16013473290011,0.296740849501653,1.94490867118253,1.12813144825464e-14,6.82206246796039,10.2328508550504,1.89785344815444,0.984852766059313,0.321121059041037,0.506141826727556,3.89170105571667,0.575981798250282,2.01192353927896,9.04502372147042,38.9344464608143,0.185267166026695,0.0664872327516719,0.065164191172934,0.0169185901241725,0.7,6.66637923838528e-17,0.0879266861003005,0.171890538171751,0.0413169068877141,0.0500000000000002,0.0356759878565097,0.00670255060338191,0.096630532796787,0.0158909823867442,0.06660843384642,0.141179119242426,0.1216364658086
"34",4,0.279640349801945,0.215283821567122,1,1,1,1000,13.0298344756431,10.9039065353327,9.46851600342274,0.720575567733121,760.265579988985,14.0137971198808,24.9238829241823,9.65605427191777,4.90359703004513,55.0000000000002,7.23687060035966,6.92552086091815,13.383909044846,41.213813335717,19.1259654893891,109.228184108589,0.527083421180458,0.0740740740740741,0.0555555555555556,0.055450960598341,0.00866956753781374,0.53804416429155,0.245448021191964,0.188318261049226,0.145386384950286,0.0625439121768589,0.0282230709730599,0.240522553572555,0.127966524641351,0.114701616281198,0.0958076592324351,0.203391339230509,1.01392317384412,56.9990124697694,20.4632346814004,20.0618415709547,5.24277123017939,215.323069347498,1.44255543045104e-14,27.2213661699951,52.9640686450606,12.8054508686493,15.380219239107,11.6106362890437,2.02372102615599,30.1660346096432,4.90374463592253,20.8135542091069,44.1234169373938,38.1807595154463,30.0432344964736,1.51579516158521,1.11454675394193,0.290716700910793,1.86675789215749,7.76158531021267e-15,6.68143046056716,9.97410130532963,1.86173820945143,0.961939081351547,0.327687812028065,0.48675054892951,3.86024261120674,0.562467435570566,1.99409790908193,8.97432086232267,38.7123568676805,0.185299739826982,0.0665245220606767,0.0652196215771222,0.0170438767766349,0.7,4.68964521254379e-17,0.0884947273728706,0.172182424130827,0.0416296109618814,0.0500000000000002,0.0377453536537422,0.00657897327305424,0.0980676352549663,0.0159417254061433,0.0676633859554637,0.143442093547022,0.124122936487033
"35",4,0.266067101891483,0.19571256506102,1,1,1,1000,12.4825221476022,10.7208511935912,9.30920175519165,0.705404930139036,760.1954062807,14.4260252801465,24.792349597053,9.43517977068131,4.79233118001943,55.0000000000006,7.07855155539468,6.78784056365359,13.1783603708801,40.4268914650155,18.8592612052218,111.809822800008,0.624637195909812,0.0740740740740741,0.0555555555555556,0.0563393142420355,0.00866885429493426,0.550504564824188,0.249618448641138,0.191464615236218,0.147924282514791,0.0638792145778633,0.0283901240283214,0.246499424718116,0.130769348501822,0.11664689662988,0.0977036124400238,0.207716227826975,1.03286946272283,54.2454037396948,19.4810040058126,19.1054105308509,5.02967462681305,204.871668456442,8.58094725603662e-15,26.0867983611755,50.4905654883475,12.2918810236685,14.6336906040317,11.8150939730214,1.88336969793331,29.2019729683698,4.68783754886378,20.2083410289954,42.7615099194567,37.186144394248,33.8836968829586,1.4430373337639,1.06141169615838,0.283368419335213,1.77600264300897,4.72385063496375e-15,6.51174613693081,9.66715669428553,1.81826768118334,0.934788662161003,0.335431983300351,0.464249547072094,3.81872298004154,0.546821701979984,1.97442791995279,8.88225953665532,38.4084329812204,0.185344234778171,0.066562169902805,0.0652788522315327,0.0171852568258734,0.7,2.93191495167753e-17,0.0891326701754535,0.17251480455121,0.0419985680860375,0.0500000000000006,0.0403694949303028,0.00643504686854062,0.0997765148879283,0.0160172771029213,0.0690473154578928,0.146106375611345,0.127056616818191
"36",4,0.250139538356283,0.177920513691837,1,1,1,1000,11.858437056818,10.500685522918,9.11772538151489,0.687165441194396,760.116218788,14.9367525457582,24.5983723022434,9.17243129906983,4.66178059820953,55.0000000000001,6.89192614544717,6.62142498177328,12.9283259127266,39.4743425612758,18.5321569333663,114.902261901109,0.755847502719452,0.0740740740740741,0.0555555555555556,0.0574681451879188,0.00866804943750705,0.566518856652052,0.254983694527061,0.195444721297,0.151149853179429,0.0655747348697239,0.0286019265958257,0.253988413059819,0.13427500763247,0.119069287870072,0.10007117751037,0.213258127855306,1.05732402765165,51.0148826335247,18.3249307861014,17.9789977747657,4.77276169293382,192.607444534338,6.14103242056245e-15,24.7232446958429,47.5733151914129,11.6776959407388,13.7576746095956,12.0519706131174,1.72394322440776,28.0231625616969,4.43908253684074,19.5156703156892,41.0776930795545,35.9269984350451,38.5594716400756,1.35740228045196,0.998833209709206,0.274281761916857,1.66953085125554,3.47901066556022e-15,6.30402427324258,9.29795332876004,1.76508202691669,0.902155864948165,0.344709578811431,0.437861603772553,3.76281036685779,0.528558396458101,1.95295610839519,8.76015192276064,37.9864786867763,0.185405179585885,0.0665989395232545,0.0653417030310699,0.0173458154389149,0.7,2.23185697976868e-17,0.0898525564727309,0.172897370163966,0.0424406604754047,0.0500000000000001,0.0438009000616697,0.00626538740495197,0.101845563864956,0.0161331135631912,0.0709264860141319,0.149290102598094,0.130570752160351
"37",4,0.231200557748835,0.161745921538033,1,1,1,1000,11.1380254688062,10.2302831786789,8.88280436643275,0.664837205656047,760.026345221885,15.5856053007111,24.3090138117507,8.85394670232875,4.50605520423655,55.0000000000001,6.66835459624713,6.41591637710994,12.6172977682641,38.2966415072032,18.121620139713,118.68325147192,0.940747091143862,0.0740740740740741,0.0555555555555556,0.058949275613754,0.00866713596895914,0.587893463175334,0.262149600757049,0.200653473527752,0.155394516982613,0.0678045873065104,0.0288795825010179,0.263662201174852,0.138793151296306,0.122173802171253,0.103116279902436,0.220619989693118,1.09005544691834,47.1738105596781,16.946014662207,16.6344768092609,4.45811836222939,178.024429466603,1.19354071078873e-15,23.0591454749462,44.0851418864111,10.9311074648623,12.7160306761859,12.3288596609912,1.54172730191934,26.5546527278049,4.15001224740492,18.7172926051655,38.9547965125961,34.2995424196914,44.3786250621887,1.25526034534867,0.924137600514497,0.262802848053798,1.54296193598342,7.01674781906337e-16,6.04494578005587,8.84583685047219,1.69863416458731,0.862205212175713,0.356052319723068,0.406495214035419,3.68560393367109,0.507022775322724,1.93005758329004,8.59420680510646,37.3884030413912,0.185489527986211,0.0666324857722419,0.0654075050338363,0.0175295203187044,0.700000000000001,4.69305532985206e-18,0.0906695888919587,0.173344744948485,0.0429816022909321,0.0500000000000001,0.0484776262929289,0.00606214054204284,0.104414079377519,0.0163180333277148,0.0735972296772551,0.153171998025882,0.134867331218091
"38",4,0.208277616611904,0.147041746852757,1,1,1,1000,10.2913767971378,9.88846029000125,8.58633761700307,0.63675309936765,759.923455155006,16.4381247913606,23.8680545886152,8.45753197750726,4.31604399523031,55.0000000000001,6.39436820088145,6.15425664000071,12.2181051198655,36.7967770018497,17.5896123529851,123.440747661761,1.21917426923266,0.0740740740740741,0.0555555555555556,0.0609871876397514,0.00866609020365251,0.617993821126962,0.27224068479942,0.207807118884589,0.161262304492454,0.0708874204840833,0.0292613859365724,0.276702266581545,0.144865922125098,0.126316399834999,0.107198395137541,0.230916329274479,1.13617983677981,42.5239557457944,15.2718389572918,15.0006359504234,4.06481607009008,160.373764791166,1.19041800620115e-15,20.9871874399831,39.8367786802733,10.0034632235523,11.4552689136548,12.6557804878736,1.33180376861854,24.6792369090718,3.81033586266665,17.7885694032438,36.2080114925143,32.1374308947287,51.844112671261,1.13124733016976,0.833368663912413,0.24790170038766,1.3898135119796,7.35670972390589e-16,5.71356628067478,8.27836620319061,1.61318153233555,0.812034464240493,0.370325677184211,0.368513121418593,3.57518041217644,0.481307908334235,1.90690609182051,8.36102110417954,36.5139009884952,0.185608718862574,0.0666585790015271,0.0654748311169833,0.0177421241732911,0.7,5.1959409035879e-18,0.0916049531363085,0.173879718496995,0.0436631531697527,0.0500000000000001,0.0552399973464954,0.00581306200080131,0.10772002427483,0.0166313680254364,0.0776436133334232,0.1580408620934,0.140273576888364
"39",-1,0.180186423257584,0.133674315320689,1,1,1,1000,10.4108748316691,11.2750521756661,10.3351419580252,0.00154124197386715,762.080920622464,17.0141944990889,22.5806326542381,7.84631675100147,4.03863407382348,55.0000000000784,5.96587259420112,5.73751195801879,11.5631480608989,34.3354028744367,16.7229178246042,125.091837818509,1.68329230234442,0.0740740740740741,0.0555555555555556,-0.203443809784405,0.00868801894095372,0.546611808949402,0.249478398782568,0.199619729453114,0.151812103113702,0.0650097717546916,0.0299549812117879,0.29947252794156,0.15547168758224,0.133554027844129,0.114328590336721,0.250531321720217,1.22769742795783,33.8101241613149,12.9103738823146,12.7410148220147,4.90107118092528e-07,138.743553196759,14.2677877645774,0.00139100492881836,33.7281279251831,8.57596884416683,9.91025327918121,12.5279864540417,1.07496924435954,21.5351417793568,3.33632093609541,16.2091625982862,31.5228610432057,28.1748135440435,56.9123217420504,0.956323991282565,0.707834156778592,-9.97092593071992e-08,1.20540661810866,7.7989412797018,0.000347025682340264,6.73279977138506,1.30193586647055,0.644263303710754,0.375275598852351,0.32192375706778,3.34810483475941,0.445579099196238,1.85317071040076,7.89746404155706,34.5901461212137,0.170581534138936,0.0651364476700825,0.0642819838358635,2.47272750900731e-09,0.700000036772116,0.0719849804170522,7.01800897330481e-06,0.170167840190749,0.0432681617844968,0.0500000000000712,0.0632071961287682,0.00542352054018284,0.108650814326951,0.0168326723955122,0.0817797595161388,0.15904165188932,0.142149815702851
"40",-1,0.14480574932344,0.12152210483699,1,1,1,1000,9.00028497573029,10.5920983665807,9.7218179716896,1.30151956642813e-09,761.909839985329,18.4134018545373,22.0373982181679,7.15263200172246,3.72022832314939,55.0000000000001,5.5118689105337,5.25077722488057,10.7960155133609,31.5321696668682,15.6885175328862,133.672950965814,2.60551213120529,0.0740740740740741,0.0555555555555556,-0.200000002863343,0.00868628002207012,0.602786681437522,0.269250527224479,0.213212192529507,0.162537109399201,0.0705632825098664,0.0309044979837082,0.329832549346768,0.169456575208587,0.142829741023194,0.123634868311964,0.276570185748755,1.34528554467782,27.1792547151149,10.3663321926751,10.2403105879714,0,111.500426979049,11.7150168297676,9.42337580378717e-10,27.234414216357,7.08859652086733,7.96431621278921,12.9760783416517,0.798150307762405,18.3423552986117,2.86093295028488,14.946902129726,26.7199731606818,24.1957647861001,70.8158778773503,0.767876458716672,0.568906143776187,0,0.968523931320399,7.06165611780033,2.5372489034041e-10,5.80670916732624,1.15215998819901,0.561988294920954,0.401019186946014,0.263255950771182,3.10823271016181,0.408626312373911,1.84795827648049,7.38994794025152,32.550212609165,0.170631438964403,0.0650798632029997,0.0642886992076442,0,0.7,0.0735469092183676,5.91599802921876e-12,0.170977730471221,0.0445022292653598,0.0500000000000001,0.0814638570026547,0.005010789918667,0.115153359111717,0.0179609452578663,0.0938366943901858,0.167748068049926,0.15190108064297
"41",-1,0.0948605063534938,0.1104746407609,1,1,1,1000,6.97808538540395,9.42993801337605,8.67795648715445,8.13862872342026e-15,761.673787230274,20.9550589332712,20.6760049153582,6.03400008910825,3.24565972655896,55,4.82276721429895,4.42036743235394,9.48208575458993,26.8181634796984,13.8822777505472,147.903847950585,5.3007767335855,0.0740740740740741,0.0555555555555556,-0.200000000000018,0.00868388071542649,0.734523230008571,0.315023775841573,0.243277396158058,0.186615412419732,0.0831176140546241,0.0330193954368505,0.39041402883411,0.19714558991715,0.160818192733872,0.141926035940876,0.337928069206872,1.62218130924579,17.8308286723214,6.7722359035359,6.70090255519004,0,73.0425898921902,7.89828759343122,3.86017220863367e-15,17.9722985910854,4.85842973100284,5.21732784944216,13.4379345183923,0.457490139973427,13.3100270956075,2.24326890780688,13.2943321818688,19.0009922705636,17.5377923852783,94.5172417667907,0.501647103965622,0.372272364177225,0,0.634293137769596,5.80147571466373,1.21604602456248e-15,4.3722540042144,0.906657867963382,0.433651842586375,0.443712473717299,0.178610568698906,2.62401314357679,0.360758451569589,1.88681186705385,6.42096863100627,28.4494790128316,0.170880853061859,0.0649013834185252,0.0642177638492328,0,0.7,0.0756928433611443,3.69937669246375e-17,0.172236622939145,0.0465605178666538,0.05,0.128781772069673,0.00438433383118087,0.127555977692974,0.0214982551656854,0.127405566273646,0.182095057267632,0.168072554489301
"42",-1,0.0065290300377034,0.100431491600818,1,1,1,1000,1.69299049882833,7.1333556792277,14.6155792936565,2.93862673530395e-07,771.027860080458,23.6733906910495,19.8759164604929,9.90220873291021,1.28693387094958,55.0000000000001,1.72656107481626,0.0756339548337516,3.08429591512436,10.2936813517291,6.68220511693837,173.929401676642,127.514821785018,0.0740740740740741,0.0555555555555556,-0.200000646499782,0.00877896688128653,1.96857473928601,0.796108965580443,0.568180654825775,0.398831038459334,0.19245909068341,0.60551793902592,1.65898091374763,0.754150498625537,0.482776465703184,0.495627522876367,8.1011295347765,6.98340750712316,1.1628675453673,0.439662991188503,0.488514653915922,4.78428251958291e-05,5.09093578974858,0.568478090051848,0.000239223719170258,1.10348898106268,0.398049524460986,0.359096652073688,0.917646482004152,0.0112727691194048,0.977884316718451,0.111902108875428,0.801324940347309,1.46796376879054,1.41948785998322,148.282847807092,0.0325676289769261,0.027139702995329,-9.56859596954187e-06,0.0446931566929591,1.11909160791362,0.00019044814761094,0.626981091853219,0.158754505199019,0.0691114151255586,0.55565140653754,0.0187013088141763,0.737471945051312,0.054023704627612,0.39715869520339,11.8921646433309,9.91286217767701,0.161915676274347,0.0612179184419524,0.068019939909615,6.66155266549404e-06,0.708853140282678,0.0791539111780964,3.33090990668954e-05,0.153647907142871,0.0554237309318197,0.0500000000000001,0.127771517320614,0.00156960097710569,0.136158929785537,0.0155810571094472,0.111575105994427,0.204396749498142,0.197647047359821
"43",-1,0.000167373462901523,0.0913013560007435,1,1,1,1000,0.237992613461633,4.18373789710372,4.04721584843915,0.057573249827014,769.793022224659,31.2376349380413,8.00903510941372,1.73804455822675,0.398790533997691,55.5184765862742,3.97142978393109,0.000739487017313578,5.4592788251432,8.78497409698177,8.79858251385775,183.510253094293,-6.27282456951923,0.0740740740740741,0.0555555555555556,-0.498540776993282,0.00876641346137159,3496.29627758947,9.88921973167678,4.70923744951766,4.22521979006675,-3.83323585321449,49.6101100803194,2.38130818670802,0.99942973925326,0.493584824841409,0.604607325694757,3424.02120596506,7.06703638424428,0.0299212033160639,0.0108595295123871,0.0108366793443397,5.54124750019122e-05,0.130163198932729,0.0128775073096082,0.00032524354597977,0.0303301626237649,0.00921871617119279,0.00929231968126184,0.0231169730262799,0.000664711955606794,0.0264932748177408,0.00322543570453716,0.0199639499571359,0.0400297100884298,0.0383934331729085,-0.187690459310586,0.000804409593510156,0.000602037741352206,-2.76253783425741e-05,0.00114106441929907,45.0235808712145,0.00321640489250367,0.142831937677794,0.0389511020055321,-0.0356196529617435,1.14683557655752,0.00158288402168916,0.0264781667430597,0.0015920261172612,0.0120703503938879,137.062576211417,0.271327789148996,0.162517363578112,0.0589836607642161,0.0588595498108847,0.000300973502018684,0.706982927858504,0.0699443306242906,0.00176656410021621,0.164738630811125,0.0500715640307425,0.0504713423511583,0.125560107675227,0.00361039071266463,0.143898530097486,0.0175189915176528,0.108434426228347,0.217421835600947,0.208534378516242
"44",-1,0.000167289252641439,0.0830012327279486,1,1,1,1000,0.237992613461633,4.18373789710372,4.04721584843915,0.057573249827014,769.793022224659,31.2376349380413,8.00903510941372,1.73804455822675,0.398790533997691,55.5184765862742,3.97142978393109,0.000739487017313578,5.4592788251432,8.78497409698177,8.79858251385775,183.510253094293,-3.18552873686485,0.0740740740740741,0.0555555555555556,-0.498540776993282,0.00876641346137159,3496.29627758947,9.88921973167678,4.70923744951766,4.22521979006675,-3.83323585321449,49.6101100803194,2.38130818670802,0.99942973925326,0.493584824841409,0.604607325694757,3424.02120596506,7.06703638424428,0.0299061491236633,0.0108540657800321,0.0108312271085419,5.53845954393404e-05,0.130097710194876,0.0128710282763076,0.000325079906875202,0.0303149026725237,0.00921407797781996,0.00928764445590903,0.023105342232024,0.000664377520471783,0.0264799453118311,0.00322381289782184,0.0199539055367777,0.0400095700241735,0.038374116365232,-0.095266897442395,0.000804004872594968,0.000601734839363438,-2.76114792437873e-05,0.00114049031794598,45.0009282512032,0.0032147866294419,0.142760074943932,0.0389315046191031,-0.0356017317202993,1.14625857157416,0.00158208762856423,0.0264648448384439,0.00159122512449287,0.012064277463757,136.993616204314,0.271191276566319,0.162517363578112,0.0589836607642161,0.0588595498108847,0.000300973502018684,0.706982927858504,0.0699443306242906,0.00176656410021621,0.164738630811125,0.0500715640307425,0.0504713423511583,0.125560107675227,0.00361039071266463,0.143898530097486,0.0175189915176528,0.108434426228347,0.217421835600947,0.208534378516242
"45",-1,-0.00010866992524713,0.0754556661163169,1,1,1,1000,2.55279303930837,7.23956070250699,7.10163290736966,0.00025039128482036,772.912458776015,31.2470465131956,8.41647528457189,1.52962790427121,1.64226907328747,56.1499565933651,4.13996207265984,-0.000401957990974616,5.18585417985241,5.73713030242456,11.6509604255017,183.58730842251,-2.19084304999467,0.0740740740740741,0.0555555555555556,-0.200552243596441,0.00879812640286677,1.69500511704111,0.646957433018271,0.482388430783943,0.38503504685131,0.171168831352504,-104.955916092084,0.6907072849191,0.3218226615128,0.219808559695439,0.216427054825285,-6915.47469648033,9.06175746050233,-0.0198065561535954,-0.00741918803450602,-0.00740419943131895,-5.11002617075846e-05,-0.0848594982546961,-0.00841595401076342,-0.000255637358548943,-0.0197365295644817,-0.00603909652875947,-0.00610181158563057,-0.0154469671947253,-0.000449889368961897,-0.0174922187939498,-0.00210824310553961,-0.0129810272768778,-0.0263448116293522,-0.024938023853245,0.0433930558934338,-0.000549569484037483,-0.000411344412851053,1.02482721338214e-05,-0.000746604592128668,-0.0142650851130267,-0.000165386489270395,-0.00952067352573123,-0.00232526381489048,-0.00104443995824556,1.62125059276677,-0.000310741864549639,-0.00562939240803313,-0.000463409880516501,-0.00280944550214135,182.186878206326,-0.225982323702328,0.165694051032834,0.0620660811136761,0.0619406922090058,0.000427485187505993,0.709902010495748,0.070404642913972,0.00213856407973369,0.165108235450343,0.0505207649764414,0.0510454150848774,0.129223402130952,0.00376360188423621,0.146333192456382,0.0176367531038701,0.108594294706965,0.220390588283663,0.208621941389216
"46",-1,-0.000108675664100014,0.0685960601057426,1,1,1,1000,2.55279303930837,7.23956070250699,7.10163290736966,0.00025039128482036,772.912458776015,31.2470465131956,8.41647528457189,1.52962790427121,1.64226907328747,56.1499565933651,4.13996207265984,-0.000401957990974616,5.18585417985241,5.73713030242456,11.6509604255017,183.58730842251,-1.70137260436731,0.0740740740740741,0.0555555555555556,-0.200552243596441,0.00879812640286677,1.69500511704111,0.646957433018271,0.482388430783943,0.38503504685131,0.171168831352504,-104.955916092084,0.6907072849191,0.3218226615128,0.219808559695439,0.216427054825285,-6915.47469648033,9.06175746050233,-0.0198076021367564,-0.00741957984142551,-0.00740459044669111,-5.11029603096462e-05,-0.0848639796802168,-0.0084163984568403,-0.000255650858744044,-0.0197375718495423,-0.00603941545312106,-0.00610213382197093,-0.0154477829482288,-0.000449913127595179,-0.0174931425570797,-0.00210835444174418,-0.0129817128042273,-0.0263462028974318,-0.0249393408289381,0.0337001116336847,-0.00054959850677226,-0.000411366135927284,1.02488133445194e-05,-0.000746644020276865,-0.0142658384514012,-0.000165395223321963,-0.00952117631198604,-0.00232538661194699,-0.00104449511506335,1.62133621092303,-0.000310758274810727,-0.00562968969594223,-0.000463434353167269,-0.00280959386880662,182.196499485526,-0.22599425781664,0.165694051032834,0.0620660811136761,0.0619406922090058,0.000427485187505993,0.709902010495748,0.070404642913972,0.00213856407973369,0.165108235450343,0.0505207649764414,0.0510454150848774,0.129223402130952,0.00376360188423621,0.146333192456382,0.0176367531038701,0.108594294706965,0.220390588283663,0.208621941389216
"47",-1,-0.00010867906638903,0.0623600546415842,1,1,1,1000,2.55279303930837,7.23956070250699,7.10163290736966,0.00025039128482036,772.912458776015,31.2470465131956,8.41647528457189,1.52962790427121,1.64226907328747,56.1499565933651,4.13996207265984,-0.000401957990974616,5.18585417985241,5.73713030242456,11.6509604255017,183.58730842251,-1.41121359838007,0.0740740740740741,0.0555555555555556,-0.200552243596441,0.00879812640286677,1.69500511704111,0.646957433018271,0.482388430783943,0.38503504685131,0.171168831352504,-104.955916092084,0.6907072849191,0.3218226615128,0.219808559695439,0.216427054825285,-6915.47469648033,9.06175746050233,-0.0198082222497112,-0.00741981212484615,-0.00740482226084153,-5.11045601806199e-05,-0.0848666365012107,-0.00841666194747788,-0.00025565886235843,-0.0197381897700718,-0.00603960452798919,-0.00610232486035149,-0.0154482665691266,-0.000449927212942665,-0.0174936902116744,-0.00210842044760867,-0.012982119220321,-0.0263470277131573,-0.0249401216002917,0.0279536325985272,-0.000549615712951566,-0.000411379014491196,1.02491342022327e-05,-0.000746667395323799,-0.0142662850693802,-0.000165400401319782,-0.00952147438970061,-0.0023254594123977,-0.0010445278148797,1.6213869697974,-0.000310768003662846,-0.00562986594360148,-0.000463448861821275,-0.00280968182824481,182.202203477805,-0.226001332977279,0.165694051032834,0.0620660811136761,0.0619406922090058,0.000427485187505993,0.709902010495748,0.070404642913972,0.00213856407973369,0.165108235450343,0.0505207649764414,0.0510454150848774,0.129223402130952,0.00376360188423621,0.146333192456382,0.0176367531038701,0.108594294706965,0.220390588283663,0.208621941389216
"48",-1,-0.000108681309272162,0.0566909587650766,1,1,1,1000,2.55279303930837,7.23956070250699,7.10163290736966,0.00025039128482036,772.912458776015,31.2470465131956,8.41647528457189,1.52962790427121,1.64226907328747,56.1499565933651,4.13996207265984,-0.000401957990974616,5.18585417985241,5.73713030242456,11.6509604255017,183.58730842251,-1.21994268244501,0.0740740740740741,0.0555555555555556,-0.200552243596441,0.00879812640286677,1.69500511704111,0.646957433018271,0.482388430783943,0.38503504685131,0.171168831352504,-104.955916092084,0.6907072849191,0.3218226615128,0.219808559695439,0.216427054825285,-6915.47469648033,9.06175746050233,-0.0198086310453426,-0.00741996525250918,-0.00740497507914863,-5.11056148598677e-05,-0.0848683879511798,-0.00841683564780248,-0.000255664138562661,-0.0197385971203957,-0.00603972917137792,-0.00610245079814199,-0.0154485853854144,-0.000449936498393765,-0.0174940512407483,-0.00210846396050232,-0.012982387141064,-0.0263475714545235,-0.0249406363063883,0.0241653944930186,-0.000549627055741421,-0.000411387504397146,1.02493457205221e-05,-0.000746682804802016,-0.0142665794923192,-0.000165403814799327,-0.00952167089078412,-0.00232550740447072,-0.00104454937150412,1.62142043145295,-0.000310774417191564,-0.00562998213093892,-0.000463458426327755,-0.00280973981354214,182.205963707465,-0.22600599711909,0.165694051032834,0.0620660811136761,0.0619406922090058,0.000427485187505993,0.709902010495748,0.070404642913972,0.00213856407973369,0.165108235450343,0.0505207649764414,0.0510454150848774,0.129223402130952,0.00376360188423621,0.146333192456382,0.0176367531038701,0.108594294706965,0.220390588283663,0.208621941389216
"49",-1,-0.000108682892961703,0.0515372352409787,1,1,1,1000,2.55279303930837,7.23956070250699,7.10163290736966,0.00025039128482036,772.912458776015,31.2470465131956,8.41647528457189,1.52962790427121,1.64226907328747,56.1499565933651,4.13996207265984,-0.000401957990974616,5.18585417985241,5.73713030242456,11.6509604255017,183.58730842251,-1.08489191698998,0.0740740740740741,0.0555555555555556,-0.200552243596441,0.00879812640286677,1.69500511704111,0.646957433018271,0.482388430783943,0.38503504685131,0.171168831352504,-104.955916092084,0.6907072849191,0.3218226615128,0.219808559695439,0.216427054825285,-6915.47469648033,9.06175746050233,-0.0198089196940717,-0.00742007337525301,-0.00740508298345765,-5.11063595640699e-05,-0.0848696246420075,-0.00841695829680872,-0.000255667864066383,-0.0197388847485997,-0.0060398171815057,-0.00610253972224094,-0.0154488105001398,-0.000449943054808397,-0.0174943061617293,-0.00210849468475788,-0.0129825763186776,-0.0263479553878199,-0.0249409997380135,0.0214905368604019,-0.000549635064833556,-0.000411393499080981,1.02494950726207e-05,-0.000746693685364239,-0.0142667873830124,-0.000165406225041651,-0.00952180963930214,-0.00232554129145439,-0.00104456459253822,1.62144405857518,-0.000310778945754914,-0.00563006417028749,-0.000463465179782117,-0.00280978075669588,182.208618788461,-0.22600929044833,0.165694051032834,0.0620660811136761,0.0619406922090058,0.000427485187505993,0.709902010495748,0.070404642913972,0.00213856407973369,0.165108235450343,0.0505207649764414,0.0510454150848774,0.129223402130952,0.00376360188423621,0.146333192456382,0.0176367531038701,0.108594294706965,0.220390588283663,0.208621941389216
"50",-1,-0.000108684066183937,0.0468520320372533,1,1,1,1000,2.55279303930837,7.23956070250699,7.10163290736966,0.00025039128482036,772.912458776015,31.2470465131956,8.41647528457189,1.52962790427121,1.64226907328747,56.1499565933651,4.13996207265984,-0.000401957990974616,5.18585417985241,5.73713030242456,11.6509604255017,183.58730842251,-0.984846713961886,0.0740740740740741,0.0555555555555556,-0.200552243596441,0.00879812640286677,1.69500511704111,0.646957433018271,0.482388430783943,0.38503504685131,0.171168831352504,-104.955916092084,0.6907072849191,0.3218226615128,0.219808559695439,0.216427054825285,-6915.47469648033,9.06175746050233,-0.0198091335296109,-0.00742015347428999,-0.00740516292067468,-5.11069112527092e-05,-0.0848705408021125,-0.00841704915713041,-0.000255670623978403,-0.0197390978281179,-0.00603988238079893,-0.00610260559861846,-0.0154489772686852,-0.000449947911903949,-0.0174944950112198,-0.00210851744577184,-0.0129827164644427,-0.0263482398116721,-0.0249412689739036,0.0195089600630695,-0.000549640998095554,-0.000411397940037482,1.0249605715015e-05,-0.000746701745856648,-0.0142669413917226,-0.000165408010587247,-0.00952191242639653,-0.00232556639546732,-0.00104457586852077,1.62146156192064,-0.000310782300586195,-0.00563012494633314,-0.000463470182847814,-0.00280981108803108,182.210585714414,-0.226011730198667,0.165694051032834,0.0620660811136761,0.0619406922090058,0.000427485187505993,0.709902010495748,0.070404642913972,0.00213856407973369,0.165108235450343,0.0505207649764414,0.0510454150848774,0.129223402130952,0.00376360188423621,0.146333192456382,0.0176367531038701,0.108594294706965,0.220390588283663,0.208621941389216
